{"last_tab":"","layout_ui":"yes","layout_set":"2","xamin_layout_image":{"url":"","id":"","height":"","width":"","thumbnail":""},"xamin_layout_color":"#ffffff","is_page_spacing":"default","page_spacing":{"units":"px","top":"130px","bottom":"130px"},"page_spacing_tablet":{"units":"px","top":"70px","bottom":"70px"},"page_spacing_mobile":{"units":"px","top":"40px","bottom":"40px"},"smoth_scroll":"on","smooth_framerate":"150","smooth_animationTime":"1000","smooth_stepSize":"100","smooth_accelarationDelta":"50","smooth_accelarationMax":"3","xamin_back_to_top":"yes","xamin_fevicon":{"url":"https:\/\/wordpress.iqonic.design\/product\/wp\/xamin-elementor\/wp-content\/themes\/xamin-theme\/assets\/images\/redux\/favicon.ico","id":"","height":"","width":"","thumbnail":""},"primary_color":"","secondary_color":"","title_color":"","sub_title_color":"","text_color":"","xamin_page_banner_image":{"url":"https:\/\/wordpress.iqonic.design\/product\/wp\/xamin-elementor\/wp-content\/uploads\/2022\/02\/992-Converted11.jpg","id":"18746","height":"1080","width":"1920","thumbnail":"https:\/\/wordpress.iqonic.design\/product\/wp\/xamin-elementor\/wp-content\/uploads\/2022\/02\/992-Converted11-150x150.jpg"},"xamin_shop_banner_image":{"url":"https:\/\/wordpress.iqonic.design\/product\/wp\/xamin-elementor\/wp-content\/uploads\/2021\/12\/course-img-2.jpg","id":"16743","height":"703","width":"1170","thumbnail":"https:\/\/wordpress.iqonic.design\/product\/wp\/xamin-elementor\/wp-content\/uploads\/2021\/12\/course-img-2-150x150.jpg"},"bg_image":"2","display_banner":"yes","display_breadcrumbs":"yes","display_title":"yes","breadcum_title_tag":"h2","bg_title_color":"","bg_type":"1","banner_image":{"url":"https:\/\/wordpress.iqonic.design\/product\/wp\/xamin-elementor\/wp-content\/themes\/xamin-theme\/assets\/images\/redux\/bg.jpg","id":"","height":"","width":"","thumbnail":""},"bg_color":"#eff1fe","bg_video_link":"http:\/\/localhost\/xamin\/wordpress\/wp-content\/uploads\/2019\/08\/SampleVideo.mp4","bg_opacity":"1","opacity_color":{"color":"","alpha":"1","rgba":""},"header_layout":"custom","menu_style":"header-1","xamin_header_variation":"1","xamin_vertical_hedader_collapsed":"expanded","header_container":"container","xamin_header_background_type":"default","xamin_header_background_color":"","xamin_header_background_image":{"url":"","id":"","height":"","width":"","thumbnail":""},"header_menu_color_type":"default","xamin_header_menu_color":"","xamin_header_menu_active_color":"","xamin_header_menu_hover_color":"","xamin_vertical_header_active_background_color":"","header_submenu_color_type":"default","xamin_header_submenu_color":"","xamin_header_submenu_active_color":"","xamin_header_submenu_hover_color":"","xamin_header_submenu_background_color":"","header_submenu_background_active_color":"","header_submenu_background_hover_color":"","xamin_vertical_menu_wave_effect_color":"","xamin_vertical_submenu_line__color":"","responsive_menu_button_type":"default","responsive_menu_button_background_color":"","responsive_menu_color":"","responsive_menu_hover_color":"","responsive_menu_background_color":"","responsive_menu_active_background_color":"","header_display_button":"yes","xamin_download_title":"Get Started","xamin_download_link":"","header_button_color_type":"default","xamin_download_btn_background":"","xamin_download_btn_background_hover":"","xamin_download_btn_text":"","xamin_download_btn_text_hover":"","header_display_search":"yes","header_display_shop":"yes","wishlist_link":"6244","email_and_button":"yes","header_top_background_type":"default","header_top_background_color":"","header_top_background_image":{"url":"","id":"","height":"","width":"","thumbnail":""},"header_top_text_color_type":"default","header_top_text_color":"#ffffff","header_top_text_hover_color":"#ffffff","header_top_icon_color":"#ffffff","header_top_icon_hover_color":"#ffffff","header_phone":"+0123456789","header_email":"support@example.com","header_address":"","header_display_contact":"yes","xamin_header_social_media":"yes","sticky_header_display":"yes","sticky_header_background_type":"default","sticky_header_background_color":"","sticky_header_background_image":{"url":"","id":"","height":"","width":"","thumbnail":""},"sticky_menu_color_type":"default","sticky_menu_color":"","sticky_menu_active_color":"","sticky_menu_hover_color":"","sticky_header_submenu_color_type":"default","sticky_xamin_header_submenu_color":"","sticky_xamin_header_submenu_active_color":"","sticky_xamin_header_submenu_hover_color":"","sticky_xamin_header_submenu_background_color":"","sticky_header_submenu_background_active_color":"","sticky_header_submenu_background_hover_color":"","header_display_side_area":"yes","sidearea_background_type":"default","sidearea_background_color":"","sidearea_background_image":{"url":"","id":"","height":"","width":"","thumbnail":""},"sidearea_width":{"width":"px","units":"px"},"sidearea_btn_color_type":"custom","sidearea_btn_open_color":"","sidearea_btn_open_hover":"","sidearea_btn_line_color":"","sidearea_btn_line_hover_color":"","sidearea_btn_close_color":"","sidearea_btn_close_hover":"","sidearea_btn_close_line_color":"","sidearea_btn_close_line_hover_color":"","header_radio":"2","xamin_logo":{"url":"https:\/\/wordpress.iqonic.design\/product\/wp\/xamin-elementor\/wp-content\/uploads\/2019\/10\/logo.png","id":"1726","height":"254","width":"600","thumbnail":"https:\/\/wordpress.iqonic.design\/product\/wp\/xamin-elementor\/wp-content\/uploads\/2019\/10\/logo-150x150.png"},"logo-dimensions":{"width":"","height":"","units":"px"},"header_text":"xamin","header_color":"#ffffff","has_vertical_header_logo":"no","vertical_header_radio":"2","xamin_vertical_logo":{"url":"https:\/\/wordpress.iqonic.design\/product\/wp\/xamin-elementor\/wp-content\/themes\/xamin-theme\/assets\/images\/redux\/logo.png","id":"","height":"","width":"","thumbnail":""},"vertical-logo-dimensions":{"width":"","height":"","units":"px"},"vertical_header_text":"xamin","vertical_header_color":"#ffffff","xamin_display_loader":"yes","loader_color":"#ffffff","xamin_loader_gif":{"url":"https:\/\/wordpress.iqonic.design\/product\/wp\/xamin-elementor\/wp-content\/themes\/xamin-theme\/assets\/images\/redux\/loader.gif","id":"","height":"","width":"","thumbnail":""},"loader-dimensions":{"width":"","height":"","units":"px"},"xamin_page_variation":"3","xamin_search_variation":"3","xamin_blog_banner_image":{"url":"https:\/\/wordpress.iqonic.design\/product\/wp\/xamin-elementor\/wp-content\/themes\/xamin-theme\/assets\/images\/redux\/bg.png","id":"","height":"","width":"","thumbnail":""},"xamin_blog":"1","xamin_deafult_blog_styles":"default","xamin_display_pagination":"yes","xamin_display_image":"yes","xamin_blog_type":"1","xamin_display_comment":"yes","xamin_display_feature_image_banner":"yes","posts_select":["video","quote","link","audio","gallery","image"],"four_zero_four_layout":"default","404_layout":"404","xamin_404_banner_image":{"url":"https:\/\/wordpress.iqonic.design\/product\/wp\/xamin-elementor\/wp-content\/themes\/xamin-theme\/assets\/images\/redux\/404.png","id":"","height":"","width":"","thumbnail":""},"xamin_fourzerofour_btn_text":"Back to Home","xamin_fourzerofour_title":"Oops! This Page is Not Found.","xamin_four_description":"The requested page does not exist.","address":"1234 North Avenue Luke Lane, South Bend, IN 360001","phone":"+0123456789","email":"support@example1.com","footer_layout":"default","footer_style":"footer-style-2","display_footer":"no","footer_image":{"url":"\/wp_themes\/live\/xamin-elementor\/wp-content\/themes\/xamin\/assets\/images\/redux\/footer-img.jpg","id":"","height":"","width":"","thumbnail":""},"change_footer_color":"1","footer_color":"#eff1fe","footer_title_color":"#eff1fe","footer_text_color":"#eff1fe","xamin_footer_top":"yes","xamin_footer_width":"4","footer_one":"1","footer_two":"1","footer_three":"1","footer_fore":"1","footer_five":"1","display_copyright":"yes","footer_copyright_align":"3","footer_copyright":"Copyright 2022 xamin All Rights Reserved.","footer_copyright_bgcolor":"#f5f7fe","footer_copyright_color":"#525f81","social-media-iq":{"facebook":"https:\/\/www.facebook.com\/","twitter":"https:\/\/twitter.com\/","quora":"","google-plus":"","github":"","instagram":"https:\/\/www.instagram.com\/","linkedin":"","tumblr":"","pinterest":"","dribbble":"","reddit":"","flickr":"","skype":"","youtube":"","vimeo":"","soundcloud":"","wechat":"","renren":"","weibo":"","xing":"","qq":"","rss":"","vk":"","behance":"","snapchat":"","medium":""},"xamin_change_font":"0","body_font":{"font-family":"","font-options":"","google":"1","font-backup":"","font-weight":"","font-style":"","subsets":"","font-size":""},"h1_font":{"font-family":"","font-options":"","google":"1","font-weight":"","font-style":"","subsets":"","font-size":"","line-height":""},"h2_font":{"font-family":"","font-options":"","google":"1","font-weight":"","font-style":"","subsets":"","font-size":"","line-height":""},"h3_font":{"font-family":"","font-options":"","google":"1","font-weight":"","font-style":"","subsets":"","font-size":"","line-height":""},"h4_font":{"font-family":"","font-options":"","google":"1","font-weight":"","font-style":"","subsets":"","font-size":"","line-height":""},"h5_font":{"font-family":"","font-options":"","google":"1","font-weight":"","font-style":"","subsets":"","font-size":"","line-height":""},"h6_font":{"font-family":"","font-options":"","google":"1","font-weight":"","font-style":"","subsets":"","font-size":"","line-height":""},"xamin_css_code":"","xamin_js_code":"jQuery(document).ready(function($){\r\n\r\n});","mainte_mode":"no","maintenance_radio":"1","maintenance_bg_image":{"url":"\/wp_themes\/live\/xamin-elementor\/wp-content\/themes\/xamin\/assets\/images\/redux\/maintenance.jpg","id":"","height":"","width":"","thumbnail":""},"maintenance_title":"Sorry,we are down for maintenance","mainten_desc":"We will be back shortly","coming_soon_bg_image":{"url":"\/wp_themes\/live\/xamin-elementor\/wp-content\/themes\/xamin\/assets\/images\/redux\/maintenance.jpg","id":"","height":"","width":"","thumbnail":""},"coming_title":"Coming Soon","coming_desc":"We will be back with new and professional Ideas","opt_date":"","portfolio_top":"yes","portfolio_sub_title":"We work with you to address your most critical business priorities.","portfolio_title_desc":"There are many variations of passages of Lorem Ipsum available, but the majority have suffered alteration in some form, by injected humour, or randomised words which don\u2019t look even slightly believable.","xamin_recent_portfolio":"yes","portfolio_title":"Recent Portfolio","portfolio_title_contant":"It is a long established fact that a reader will be distracted","redux-backup":1}