ID,DIS,PTRATIO,NOX,CRIM,RM,TAX,RAD,MEDV
161,-0.4748913097001356,0.8202176558457616,1.3697397277107073,0.3010692685644628,0.3362534371381784,1.5088001806269808,1.6342694487243612,20.2
224,0.22863266951828715,1.1866737608628344,-0.14910691504018564,-0.335655026538518,0.5659936531593528,-0.6260258571020546,-0.6558618633971854,21.0
76,-0.5830579991444598,0.8202176558457616,1.3697397277107073,0.14880618106512336,-0.4300229355535624,1.5088001806269808,1.6342694487243612,12.7
260,1.1834851330338159,-0.8288348167310634,-1.1038105190550334,-0.45588964123606196,0.4689605184423346,-0.6676519915424536,-0.4268487321850308,23.3
389,0.32074566025775236,0.04149843268448297,-0.921548921924926,-0.4612596529307068,-0.37437157887762634,-0.9828212951626176,-0.7703684290032627,22.5
403,0.33356904154029227,1.1866737608628344,-0.14910691504018564,-0.3418231403649456,-0.3287089272460887,-0.6260258571020546,-0.6558618633971854,14.8
125,-1.1170392578944939,0.8202176558457616,1.1961572542534622,4.599542962816394,-1.1763218981565053,1.5088001806269808,1.6342694487243612,5.0
140,-1.2695004513872858,0.8202176558457616,0.9010670493761465,2.2692433013479216,-3.0527714886400057,1.5088001806269808,1.6342694487243612,11.9
313,-0.9407422373612563,1.2782877871171021,0.5972977208259674,-0.42155935731909155,0.25206292319253065,0.1470309253624986,-0.6558618633971854,17.1
134,-1.1820861041711939,0.8202176558457616,0.6580515865360033,0.2810942521304209,0.578836273930722,1.5088001806269808,1.6342694487243612,50.0
200,0.5339466101308183,-0.37076468545972285,-0.9389071692706505,-0.46001889481523645,0.7828912484091555,-0.9411951607222185,-0.6558618633971854,33.1
37,-0.05186655998642827,-0.09592260669691952,-0.7913620668319922,-0.46431596125986857,-0.09468783763445747,-0.8460497105727351,-0.6558618633971854,25.0
221,-0.8353653675089351,0.8202176558457616,1.6040760668779883,0.8168004876724768,0.18356894574522414,1.5088001806269808,1.6342694487243612,17.1
7,1.1209833853322766,0.13311245893875076,-0.8434368088691657,-0.4641706115338816,0.2178159344688774,-1.1314860610211854,-0.7703684290032627,28.7
131,0.1557058064992632,-1.4243259873838066,-0.14910691504018564,-0.46727977430885687,0.42472482467428296,-0.6914383540798245,-0.9993815602154175,24.0
304,-0.1941963033819461,-0.4623787117139923,-0.4441971199175024,-0.4287132065599398,2.01007501100673,-0.6260258571020546,-0.1978356009728761,46.7
105,-1.1878615201686737,0.8202176558457616,1.0052165334504934,1.5519820444367216,0.5303197065722135,1.5088001806269808,1.6342694487243612,13.9
273,0.14963672528157285,-0.37076468545972285,-0.9389071692706505,-0.4606571122484337,0.6858581136921386,-0.9411951607222185,-0.6558618633971854,32.4
333,-0.5236886804585026,-0.8288348167310634,-0.39212237788032883,-0.4569533369580573,-0.5969770055813719,-0.6914383540798245,-0.5413552977911081,22.6
116,-0.8073203389788005,1.1408667477356997,-0.30533114115170623,-0.45078258040933894,-0.2145522981672445,-0.1681383782576654,-0.5413552977911081,20.4
210,-0.9272825814349265,-1.6991680661466115,0.4323943710415846,-0.30643576753170654,0.949845318436965,-0.05515315620515378,-0.5413552977911081,41.3
209,0.7142081111369021,0.8202176558457616,-0.34872675951601756,-0.46358656990764324,-0.5827074269465167,-1.1195928797525,-0.5413552977911081,19.5
397,-0.5098864151085933,-0.27915065920545507,-0.07099480198442533,-0.4507284046023802,-0.14463136285645195,0.11729797219078501,-0.4268487321850308,21.2
128,-1.1992655195535278,-1.6991680661466115,2.741041268022943,-0.029284231380950317,-1.2476697913307837,-0.05515315620515378,-0.5413552977911081,13.4
118,-1.1067609751871148,0.8202176558457616,0.6580515865360033,1.3186560933933191,-3.445184901098532,1.5088001806269808,1.6342694487243612,23.1
65,0.7417147534299838,0.362147524574421,-1.2339973741479673,-0.4560059210168515,-0.3030236857033478,-0.63791903837074,-0.6558618633971854,22.8
384,0.8417567051151413,-1.0578698823667336,-1.0604149006907222,-0.4634412201816563,0.4461291926265658,-0.49520086314651485,-0.3123421665789534,22.0
239,0.10034991248952099,1.1866737608628344,-0.14910691504018564,-0.30526107747350295,-0.19314793021496043,-0.6260258571020546,-0.6558618633971854,15.2
234,-0.2014400454804801,0.362147524574421,-0.48759273828181365,-0.45963570008308907,-0.49138212368344136,-0.7925303948636506,-0.5413552977911081,18.9
312,1.1980215614342522,-1.2869049480024048,-1.338146858222314,-0.46621343586457087,0.46610660271536386,-0.8757826637444487,-0.9993815602154175,29.1
206,0.2256960173161787,1.1866737608628344,-0.14910691504018564,-0.3186940348769871,-0.8053128536502623,-0.6260258571020546,-0.6558618633971854,12.7
106,-0.38370825882467163,-0.27915065920545507,-0.5830630986832984,-0.457137006157259,-0.9608512607701873,-1.3039371894171243,-0.7703684290032627,26.4
270,-0.5014190679258478,-0.27915065920545507,-0.07099480198442533,-0.4481649639804286,-0.3658098316967127,0.11729797219078501,-0.4268487321850308,19.2
352,1.7741437792845416,0.316340511447288,-1.0777731480364465,-0.43982585379221417,0.22923159737676183,-0.48925427251217213,-0.3123421665789534,24.8
394,0.8417567051151413,-1.0578698823667336,-1.0604149006907222,-0.45490126309935075,1.0054966751129024,-0.49520086314651485,-0.3123421665789534,33.1
147,0.19730837936246476,1.1866737608628344,-0.14910691504018564,-0.28910743747177237,-0.2930349806589494,-0.6260258571020546,-0.6558618633971854,14.5
388,0.6502380373343086,-0.233343646078322,-0.9302280455977883,-0.4432257160191633,-0.7011449296158178,-1.0660735640434156,-0.7703684290032627,20.0
248,-1.0684866081529694,0.8202176558457616,1.1961572542534622,2.8413794636668865,-0.41432639905522123,1.5088001806269808,1.6342694487243612,5.6
2,1.7352331376066057,-0.8288348167310634,-1.3034303635308648,-0.46243698571120107,0.4104552460394278,-0.7092781259828527,-0.4268487321850308,24.8
193,-0.9114736037469099,0.8202176558457616,1.0746495228333917,1.6276035427842916,-0.5441795646324066,1.5088001806269808,1.6342694487243612,8.3
251,0.05150359752778544,0.08730544581161767,-0.5743839750104363,-0.44506240801118013,-0.45285426136933127,-0.8044235761323361,-0.6558618633971854,21.7
135,-1.141560303782099,0.8202176558457616,1.256911119963498,2.1858257722428704,-2.7245711800383283,1.5088001806269808,1.6342694487243612,8.8
321,-1.0681929429327586,0.8202176558457616,0.3629613816586865,3.318351196298764,-1.6015553414751995,1.5088001806269808,1.6342694487243612,16.3
196,2.5132012501484757,0.316340511447288,-1.0777731480364465,-0.4572519645769032,0.969822728525763,-0.48925427251217213,-0.3123421665789534,29.6
299,-0.758474024017065,0.8202176558457616,1.3697397277107073,1.370347741398857,-0.09896871122491428,1.5088001806269808,1.6342694487243612,11.7
62,-0.7345892527732505,1.2782877871171021,0.5972977208259674,-0.31048441808101557,0.06941231666637995,0.1470309253624986,-0.6558618633971854,19.6
185,-0.32761820176440204,-0.004308580442651735,-0.09703217300301209,-0.4219465161346749,-0.435730767007504,-0.6438656290050827,-0.6558618633971854,20.3
51,-0.5077818143637491,0.8202176558457616,1.3697397277107073,0.411240396779129,0.05656969589501077,1.5088001806269808,1.6342694487243612,19.5
92,-0.6329810865803016,1.1866737608628344,0.15466241350999238,-0.4598391896994708,0.4504100662170226,-0.8282099386697069,-0.9993815602154175,22.4
382,0.46459267395769277,0.5453755770829583,-0.5396674803189871,-0.423044567246449,0.19641156651659458,-0.744957669788909,-0.5413552977911081,25.0
344,-1.167696508380863,0.8202176558457616,1.0052165334504934,2.6566663891603897,0.1464680412946001,1.5088001806269808,1.6342694487243612,13.1
85,-0.8707030823409724,0.316340511447288,0.22409540289289043,-0.4457812284742428,-0.41575335691870724,-1.333670142588838,-0.8848749946093402,21.4
359,-1.1484614364570536,0.8202176558457616,1.1961572542534622,8.506675733459936,-0.8481215895548291,1.5088001806269808,1.6342694487243612,5.0
142,-0.8911128151456252,0.8202176558457616,0.5105064840973449,1.4258845503373225,-0.06900259609171784,1.5088001806269808,1.6342694487243612,21.4
44,0.007502758699528671,1.1866737608628344,-0.14910691504018564,-0.31593106872208987,-0.8224363480120895,-0.6260258571020546,-0.6558618633971854,13.1
367,-0.495643651928368,-0.27915065920545507,-0.07099480198442533,-0.44898685061282756,-0.7796276121075226,0.11729797219078501,-0.4268487321850308,19.3
306,0.3342053161840822,1.1866737608628344,-0.14910691504018564,-0.3659749793793941,0.3105681955954388,-0.6260258571020546,-0.6558618633971854,18.4
184,-1.2018595623320567,0.8202176558457616,1.0052165334504934,2.1229554089477913,1.477819727926619,1.5088001806269808,1.6342694487243612,15.0
204,-0.9869455653410945,0.7744106427186285,0.4671108657330336,-0.4438850752306859,-1.2319732548324425,1.776396759172403,-0.6558618633971854,7.0
5,-0.4284432607034553,0.8202176558457616,0.21541627922002818,0.0034366346610010677,0.22780463951327706,1.5088001806269808,1.6342694487243612,23.2
373,-0.1701646995280263,0.8202176558457616,-0.2011816570773592,0.3014471778520289,-0.05045214386640582,1.5088001806269808,1.6342694487243612,23.0
164,1.489288515680032,-0.7372207904767957,-1.0083401586535485,-0.46103237881370907,0.3333995214112076,-1.0066076576999885,-0.6558618633971854,25.0
162,-0.9548871121347449,0.7744106427186285,0.4671108657330336,-0.4481808203141727,-1.1748949402930204,1.776396759172403,-0.6558618633971854,15.2
351,-0.9646270086050709,-2.47788728930789,0.7969175653017994,-0.38730835507084127,3.4627181160350218,-0.8817292543787915,-0.5413552977911081,50.0
41,-0.34523811497705215,0.8202176558457616,0.8663505546846975,-0.05008906261426308,-0.7396727919299265,1.5088001806269808,1.6342694487243612,19.9
346,-0.9481328120698956,0.8202176558457616,1.0746495228333917,1.9215139023413421,0.22352376592282025,1.5088001806269808,1.6342694487243612,7.2
194,0.0712770556886483,0.08730544581161767,-0.7913620668319922,-0.4529720758271604,0.3719273837253177,-1.1255394703868429,-0.7703684290032627,24.4
73,-0.660683505686857,-1.6991680661466115,0.4323943710415846,-0.1718181367671819,-0.6041117948987995,-0.05515315620515378,-0.5413552977911081,22.7
317,-0.48654003010183206,1.1408667477356997,-0.30533114115170623,-0.4484715197661466,0.641622419924087,-0.1681383782576654,-0.5413552977911081,27.5
61,0.4579362622995804,1.1866737608628344,-0.14910691504018564,-0.3849008350640393,-0.4685507978676725,-0.6260258571020546,-0.6558618633971854,20.4
158,0.10759365458805477,0.8202176558457616,0.24145365023861495,0.017309605325882032,0.04943490657758317,1.5088001806269808,1.6342694487243612,21.2
154,0.35764958959758064,0.13311245893875076,-1.025698405999273,-0.45703261862677746,-0.5755726376290891,-0.08488610937686736,-0.5413552977911081,20.3
201,-0.22238816452218638,-0.004308580442651735,-0.09703217300301209,-0.4029744128099429,0.5103422964834154,-0.6438656290050827,-0.6558618633971854,22.8
18,-0.35429279260021956,-0.4623787117139923,-0.4181597488989156,-0.4142416592962217,-0.16175485721827923,-0.6260258571020546,-0.1978356009728761,21.7
291,2.047350322487355,0.316340511447288,-1.0777731480364465,-0.44283327175899856,-0.9594243029067012,-0.48925427251217213,-0.3123421665789534,18.5
48,-1.0671161704586523,-1.6991680661466115,2.741041268022943,-0.2703969636538169,-1.2462428334672977,-0.05515315620515378,-0.5413552977911081,19.6
58,1.8997835493314104,-0.6456067642225278,-1.3207886108765894,-0.465765494436302,1.223821228226191,-0.06109974683949649,-0.7703684290032627,32.9
316,-0.6942592291976291,-0.27915065920545507,-0.07099480198442533,-0.4518238129918636,-0.5199212809531517,0.11729797219078501,-0.4268487321850308,18.8
339,1.489288515680032,-0.7372207904767957,-1.0083401586535485,-0.45639043711014426,-0.44857338777887446,-1.0066076576999885,-0.6558618633971854,19.7
167,-0.0491256845977939,-0.4623787117139923,-0.4441971199175024,-0.40694113896824113,1.6190885564116888,-0.6260258571020546,-0.1978356009728761,31.7
246,-0.7391900078898868,0.8202176558457616,1.3697397277107073,0.7645948301814032,-0.1317887420850828,1.5088001806269808,1.6342694487243612,14.1
189,-0.3130328291605974,-0.8288348167310634,-0.39212237788032883,-0.4593093238801911,0.3833430466332021,-0.6914383540798245,-0.5413552977911081,29.4
235,-0.9589984252176966,1.2782877871171021,0.5972977208259674,-0.42511381880004495,0.21924289233236344,0.1470309253624986,-0.6558618633971854,18.0
35,1.5467000662312502,0.5911825902100913,-0.886832427233477,-0.4544678566436806,-0.499943870864355,-0.7627974416919371,-0.1978356009728761,19.6
357,-0.6027825131019543,0.8202176558457616,0.2501327739114772,0.11622802202686824,-0.3914950732394524,1.5088001806269808,1.6342694487243612,19.1
170,-0.6715001746312894,0.362147524574421,0.2588118975843395,-0.4446171093052019,-1.0107947859921818,-0.1265122438172664,-0.4268487321850308,17.5
186,0.24248387907156474,-0.37076468545972285,-0.9389071692706505,-0.45542452211290374,0.8228460685867516,-0.9411951607222185,-0.6558618633971854,32.0
343,1.1834851330338159,-0.8288348167310634,-1.1038105190550334,-0.45722157327056046,0.29059078550664075,-0.6676519915424536,-0.4268487321850308,23.7
265,-0.9860645696804617,0.316340511447288,0.22409540289289043,-0.4169319505881254,-0.9480086399988169,-1.333670142588838,-0.8848749946093402,15.7
4,0.8046569989618392,0.5453755770829583,-0.5396674803189871,-0.4280155278752024,0.04943490657758317,-0.744957669788909,-0.5413552977911081,23.0
326,-0.8246955311746083,0.316340511447288,0.22409540289289043,-0.4558275372622312,-0.45142730350584526,-1.333670142588838,-0.8848749946093402,20.5
45,0.3890228239567714,-1.4701330005109412,-1.025698405999273,-0.45149347270552964,0.3976126252680573,-0.08488610937686736,-0.5413552977911081,29.8
392,-0.6372392322733588,1.2782877871171021,0.5972977208259674,-0.4245337412572425,-0.6497744465303372,0.1470309253624986,-0.6558618633971854,18.4
42,1.0269126264580728,-0.233343646078322,-0.9302280455977883,-0.4345694791560682,-1.2533776227847253,-1.0660735640434156,-0.7703684290032627,14.4
259,-0.43196724334598535,-0.9204488429853328,-0.044957430965838555,-0.45348872803498674,-0.4656968821407017,-0.8103701667666788,-0.5413552977911081,21.5
49,-0.706984722073432,1.2782877871171021,0.5972977208259674,-0.390147960172168,0.1350523783867157,0.1470309253624986,-0.6558618633971854,23.0
50,-0.05837613903443515,0.08730544581161767,-0.5743839750104363,-0.43941623183716005,-0.67117881448262,-0.8044235761323361,-0.6558618633971854,22.4
244,-0.898748110871107,0.8202176558457616,1.0746495228333917,0.5053464161888022,-0.12037307917719836,1.5088001806269808,1.6342694487243612,11.0
149,0.11767616048196007,1.1866737608628344,-0.14910691504018564,-0.3555296195255143,-0.44571947205190365,-0.6260258571020546,-0.6558618633971854,19.6
12,0.35764958959758064,0.13311245893875076,-1.025698405999273,-0.4555460873382746,0.012334002126957854,-0.08488610937686736,-0.5413552977911081,21.4
361,1.3898338944352961,-1.0578698823667336,-1.3641842292409005,-0.4633791162078255,0.018041833580900696,-0.4476281380717731,-0.6558618633971854,23.5
225,0.6079991898273172,0.13311245893875076,-1.025698405999273,-0.460654469526143,-0.06472172250126103,-0.08488610937686736,-0.5413552977911081,21.2
236,0.2347506949393463,0.13311245893875076,-1.025698405999273,-0.45768140694913734,-0.006216450098354169,-0.08488610937686736,-0.5413552977911081,24.1
268,1.2550415583585228,-0.8288348167310634,-1.1038105190550334,-0.4531451741371994,0.8842052567166305,-0.6676519915424536,-0.4268487321850308,22.0
272,-1.217081209579652,0.8202176558457616,0.9010670493761465,1.1110570438496055,-0.9551434293162457,1.5088001806269808,1.6342694487243612,27.9
387,-0.6244158509908189,0.8202176558457616,1.3697397277107073,0.7889792287574305,0.6430493777875717,1.5088001806269808,1.6342694487243612,14.9
89,-0.8123615919257532,-2.47788728930789,0.7969175653017994,-0.39674683773197517,1.3208543629432092,-0.8817292543787915,-0.5413552977911081,33.8
215,-0.7126622496641748,0.8202176558457616,1.3697397277107073,0.26934603018724,0.22637768164979102,1.5088001806269808,1.6342694487243612,14.3
57,0.30723706012805413,1.1866737608628344,-0.14910691504018564,-0.3689784332627425,-0.5042247444548106,-0.6260258571020546,-0.6558618633971854,15.6
366,1.7741437792845416,0.316340511447288,-1.0777731480364465,-0.4495761776836473,0.2991525326875544,-0.48925427251217213,-0.3123421665789534,24.4
145,-0.9555723309819035,0.8202176558457616,1.0746495228333917,0.9634742175270454,0.7201051024157918,1.5088001806269808,1.6342694487243612,7.5
375,1.9851422400060261,-1.6533610530194767,-1.346825981895176,-0.46227842237376077,0.8471043522660064,-0.32274973475057606,-0.5413552977911081,24.8
227,-1.0855681351285662,0.8202176558457616,0.3629613816586865,2.0174975759385374,-2.3535621355320853,1.5088001806269808,1.6342694487243612,17.9
52,-0.918325792218496,0.8202176558457616,1.6040760668779883,1.2235313045405922,-0.6041117948987995,1.5088001806269808,1.6342694487243612,10.8
130,0.7061323175811043,-0.6914137773496626,-0.8260785615234412,-0.45923004221147096,0.0794010217107796,0.10540479092209958,-0.6558618633971854,22.6
300,-0.19997171937942587,-0.9204488429853328,-0.044957430965838555,-0.45301832346724713,0.1364793362502017,-0.8103701667666788,-0.5413552977911081,23.0
55,0.3556918214628415,1.1866737608628344,-0.14910691504018564,-0.3852139976554839,-0.6326509521685112,-0.6260258571020546,-0.6558618633971854,19.9
216,-1.257607009968747,0.8202176558457616,0.6580515865360033,0.3958914657149079,1.0540132424714108,1.5088001806269808,1.6342694487243612,50.0
28,-0.9188152342521807,-2.47788728930789,0.7969175653017994,-0.3804412411985309,1.5063588851963308,-0.8817292543787915,-0.5413552977911081,36.0
398,3.3349744247051274,1.6447438921341748,-1.2339973741479673,-0.4540304861045744,-0.48710125009298455,-0.46546790997480125,-0.6558618633971854,20.6
311,-0.8814708070820362,-1.6991680661466115,0.4323943710415846,-0.27475216998884383,1.7289643119000764,-0.05515315620515378,-0.5413552977911081,50.0
219,-0.8149066905009137,1.1408667477356997,-0.30533114115170623,-0.4505909830432652,-0.6083926684892563,-0.1681383782576654,-0.5413552977911081,19.5
349,-0.7387495100595705,-1.6991680661466115,0.4323943710415846,-0.14444349791925934,0.17786111429128257,-0.05515315620515378,-0.5413552977911081,22.3
103,1.730387661473127,-1.4243259873838066,-1.346825981895176,-0.4669177213550349,1.1567542086423706,-0.7568508510575944,-0.9993815602154175,32.2
114,1.9851422400060261,-1.6533610530194767,-1.346825981895176,-0.45957095338696763,0.0965245160726056,-0.32274973475057606,-0.5413552977911081,22.5
305,1.260229643915581,-1.4701330005109412,-0.27061464646025724,-0.4383987837552515,0.14218716770414327,-0.6022394945646837,-0.5413552977911081,15.0
188,-0.5896654665992036,0.8202176558457616,1.3697397277107073,0.019878331392414888,0.1407602098406585,1.5088001806269808,1.6342694487243612,17.7
341,1.7312197129303912,-2.6611153418164264,-1.312109487203727,-0.4619494034485721,1.183866408048596,-0.49520086314651485,-0.8848749946093402,30.3
88,-1.0681439987293901,0.8202176558457616,1.256911119963498,1.4258845503373225,-1.9939687539337265,1.5088001806269808,1.6342694487243612,10.2
138,-0.5243249551022928,-0.27915065920545507,-0.5830630986832984,-0.456086524046717,1.2523603854959027,-1.3039371894171243,-0.7703684290032627,37.9
54,1.2471615416161987,-1.1036768954938685,-1.025698405999273,-0.44947971832003786,-0.6954370981618748,-0.7330644885202235,-0.6558618633971854,20.3
117,0.6588522171271601,-1.6991680661466115,-1.207092090762094,-0.4654602600117294,2.506656347499703,-1.1195928797525,-0.6558618633971854,50.0
72,0.18409344445297712,-0.4623787117139923,-0.4181597488989156,-0.39932745604881603,0.504634465029474,-0.6260258571020546,-0.1978356009728761,25.1
280,0.032562190824186626,-0.4623787117139923,-0.4181597488989156,-0.3920982892226837,2.9390245801358232,-0.6260258571020546,-0.1978356009728761,41.7
218,0.7972174800498314,0.2705334983201532,-1.121168766400758,-0.4622189611222206,0.48751097066764665,-0.7806372135949652,-0.6558618633971854,23.9
318,-0.7691438603513919,0.8202176558457616,0.2501327739114772,0.3833768543074322,0.21068114515144978,1.5088001806269808,1.6342694487243612,16.1
31,0.6582159424833697,0.362147524574421,-1.2513556214936918,-0.46333815401232004,0.5032075071659878,-0.9947144764313031,-0.6558618633971854,27.9
10,1.3183264133139576,-0.37076468545972285,-0.6177795933747475,-0.46408604442058016,0.851385225856462,-0.25139064713846343,-0.5413552977911081,31.2
279,-0.17491228725476812,-0.27915065920545507,-0.5743839750104363,-0.4611090177601385,1.143911587871,-0.8460497105727351,-0.8848749946093402,28.7
36,-0.7416861622616789,-0.27915065920545507,-0.07099480198442533,-0.4493105840934348,-0.033328649504579824,0.11729797219078501,-0.4268487321850308,18.5
365,1.9787794935681247,0.5911825902100913,-0.886832427233477,-0.44770645166299705,-0.18886705662450487,-0.7627974416919371,-0.1978356009728761,23.3
112,-0.8061946223013257,0.8202176558457616,1.6040760668779883,1.0065770180879006,0.5017805493025018,1.5088001806269808,1.6342694487243612,13.4
294,-1.1280027594490318,0.8202176558457616,1.256911119963498,2.7551870761566297,-2.319315146808432,1.5088001806269808,1.6342694487243612,10.5
395,1.1980215614342522,-1.2869049480024048,-1.338146858222314,-0.46522505772785966,0.7457903439585315,-0.8757826637444487,-0.9993815602154175,31.1
292,-0.8834285752167751,1.2782877871171021,0.5972977208259674,-0.42548247855959365,-0.4785395029120709,0.1470309253624986,-0.6558618633971854,17.4
335,0.6502380373343086,-0.233343646078322,-0.9302280455977883,-0.4454641017993622,-0.8495485474183139,-1.0660735640434156,-0.7703684290032627,19.3
100,2.3314224788379683,-0.233343646078322,-1.095131395382171,-0.4656439292109311,0.3405343107286352,-0.36437586919097503,-0.6558618633971854,23.1
255,1.730387661473127,-1.4243259873838066,-1.4422963422966608,-0.4666666627374211,0.2506359653290459,-0.6676519915424536,-0.9993815602154175,22.0
322,-0.48654003010183206,1.1408667477356997,-0.30533114115170623,-0.45385342371109944,-0.11751916345022631,-0.1681383782576654,-0.5413552977911081,21.7
83,-0.05871874845801453,-0.4623787117139923,-0.4181597488989156,-0.4089297874919716,0.640195462060601,-0.6260258571020546,-0.1978356009728761,29.0
172,1.3253743785990177,-1.4701330005109412,-1.025698405999273,-0.45666660158951944,1.28518041635607,-0.08488610937686736,-0.5413552977911081,36.4
275,1.491148395408034,0.5911825902100913,-0.886832427233477,-0.44542578232614743,-0.44429251418841764,-0.7627974416919371,-0.1978356009728761,16.0
53,2.228394930747334,-1.515940013638075,-1.2513556214936918,-0.4662226853925882,0.7686216697743004,-0.9293019794535332,-0.5413552977911081,31.6
146,-0.7766812676701367,0.8202176558457616,1.3697397277107073,0.5263428447881887,0.19926548224356538,1.5088001806269808,1.6342694487243612,13.0
144,0.7048108240901556,-1.607554039892343,-0.9744915763293857,-0.4600162520929458,1.9515697386038218,-1.1671656048272419,-0.5413552977911081,46.0
353,0.0712770556886483,0.08730544581161767,-0.7913620668319922,-0.4561367357702397,-0.5099325759087534,-1.1255394703868429,-0.7703684290032627,20.7
78,-1.289616518971728,0.8202176558457616,0.9791791624319067,1.9761653993124326,-3.0527714886400057,1.5088001806269808,1.6342694487243612,13.8
0,-0.9014400420563731,-2.47788728930789,0.7969175653017994,-0.3954307620312207,1.3251352365336662,-0.8817292543787915,-0.5413552977911081,36.5
369,0.11258596333163906,-0.004308580442651735,-0.09703217300301209,-0.405288116175426,-0.23452970825604127,-0.6438656290050827,-0.6558618633971854,21.0
303,-1.167696508380863,0.8202176558457616,1.0052165334504934,1.8927214429844745,-0.07756434327263147,1.5088001806269808,1.6342694487243612,10.2
79,-0.606404384151221,0.8202176558457616,0.5105064840973449,0.14590711471225656,1.0026427593859315,1.5088001806269808,1.6342694487243612,29.8
171,-0.6611729477205418,1.1408667477356997,-0.30533114115170623,-0.4496686729638208,-0.15747398362782242,-0.1681383782576654,-0.5413552977911081,20.1
177,-0.3229195582410288,-0.9204488429853328,-0.044957430965838555,-0.4620894677299777,-0.555595227540291,-0.8103701667666788,-0.5413552977911081,23.3
249,-0.33261051050798635,-0.27915065920545507,-0.5743839750104363,-0.4619256189479561,0.19926548224356538,-0.8460497105727351,-0.8848749946093402,22.6
104,0.9539368192356805,-0.233343646078322,-0.9302280455977883,-0.449417614346207,-0.15462006790085162,-1.0660735640434156,-0.7703684290032627,25.3
347,2.0600758153631573,0.5911825902100913,-0.886832427233477,-0.4513996560642108,0.6915659451460802,-0.7627974416919371,-0.1978356009728761,25.0
342,0.08493248842845202,0.08730544581161767,-0.5743839750104363,-0.4419492811527688,-0.13606961567553832,-0.8044235761323361,-0.6558618633971854,25.0
222,0.07945073765118328,0.362147524574421,-0.48759273828181365,-0.4575254863339877,-0.6098196263527423,-0.7925303948636506,-0.5413552977911081,21.0
91,1.4041256018188897,-0.6914137773496626,-1.017887194693697,-0.4635350368229751,-0.35154025306185754,-0.6438656290050827,-0.9993815602154175,19.4
16,-0.005907953023432822,1.1866737608628344,-0.14910691504018564,-0.25500310631065437,-0.25878799193529617,-0.6260258571020546,-0.6558618633971854,13.5
90,0.3890228239567714,-1.4701330005109412,-1.025698405999273,-0.4570550817662482,1.2951691214004684,-0.08488610937686736,-0.5413552977911081,34.9
75,-0.052307057816744586,0.08730544581161767,-0.5743839750104363,-0.41846076543327904,-1.2462428334672977,-0.8044235761323361,-0.6558618633971854,19.3
293,-0.824059256530818,0.8202176558457616,0.2501327739114772,0.8614783507185723,0.7928799534535552,1.5088001806269808,1.6342694487243612,14.1
68,2.410369478871315,-0.233343646078322,-1.3207886108765894,-0.46638257009117384,1.3864944246635438,-1.1076996984838148,-0.5413552977911081,35.4
368,-0.30324398848690287,0.8202176558457616,0.24145365023861495,0.17085177041390656,-0.5313369438610361,1.5088001806269808,1.6342694487243612,20.6
139,1.2550415583585228,-0.8288348167310634,-1.1038105190550334,-0.4540925900784052,-0.2602149497987822,-0.6676519915424536,-0.4268487321850308,20.1
374,-0.28836495066288714,-0.004308580442651735,-0.7219290774490946,-0.4615979213839128,0.815711279269324,-1.1314860610211854,-0.3123421665789534,28.2
328,-0.05186655998642827,-0.09592260669691952,-0.7913620668319922,-0.4625611936588626,0.23493942883070465,-0.8460497105727351,-0.6558618633971854,22.9
271,0.15825090507442394,1.1866737608628344,-0.14910691504018564,-0.3375075748642788,-0.6626170673017077,-0.6260258571020546,-0.6558618633971854,14.5
56,1.8997835493314104,-0.6456067642225278,-1.3207886108765894,-0.46395258694490127,0.9955079700685027,-0.06109974683949649,-0.7703684290032627,34.9
252,-0.39569958864994725,0.8202176558457616,0.8663505546846975,0.5677424108327058,-0.09754175336142952,1.5088001806269808,1.6342694487243612,21.4
87,-1.0541949007693754,-1.6991680661466115,2.741041268022943,-0.24921818721637404,-0.2216870874846721,-0.05515315620515378,-0.5413552977911081,21.5
379,0.3761504984708631,0.5453755770829583,-0.5396674803189871,-0.44412027751455563,0.1407602098406585,-0.744957669788909,-0.5413552977911081,23.1
229,-0.11059960402859526,0.8202176558457616,0.24145365023861495,0.283970855343817,-0.2331027503925565,1.5088001806269808,1.6342694487243612,19.1
108,-0.6804080196443515,0.362147524574421,0.2588118975843395,-0.4311735810125551,-0.5013708287278398,-0.1265122438172664,-0.4268487321850308,24.5
203,0.8217874701408047,-1.4701330005109412,-0.27061464646025724,-0.4557231497317496,-0.554168269676805,-0.6022394945646837,-0.5413552977911081,21.7
257,-0.5747864287751878,0.8202176558457616,1.3697397277107073,0.16774128627778592,0.6045215154734617,1.5088001806269808,1.6342694487243612,16.4
376,0.46459267395769277,0.5453755770829583,-0.5396674803189871,-0.43059878891433395,-0.8124476429676899,-0.744957669788909,-0.5413552977911081,18.5
81,0.4454554904406203,1.1866737608628344,-0.14910691504018564,-0.37933129783644876,-0.6626170673017077,-0.6260258571020546,-0.6558618633971854,16.6
290,-1.0725979212359211,0.8202176558457616,1.256911119963498,0.7458222523896169,-1.0578843954872055,1.5088001806269808,1.6342694487243612,11.3
13,1.3253743785990177,-1.4701330005109412,-1.025698405999273,-0.45898294767729314,0.6587459142859129,-0.08488610937686736,-0.5413552977911081,30.5
74,0.7972174800498314,0.2705334983201532,-1.121168766400758,-0.4632800141219253,0.03516532794272669,-0.7806372135949652,-0.6558618633971854,24.8
195,-0.7285201715555599,-1.6991680661466115,0.4323943710415846,-0.08174887565650982,-0.25165320261786855,-0.05515315620515378,-0.5413552977911081,25.0
378,-1.293238390020995,0.8202176558457616,0.9791791624319067,0.6242874183250624,-0.574145679765603,1.5088001806269808,1.6342694487243612,50.0
30,-0.48585481125467356,0.8202176558457616,1.3697397277107073,0.6154779035691084,-0.48710125009298455,1.5088001806269808,1.6342694487243612,13.5
59,1.597357316717619,-0.8288348167310634,-1.1038105190550334,-0.4545180683672034,0.11507496829791762,-0.6676519915424536,-0.4268487321850308,22.2
168,-0.22238816452218638,-0.8288348167310634,-0.39212237788032883,-0.4609464903392622,0.05371578016803998,-0.6914383540798245,-0.5413552977911081,24.6
111,-0.9658995578926511,-1.6991680661466115,0.4323943710415846,-0.2998448181387714,-0.0390364809585214,-0.05515315620515378,-0.5413552977911081,27.0
355,-0.8944410209746815,0.316340511447288,0.22409540289289043,-0.4482442456491488,-0.6012578791718287,-1.333670142588838,-0.8848749946093402,17.3
151,-0.21543808764386319,0.8202176558457616,-0.2011816570773592,0.28614185170560374,0.6744424507842541,1.5088001806269808,1.6342694487243612,23.7
70,-0.802181197625111,-2.47788728930789,0.7969175653017994,-0.36429552936367227,1.05115932674444,-0.8817292543787915,-0.5413552977911081,30.7
11,-1.0294291338649284,1.2782877871171021,0.5972977208259674,-0.43510727314221986,-0.5998309213083427,0.1470309253624986,-0.6558618633971854,13.3
380,1.690302358914348,0.5911825902100913,-0.886832427233477,-0.4483843099305544,-0.7653580334726674,-0.7627974416919371,-0.1978356009728761,18.7
24,1.201496599873414,-1.4701330005109412,-0.27061464646025724,-0.45259284517844905,-0.38293332605853875,-0.6022394945646837,-0.5413552977911081,18.9
67,-0.9818064239874046,-1.6991680661466115,2.741041268022943,-0.2798182686200614,0.3319725635477216,-0.05515315620515378,-0.5413552977911081,23.3
261,-0.05871874845801453,-0.4623787117139923,-0.4181597488989156,-0.42445049550508634,-0.27305757057015134,-0.6260258571020546,-0.1978356009728761,24.0
26,-0.9092221703919602,0.8202176558457616,1.6040760668779883,1.5373413629464003,-0.1788783515801052,1.5088001806269808,1.6342694487243612,8.7
337,-0.6539292056220078,0.8202176558457616,1.3697397277107073,0.15984483207325897,0.35337693150000565,1.5088001806269808,1.6342694487243612,14.1
95,0.18409344445297712,-0.4623787117139923,-0.4181597488989156,-0.40048364705098494,1.5420328317834688,-0.6260258571020546,-0.1978356009728761,31.5
15,-0.8286600116474544,-2.47788728930789,0.7969175653017994,-0.3590682246727237,1.4977971380154171,-0.8817292543787915,-0.5413552977911081,31.0
400,-0.988462835645517,0.8202176558457616,1.4131353460750187,0.02038573407222389,-1.8755312512644255,1.5088001806269808,1.6342694487243612,21.9
99,1.9845059653622361,0.316340511447288,-1.0777731480364465,-0.4463930186845333,0.2220968080593342,-0.48925427251217213,-0.3123421665789534,24.5
266,-1.0580125486321164,-1.6991680661466115,2.741041268022943,-0.31925297064146424,-1.8056103159536343,-0.05515315620515378,-0.5413552977911081,15.3
334,-0.882792300572985,0.8202176558457616,1.0746495228333917,0.7658897641038321,0.1464680412946001,1.5088001806269808,1.6342694487243612,9.5
381,2.4571111930882057,0.5911825902100913,-1.095131395382171,-0.46428424859238054,0.9441374869830235,-0.45952131934045853,-0.9993815602154175,26.6
77,0.6588522171271601,-1.6991680661466115,-1.207092090762094,-0.4634768969325804,2.2483769742088167,-1.1195928797525,-0.6558618633971854,48.5
267,0.9594185700129492,-0.37076468545972285,-0.6177795933747475,-0.4647546531601201,0.597386726156034,-0.25139064713846343,-0.5413552977911081,23.9
364,0.15595052751610544,0.13311245893875076,-1.025698405999273,-0.45660978306026995,-0.19600184594193248,-0.08488610937686736,-0.5413552977911081,20.8
274,-0.3614386462920166,0.8202176558457616,0.21541627922002818,0.10651733896979522,-0.15747398362782242,1.5088001806269808,1.6342694487243612,19.9
383,1.2550415583585228,-1.1494839086210022,-1.3989007239323497,-0.46608262111118265,1.6790207866780817,-1.0006610670656457,-0.7703684290032627,44.0
71,0.3258848016114422,0.04149843268448297,-0.921548921924926,-0.4605368683842081,0.5032075071659878,-0.9828212951626176,-0.7703684290032627,26.6
264,-1.1551178481151656,-1.6991680661466115,2.741041268022943,0.07329964113719759,-1.1549175302042225,-0.05515315620515378,-0.5413552977911081,15.6
319,-0.7178013910178644,0.8202176558457616,0.5105064840973449,0.17557431514733682,0.29487165909709756,1.5088001806269808,1.6342694487243612,16.7
350,2.096588191076038,0.316340511447288,-1.0777731480364465,-0.44214087851884254,-0.07328346968217465,-0.48925427251217213,-0.3123421665789534,20.5
323,1.0342542569633435,-2.2030452105450857,-1.338146858222314,-0.46613151147356,2.3482640246528055,-1.2742042362454107,-0.9993815602154175,50.0
211,1.0711581863031718,-1.1036768954938685,-1.025698405999273,-0.4510270322212261,0.5717014846132944,-0.7330644885202235,-0.6558618633971854,28.6
182,1.3253743785990177,-1.4701330005109412,-1.025698405999273,-0.4561327716868038,0.9612609813448494,-0.08488610937686736,-0.5413552977911081,37.0
370,-0.913871869711965,0.8202176558457616,1.4131353460750187,-0.009037014550969287,3.5711669136599222,1.5088001806269808,1.6342694487243612,21.9
330,0.9184522717935376,-1.836589105528013,-1.155885261092207,-0.4662900748110004,2.279770047205499,-0.9352485700878759,-0.6558618633971854,50.0
327,1.0833452929419212,0.8202176558457616,-0.34872675951601756,-0.4628809630560339,-0.3429785058809439,-1.1195928797525,-0.5413552977911081,21.1
29,-0.8565582075674838,0.8202176558457616,0.5105064840973449,0.46350023007716146,-0.24879928689089775,1.5088001806269808,1.6342694487243612,13.4
97,1.3898338944352961,-1.0578698823667336,-1.3641842292409005,-0.4623286340972835,-0.6997179717523316,-0.4476281380717731,-0.6558618633971854,19.4
17,0.9021049078684681,0.8202176558457616,-0.34872675951601756,-0.4640966153097429,-0.5456065224958927,-1.1195928797525,-0.5413552977911081,18.5
223,0.012054569612796651,1.1866737608628344,-0.14910691504018564,-0.37221048262423395,-0.7853354435614642,-0.6260258571020546,-0.6558618633971854,18.2
43,-0.6978811002468961,1.2782877871171021,0.5972977208259674,-0.3391275636284606,-0.7425267076568985,0.1470309253624986,-0.6558618633971854,15.6
25,-0.9540550606774808,0.7744106427186285,0.4671108657330336,-0.4407019162315718,-1.690026729011304,1.776396759172403,-0.6558618633971854,8.1
96,1.2226894399319623,-1.6991680661466115,-1.2166391268022427,-0.465238271339313,1.9016262133818287,-0.3822156410940032,-0.8848749946093402,42.3
1,0.8046569989618392,0.5453755770829583,-0.5396674803189871,-0.43626610686667944,-0.27733844416060816,-0.744957669788909,-0.5413552977911081,22.2
226,-0.32918441627219325,0.8202176558457616,-0.2011816570773592,0.0655049317408614,-0.06900259609171784,1.5088001806269808,1.6342694487243612,19.6
156,-1.0957485294292084,0.8202176558457616,1.256911119963498,0.5879803781346694,-1.0807157213029743,1.5088001806269808,1.6342694487243612,12.3
308,0.28535900122234664,0.08730544581161767,-0.5743839750104363,-0.4348178950513913,-0.7054258032062732,-0.8044235761323361,-0.6558618633971854,22.5
98,-0.66699730792139,0.362147524574421,0.2588118975843395,-0.4365184868454386,-0.3686637474236835,-0.1265122438172664,-0.4268487321850308,21.2
372,-0.17138830461223806,-0.27915065920545507,-0.5743839750104363,-0.4606359704701083,1.0411706217000403,-0.8460497105727351,-0.8848749946093402,23.6
348,-0.8165218492120733,0.8202176558457616,1.864449777063856,0.017910824647009844,-1.3061750637336906,1.5088001806269808,1.6342694487243612,20.8
180,0.8754303170326506,-1.4701330005109412,-0.27061464646025724,-0.456448577000539,-0.3786524524680832,-0.6022394945646837,-0.5413552977911081,22.9
86,1.1334641571912372,-0.233343646078322,-0.9302280455977883,-0.4390753206616634,-0.963705176497158,-1.0660735640434156,-0.7703684290032627,19.4
269,0.7972174800498314,0.2705334983201532,-1.121168766400758,-0.4626801161619428,0.641622419924087,-0.7806372135949652,-0.6558618633971854,28.0
298,-0.42261890050260714,0.8202176558457616,0.21541627922002818,1.5899976045880335,-0.5013708287278398,1.5088001806269808,1.6342694487243612,19.1
102,-0.9917910414745732,-1.6991680661466115,2.741041268022943,-0.0010123883153446847,-0.1788783515801052,-0.05515315620515378,-0.5413552977911081,15.6
302,-0.483945987323303,0.8202176558457616,1.3697397277107073,0.556234676617976,0.03373837007924193,1.5088001806269808,1.6342694487243612,14.9
314,-0.8179412311097591,0.8202176558457616,0.5105064840973449,1.5170188285311352,-1.3889386198158524,1.5088001806269808,1.6342694487243612,12.0
338,-0.8092291629101709,1.2782877871171021,0.5972977208259674,-0.4231806674444186,0.2577707546464735,0.1470309253624986,-0.6558618633971854,19.2
285,-0.6587746817554866,-1.6991680661466115,0.4323943710415846,-0.2302328702801887,-0.5712917640386322,-0.05515315620515378,-0.5413552977911081,23.8
107,0.9539368192356805,-0.233343646078322,-0.9302280455977883,-0.4512754481165492,0.7029816080539646,-1.0660735640434156,-0.7703684290032627,26.6
385,1.0711581863031718,-1.1036768954938685,-1.025698405999273,-0.461016522479965,0.38762392022365894,-0.7330644885202235,-0.6558618633971854,27.1
143,-1.012690216312911,0.8202176558457616,1.1961572542534622,2.809085397274879,-1.3247255159590028,1.5088001806269808,1.6342694487243612,8.3
39,-0.6769819254085584,-1.6991680661466115,0.4323943710415846,-0.16236511913344936,-0.5670108904481754,-0.05515315620515378,-0.5413552977911081,19.1
320,-1.0254157091887137,0.8202176558457616,1.1961572542534622,0.3077949967942222,0.18214198788173938,1.5088001806269808,1.6342694487243612,12.5
176,2.6025244212959375,-0.09592260669691952,-1.47701283698811,-0.46551839990212424,-0.06757563822823182,-1.0185008389686738,-0.9993815602154175,20.1
281,-0.8911128151456252,0.8202176558457616,0.5105064840973449,1.1238874605708165,-0.8980651147768236,1.5088001806269808,1.6342694487243612,20.8
295,-0.8659554946142304,0.8202176558457616,1.6040760668779883,1.4373936059131975,0.2620516282369303,1.5088001806269808,1.6342694487243612,9.6
14,1.2226894399319623,-1.6991680661466115,-1.2166391268022427,-0.46356278540702717,-0.16460877294525,-0.3822156410940032,-0.8848749946093402,24.1
237,-0.17168196983244888,-0.9204488429853328,-0.044957430965838555,-0.4588481688404689,0.5203310015278152,-0.8103701667666788,-0.5413552977911081,28.7
393,0.3556918214628415,1.1866737608628344,-0.14910691504018564,-0.32885265936232905,-0.48852820795647056,-0.6260258571020546,-0.6558618633971854,23.1
63,-0.8134383643998595,0.7744106427186285,0.4671108657330336,-0.45340548228283056,-0.42003423050916405,1.776396759172403,-0.6558618633971854,20.1
129,-0.32923336047556157,-0.004308580442651735,-0.7219290774490946,-0.4582007018792543,1.6305042193195733,-1.1314860610211854,-0.3123421665789534,33.4
3,-0.5754716476223466,-0.8288348167310634,-0.39212237788032883,-0.4497294555765063,-1.006513912401725,-0.6914383540798245,-0.5413552977911081,23.1
109,-0.9962449639811042,-1.6991680661466115,2.741041268022943,-0.14482008584568004,-1.4346012714473901,-0.05515315620515378,-0.5413552977911081,13.1
220,-0.9797997116492974,0.8202176558457616,1.256911119963498,1.0617438459056718,-1.7713633272299811,1.5088001806269808,1.6342694487243612,9.7
240,-0.5509016575313733,-0.8288348167310634,-0.39212237788032883,-0.4559874219608168,0.19783852438008062,-0.6914383540798245,-0.5413552977911081,23.6
197,1.7352331376066057,-0.8288348167310634,-1.3034303635308648,-0.4629998855591141,-0.09754175336142952,-0.7092781259828527,-0.4268487321850308,23.2
247,-0.7879384344448854,-1.6991680661466115,0.4323943710415846,-0.2673974738539045,2.993248978948275,-0.05515315620515378,-0.5413552977911081,50.0
27,-0.7703185212322353,0.8202176558457616,1.6040760668779883,0.8433162417759309,-0.037609523095035374,1.5088001806269808,1.6342694487243612,12.6
178,-0.0491256845977939,-0.4623787117139923,-0.4441971199175024,-0.3971577810481746,-0.42288814623613485,-0.6260258571020546,-0.1978356009728761,24.3
123,-0.913871869711965,0.8202176558457616,1.864449777063856,0.08981533409275017,-0.6768866459365629,1.5088001806269808,1.6342694487243612,16.8
243,0.4516714042684162,-1.607554039892343,-0.9744915763293857,-0.4633870443746975,2.2012873647137945,-1.1671656048272419,-0.5413552977911081,45.4
286,-0.42947108897419317,-0.4623787117139923,-0.4441971199175024,-0.3984883917215278,3.492684231168217,-0.6260258571020546,-0.1978356009728761,50.0
202,1.9845059653622361,0.316340511447288,-1.0777731480364465,-0.4429125534277187,0.6287797991527165,-0.48925427251217213,-0.3123421665789534,26.2
277,0.7061323175811043,-0.6914137773496626,-0.8260785615234412,-0.4593714278540219,-0.5841343848100015,0.10540479092209958,-0.6558618633971854,19.3
230,0.7417147534299838,0.362147524574421,-1.2339973741479673,-0.44713694500935736,-0.45142730350584526,-0.63791903837074,-0.6558618633971854,21.7
166,-1.1117532839306992,0.8202176558457616,1.1961572542534622,0.8422195120253024,-0.6069657106257703,1.5088001806269808,1.6342694487243612,6.3
241,-1.151544921269267,-1.6991680661466115,2.741041268022943,-0.15371813179837163,-0.21027142457678769,-0.05515315620515378,-0.5413552977911081,13.8
173,2.076080569864648,0.17891947206588546,-0.9823027876349618,-0.4599726471751497,-0.5413256489054359,-0.3584292785566323,-0.7703684290032627,17.2
263,-0.9708429224328669,1.2782877871171021,0.5972977208259674,-0.4338718004713309,-0.833852010919974,0.1470309253624986,-0.6558618633971854,16.2
297,0.8471405674856735,-1.1036768954938685,-1.025698405999273,-0.45719382468650843,-0.2145522981672445,-0.7330644885202235,-0.6558618633971854,23.9
232,0.7972174800498314,0.2705334983201532,-1.121168766400758,-0.4634227211256216,-0.15747398362782242,-0.7806372135949652,-0.6558618633971854,22.9
150,-0.623388022720081,0.362147524574421,0.2588118975843395,-0.4384661731736636,-0.3572480845157991,-0.1265122438172664,-0.4268487321850308,16.8
33,-1.1025517736974262,0.8202176558457616,1.0052165334504934,1.629466661999215,0.38191608876971606,1.5088001806269808,1.6342694487243612,10.9
132,0.6582159424833697,0.362147524574421,-1.2513556214936918,-0.4576946205605907,1.242371680451503,-0.9947144764313031,-0.6558618633971854,37.3
9,-1.0003073328606873,0.8202176558457616,1.256911119963498,0.6090243757352881,-1.2662202435560959,1.5088001806269808,1.6342694487243612,11.5
254,-0.9566980476593784,0.8202176558457616,1.6040760668779883,0.7727264866697998,-0.9280312299100201,1.5088001806269808,1.6342694487243612,12.8
46,-0.8319882174765105,0.8202176558457616,1.6040760668779883,0.36276626316248384,0.09081668461866403,1.5088001806269808,1.6342694487243612,14.9
345,0.2378831239549286,1.1866737608628344,-0.14910691504018564,-0.3644937335354726,-0.4100455254647644,-0.6260258571020546,-0.6558618633971854,17.5
82,1.7352331376066057,-0.8288348167310634,-1.3034303635308648,-0.46204982689561763,0.05371578016803998,-0.7092781259828527,-0.4268487321850308,22.3
64,0.4969447923842533,-0.37076468545972285,-0.9389071692706505,-0.45428154472218824,1.4121796662062847,-0.9411951607222185,-0.6558618633971854,33.2
165,-1.0345193310152496,0.8202176558457616,1.1961572542534622,5.576597034512074,-2.50910054265201,1.5088001806269808,1.6342694487243612,7.0
336,0.8417567051151413,-1.0578698823667336,-1.0604149006907222,-0.4558711421800273,0.3105681955954388,-0.49520086314651485,-0.3123421665789534,26.4
258,1.1209833853322766,0.13311245893875076,-0.8434368088691657,-0.4589908758441652,1.2409447225880184,-1.1314860610211854,-0.7703684290032627,36.2
231,-0.07677915950098071,-0.09592260669691952,-0.7913620668319922,-0.462440949794637,-0.040463438822007425,-0.8460497105727351,-0.6558618633971854,20.6
119,-0.13541431513641078,-0.1875366329511873,-0.956265416616375,-0.45198898313503055,0.4960727178485603,-0.8103701667666788,-0.8848749946093402,28.4
371,-1.1416092479854671,1.2782877871171021,0.5972977208259674,-0.252912712978733,-1.7956216109092347,0.1470309253624986,-0.6558618633971854,14.4
115,-0.1941963033819461,-0.4623787117139923,-0.4441971199175024,-0.40973978187406246,0.39190479381411447,-0.6260258571020546,-0.1978356009728761,31.5
133,-0.6130118516059648,-0.004308580442651735,-0.09703217300301209,-0.11987278742173946,-1.8612616726295703,-0.6438656290050827,-0.6558618633971854,16.1
152,1.7312197129303912,-2.6611153418164264,-1.312109487203727,-0.4628148949987671,1.4407188234759951,-0.49520086314651485,-0.8848749946093402,33.3
110,-0.2722133635512913,-0.4623787117139923,-0.4441971199175024,-0.4176203797448454,2.515218094680614,-0.6260258571020546,-0.1978356009728761,37.6
19,-0.8648787221401241,0.8202176558457616,1.6040760668779883,0.28061724075695466,-0.08327217472657304,1.5088001806269808,1.6342694487243612,18.4
233,-0.5990138094425818,-0.27915065920545507,-0.07099480198442533,-0.4387648007925095,-0.264495823389239,0.11729797219078501,-0.4268487321850308,18.7
396,-0.7837781771585652,0.8202176558457616,0.5105064840973449,0.884033985469455,-0.1317887420850828,1.5088001806269808,1.6342694487243612,14.6
310,1.3342822236120797,0.22472648519301855,-1.2687138688394162,-0.45118031011408505,-0.5598761011307478,-0.40005541299703135,-0.6558618633971854,20.9
121,0.012739788459955189,1.1866737608628344,-0.14910691504018564,-0.30270820774071416,-1.0093678281286957,-0.6260258571020546,-0.6558618633971854,13.6
238,1.489288515680032,-0.7372207904767957,-1.0083401586535485,-0.4615331746877913,-0.39862986255688,-1.0066076576999885,-0.6558618633971854,23.4
38,-0.6608792825003308,-2.47788728930789,0.1720206608557169,-0.39169527407335625,2.8819462655964028,-0.8817292543787915,-0.5413552977911081,50.0
191,0.5091808432263711,0.8202176558457616,-0.34872675951601756,-0.4637464546062289,-0.31158543288426144,-1.1195928797525,-0.5413552977911081,20.6
401,-1.0756814060481348,0.8202176558457616,1.1961572542534622,1.413001279170298,0.09367060034563482,1.5088001806269808,1.6342694487243612,7.2
126,-0.5160533847330211,0.8202176558457616,1.3697397277107073,0.43056530352966566,-0.28019235988757896,1.5088001806269808,1.6342694487243612,20.0
315,-0.11715812727997049,-0.004308580442651735,-0.09703217300301209,-0.41499351378791777,0.1493219570215709,-0.6438656290050827,-0.6558618633971854,23.1
363,1.1307232818026025,-1.4701330005109412,-0.27061464646025724,-0.4402024417186349,-0.9223233984560772,-0.6022394945646837,-0.5413552977911081,16.5
40,-1.097461576547105,-1.6991680661466115,2.741041268022943,-0.1601069129360704,-1.5573196477071478,-0.05515315620515378,-0.5413552977911081,17.8
217,0.2910365288130897,0.08730544581161767,-0.7913620668319922,-0.43879651345999754,2.0172098003241574,-1.1255394703868429,-0.7703684290032627,35.2
307,3.3959589021022443,-0.050115593569784816,-1.2513556214936918,-0.45854293441589633,-0.5613030589942326,-0.00758043113041204,-0.6558618633971854,18.6
199,0.03691822492398074,0.362147524574421,-0.48759273828181365,-0.44498444770360523,-0.44429251418841764,-0.7925303948636506,-0.5413552977911081,24.7
198,-0.6870154870990953,0.8202176558457616,1.3697397277107073,0.20448041156270358,0.028030538625299087,1.5088001806269808,1.6342694487243612,16.1
157,-0.7706121864524461,0.316340511447288,0.22409540289289043,-0.45864732194637786,-0.3900681153759676,-1.333670142588838,-0.8848749946093402,20.3
250,-1.0397563607756761,0.8202176558457616,1.0746495228333917,2.9595752181171773,-1.3889386198158524,1.5088001806269808,1.6342694487243612,10.4
124,-1.0593829863264335,0.8202176558457616,1.1961572542534622,5.019392253135404,-1.065019184804633,1.5088001806269808,1.6342694487243612,8.5
324,0.7208645227950146,-1.607554039892343,-0.9744915763293857,-0.4632192315092399,0.9855192650241043,-1.1671656048272419,-0.5413552977911081,35.4
23,-0.574590651961714,-0.27915065920545507,-0.5830630986832984,-0.4590133389836359,-0.19029401448798963,-1.3039371894171243,-0.7703684290032627,36.2
329,-0.968053102840864,0.8202176558457616,1.4131353460750187,1.092716551152344,0.7800373326821848,1.5088001806269808,1.6342694487243612,8.4
169,-0.6587746817554866,-1.6991680661466115,0.4323943710415846,-0.30857108714256926,-0.574145679765603,-0.05515315620515378,-0.5413552977911081,17.4
340,-0.13541431513641078,-0.1875366329511873,-0.956265416616375,-0.4521488678336162,2.5565998727216974,-0.8103701667666788,-0.8848749946093402,38.7
362,0.28535900122234664,0.08730544581161767,-0.5743839750104363,-0.43776453040549024,0.06941231666637995,-0.8044235761323361,-0.6558618633971854,24.4
205,1.9851422400060261,-1.6533610530194767,-1.346825981895176,-0.4607667852234965,1.08968718905855,-0.32274973475057606,-0.5413552977911081,29.0
34,0.3761504984708631,0.5453755770829583,-0.5396674803189871,-0.44596886175688044,0.21210810301493582,-0.744957669788909,-0.5413552977911081,23.8
391,-0.6135991820463864,0.8202176558457616,1.864449777063856,0.13203678676966626,0.17215328283733972,1.5088001806269808,1.6342694487243612,25.0
309,-0.864144559089597,0.316340511447288,0.22409540289289043,-0.45510078863229647,-0.5684378483116614,-1.333670142588838,-0.8848749946093402,18.8
325,0.008187977546687427,-1.4701330005109412,-1.025698405999273,-0.4577091555331894,0.7201051024157918,-0.08488610937686736,-0.5413552977911081,32.0
163,-0.2722133635512913,-0.4623787117139923,-0.4441971199175024,-0.4136245836413498,1.2637760484037872,-0.6260258571020546,-0.1978356009728761,31.6
159,-0.3327083989147233,-0.27915065920545507,-0.5743839750104363,-0.46291928252924863,0.18214198788173938,-0.8460497105727351,-0.8848749946093402,22.0
287,1.066312710169693,-1.4701330005109412,-0.27061464646025724,-0.4490145991968796,-0.1503391943103948,-0.6022394945646837,-0.5413552977911081,27.1
183,0.050475769257047526,0.08730544581161767,-0.5743839750104363,-0.41054184808928135,-1.3318603052764302,-0.8044235761323361,-0.6558618633971854,20.0
253,-0.13541431513641078,-0.1875366329511873,-0.956265416616375,-0.45729689085584463,2.2012873647137945,-0.8103701667666788,-0.8848749946093402,43.8
20,1.3149003190781647,0.8202176558457616,-0.34872675951601756,-0.4613983958509671,0.055142738031524745,-1.1195928797525,-0.5413552977911081,22.2
21,-0.4614805979771741,-0.27915065920545507,-0.5830630986832984,-0.460477407132668,1.0026427593859315,-1.3039371894171243,-0.7703684290032627,37.2
301,0.16094283625968972,-1.607554039892343,-0.9744915763293857,-0.4403160787771338,0.7629138383203588,-1.1671656048272419,-0.5413552977911081,35.1
174,-0.09023881542731078,0.08730544581161767,-0.5743839750104363,-0.4298548625895099,-1.2348271705594134,-0.8044235761323361,-0.6558618633971854,23.7
283,-0.24916064376474079,-0.004308580442651735,-0.09703217300301209,-0.4325200480196523,-0.016205155142752562,-0.6438656290050827,-0.6558618633971854,21.6
208,3.3959589021022443,-0.050115593569784816,-1.2513556214936918,-0.4576100534472892,0.43043265612822457,-0.00758043113041204,-0.6558618633971854,24.1
137,-1.1481188270334741,0.8202176558457616,1.256911119963498,1.7533310557629969,-1.4274664821299625,1.5088001806269808,1.6342694487243612,7.2
113,0.15976817537884652,0.8202176558457616,-0.2011816570773592,-0.09570509207354695,-0.7353919183394709,1.5088001806269808,1.6342694487243612,21.8
160,-0.8473077531308424,-1.6991680661466115,0.4323943710415846,-0.225807631804459,2.1756021231710534,-0.05515315620515378,-0.5413552977911081,50.0
386,0.08473671161497816,-0.004308580442651735,-0.09703217300301209,-0.43461044135157356,-0.8167285165581467,-0.6438656290050827,-0.6558618633971854,16.2
120,1.7364567426908177,1.232480773989969,-1.2600347451665541,-0.4663178233950524,-0.555595227540291,0.3373218256614655,-0.7703684290032627,18.9
354,-0.868402704782654,0.8202176558457616,0.2501327739114772,1.1501825473629996,-0.6283700785780544,1.5088001806269808,1.6342694487243612,10.2
127,-0.17682111118613847,0.8202176558457616,-0.2011816570773592,0.2891783396175856,1.1182263463282605,1.5088001806269808,1.6342694487243612,25.0
6,-0.19282586568762902,0.362147524574421,-0.48759273828181365,-0.4552395315525567,-0.6226622471241116,-0.7925303948636506,-0.5413552977911081,20.0
69,-0.8361484747628308,0.8202176558457616,0.2501327739114772,0.6936417007603046,-1.0165026174461234,1.5088001806269808,1.6342694487243612,11.7
80,-0.4192417504701826,-0.8288348167310634,-0.39212237788032883,-0.4593383938253885,0.8314078157676652,-0.6914383540798245,-0.5413552977911081,29.9
187,-1.043916618061996,0.8202176558457616,1.1961572542534622,0.7998249610383473,0.18071503001825334,1.5088001806269808,1.6342694487243612,12.1
32,2.096588191076038,0.316340511447288,-1.0777731480364465,-0.4232110587507613,-0.24166449757347017,-0.48925427251217213,-0.3123421665789534,24.3
399,1.0286746177793376,-0.6914137773496626,-0.8260785615234412,-0.46211060950830307,-0.19029401448798963,0.10540479092209958,-0.6558618633971854,19.8
148,-1.1545305176747438,0.8202176558457616,0.3629613816586865,6.288771051013732,-0.7425267076568985,1.5088001806269808,1.6342694487243612,15.0
192,-0.7988040475926862,-2.47788728930789,0.7969175653017994,-0.39753833305803127,1.7732000056681279,-0.8817292543787915,-0.5413552977911081,43.1
22,-1.0466574934506307,0.8202176558457616,1.1961572542534622,0.5456360388712372,-0.7567962862917538,1.5088001806269808,1.6342694487243612,8.5
181,-1.1311351884646141,-1.6991680661466115,2.741041268022943,-0.15513463094617164,-1.9283286922133909,-0.05515315620515378,-0.5413552977911081,14.6
390,-0.6004331913402674,1.1408667477356997,-0.30533114115170623,-0.4332798306782204,-0.06900259609171784,-0.1681383782576654,-0.5413552977911081,19.4
175,-0.9343305467199865,0.8202176558457616,1.0746495228333917,4.508382257399675,-0.10753045840582791,1.5088001806269808,1.6342694487243612,10.9
136,-0.7410988318212574,0.316340511447288,0.22409540289289043,-0.4589988040110372,-0.5812804690830307,-1.333670142588838,-0.8848749946093402,22.0
122,-0.6568658578241161,0.8202176558457616,0.2501327739114772,0.5963459155457908,-1.2134228026071305,1.5088001806269808,1.6342694487243612,13.8
296,-0.8074182273855375,0.8202176558457616,1.864449777063856,0.7188585568578937,-0.09326087977097271,1.5088001806269808,1.6342694487243612,17.8
358,0.7974132568633052,-0.050115593569784816,-1.1038105190550334,-0.4636764224655261,1.0654289053792951,-0.953088341990904,-0.7703684290032627,34.9
47,1.3803387189818124,-1.4701330005109412,-0.27061464646025724,-0.4456464496374185,-0.3900681153759676,-0.6022394945646837,-0.5413552977911081,18.9
93,-0.2446088328514728,-0.4623787117139923,-0.4181597488989156,-0.3868908049489151,0.48608401280416186,-0.6260258571020546,-0.1978356009728761,30.1
360,-0.645657635252736,0.8202176558457616,1.3697397277107073,0.6217556903705989,1.5919763570054632,1.5088001806269808,1.6342694487243612,17.8
212,-0.9327153880088268,0.8202176558457616,1.6040760668779883,2.445631800638803,-0.65548227798428,1.5088001806269808,1.6342694487243612,10.5
66,-0.5174238224273382,1.1408667477356997,-0.30533114115170623,-0.4378874169920065,0.18214198788173938,-0.1681383782576654,-0.5413552977911081,18.6
284,-0.44547584347568375,-0.4623787117139923,-0.4181597488989156,-0.4207982532993781,0.9612609813448494,-0.6260258571020546,-0.1978356009728761,26.7
190,-0.7850996706495139,0.8202176558457616,1.256911119963498,0.23128818647927712,-0.32300109579214586,1.5088001806269808,1.6342694487243612,23.2
84,-0.43030314043145723,0.362147524574421,0.2588118975843395,-0.4326521841341859,-0.6897292667079333,-0.1265122438172664,-0.4268487321850308,18.3
242,-0.7088446018014339,0.8202176558457616,1.3697397277107073,0.4195385447718381,0.6730154929207681,1.5088001806269808,1.6342694487243612,13.4
155,-0.7265134592174525,1.1866737608628344,0.15466241350999238,-0.4621330726477738,-0.2245410032116429,-0.8282099386697069,-0.9993815602154175,20.6
331,1.6903513031177169,0.5911825902100913,-0.886832427233477,-0.45354422520309084,0.25491683891950273,-0.7627974416919371,-0.1978356009728761,22.2
262,-0.023429977829345763,0.8202176558457616,0.24145365023861495,-0.1538198766065625,-0.5798535112195446,1.5088001806269808,1.6342694487243612,20.6
356,-1.051649802194215,-1.6991680661466115,2.741041268022943,-0.1841305799194213,-0.8110206851042051,-0.05515315620515378,-0.5413552977911081,19.4
141,-0.9694235405351812,0.8202176558457616,1.1961572542534622,0.6741701229226356,-0.12037307917719836,1.5088001806269808,1.6342694487243612,13.8
179,0.12717133593544375,-0.004308580442651735,-0.09703217300301209,-0.4357124565467837,-0.7068527610697593,-0.6438656290050827,-0.6558618633971854,19.8
101,-0.44821671886431813,1.1408667477356997,-0.30533114115170623,-0.4530090739392298,0.7186781445523058,-0.1681383782576654,-0.5413552977911081,26.5
228,-1.134120784870091,0.8202176558457616,0.3629613816586865,0.5102063824813473,-0.9423008085448753,1.5088001806269808,1.6342694487243612,17.2
282,-0.4406793115455733,0.8202176558457616,0.8663505546846975,0.030696315089279388,-0.4642699242772157,1.5088001806269808,1.6342694487243612,19.0
60,1.598531977598462,-1.3327119611295386,-0.9823027876349618,-0.46639578370262724,1.3750787617556592,-0.7627974416919371,-0.9993815602154175,32.7
207,-1.1873720781349888,-1.6991680661466115,2.741041268022943,-0.10081083153912464,-1.9611487230735594,-0.05515315620515378,-0.5413552977911081,11.8
214,-1.1939306013863642,0.8202176558457616,0.6580515865360033,0.17911688437798223,-1.8655425462200272,1.5088001806269808,1.6342694487243612,50.0
276,-0.6553485875196935,1.1408667477356997,-0.30533114115170623,-0.45119880917011973,0.28060208046224233,-0.1681383782576654,-0.5413552977911081,19.8
377,2.666690271912005,-0.9204488429853328,-1.4162589712780742,-0.4617472351933357,-0.24166449757347017,-0.5784531320273129,-0.9993815602154175,21.9
94,2.076080569864648,0.17891947206588546,-0.9823027876349618,-0.46400147730727864,-0.37579853674111113,-0.3584292785566323,-0.7703684290032627,17.5
288,-0.6405674381024149,-0.27915065920545507,-0.07099480198442533,-0.4454746726885249,-0.498516913000869,0.11729797219078501,-0.4268487321850308,18.3
278,0.9539368192356805,-0.233343646078322,-0.9302280455977883,-0.45190309466058376,-0.2973158542494062,-1.0660735640434156,-0.7703684290032627,21.2
256,-0.7852465032596194,1.1866737608628344,0.15466241350999238,-0.46008628423364856,0.9969349279319887,-0.8282099386697069,-0.9993815602154175,23.9
245,-0.8447626545556819,-1.6991680661466115,0.4323943710415846,-0.2024961784784441,2.3568257718337193,-0.05515315620515378,-0.5413552977911081,50.0
332,-0.6768840370018214,1.1866737608628344,0.15466241350999238,-0.4536340777609737,0.7372285967776179,-0.8282099386697069,-0.9993815602154175,22.0
153,0.11097080462047954,-0.004308580442651735,-0.09703217300301209,-0.4260599133801054,-0.518494323089667,-0.6438656290050827,-0.6558618633971854,17.8
8,-0.2408890733954689,-0.27915065920545507,-0.5830630986832984,-0.4601246037068633,-0.17745139371662047,-1.3039371894171243,-0.7703684290032627,29.6
402,0.8471405674856735,-1.1036768954938685,-1.025698405999273,-0.4572810345221006,-0.38293332605853875,-0.7330644885202235,-0.6558618633971854,21.7
213,-0.8777999918294008,0.8202176558457616,1.6040760668779883,0.8488249963908362,0.29629861696058357,1.5088001806269808,1.6342694487243612,15.4
289,-0.47635963580118984,0.362147524574421,0.2588118975843395,-0.4444638314123429,-0.8666720417801411,-0.1265122438172664,-0.4268487321850308,23.1
