Date,Open,High,Low,Close,Volume,Dividends,Stock Splits
2020-04-01 00:00:00-04:00,15.0,15.0,5.800000190734863,6.920000076293945,9626600,0,0
2020-04-02 00:00:00-04:00,7.309999942779541,7.980000019073486,6.0,6.210000038146973,13963700,0,0
2020-04-03 00:00:00-04:00,6.610000133514404,8.100000381469727,6.329999923706055,8.0600004196167,26556800,0,0
2020-04-06 00:00:00-04:00,8.680000305175781,9.0,7.230000019073486,7.300000190734863,7505200,0,0
2020-04-07 00:00:00-04:00,7.5,7.579999923706055,7.199999809265137,7.300000190734863,4968800,0,0
2020-04-08 00:00:00-04:00,7.199999809265137,10.300000190734863,7.199999809265137,10.029999732971191,7342800,0,0
2020-04-09 00:00:00-04:00,10.869999885559082,11.140000343322754,10.0,10.789999961853027,6333000,0,0
2020-04-13 00:00:00-04:00,10.970000267028809,11.84000015258789,9.449999809265137,9.5,2788900,0,0
2020-04-14 00:00:00-04:00,10.0,10.1899995803833,9.109999656677246,9.65999984741211,2940200,0,0
2020-04-15 00:00:00-04:00,9.119999885559082,9.239999771118164,8.699999809265137,8.890000343322754,1752000,0,0
2020-04-16 00:00:00-04:00,8.770000457763672,9.039999961853027,8.0600004196167,8.539999961853027,1832200,0,0
2020-04-17 00:00:00-04:00,8.9399995803833,10.199999809265137,8.899999618530273,9.470000267028809,4168600,0,0
2020-04-20 00:00:00-04:00,9.010000228881836,9.970000267028809,8.600000381469727,9.760000228881836,2430100,0,0
2020-04-21 00:00:00-04:00,9.489999771118164,9.859999656677246,9.270000457763672,9.3100004196167,1927800,0,0
2020-04-22 00:00:00-04:00,9.5600004196167,9.649999618530273,9.289999961853027,9.300000190734863,794500,0,0
2020-04-23 00:00:00-04:00,9.319999694824219,9.5,8.8100004196167,8.819999694824219,1426400,0,0
2020-04-24 00:00:00-04:00,8.819999694824219,8.930000305175781,7.900000095367432,8.039999961853027,3339600,0,0
2020-04-27 00:00:00-04:00,8.100000381469727,9.40999984741211,8.100000381469727,9.149999618530273,1703700,0,0
2020-04-28 00:00:00-04:00,9.399999618530273,9.800000190734863,7.909999847412109,8.199999809265137,5760900,0,0
2020-04-29 00:00:00-04:00,8.640000343322754,8.920000076293945,8.399999618530273,8.8100004196167,2215900,0,0
2020-04-30 00:00:00-04:00,8.569999694824219,8.800000190734863,8.319999694824219,8.720000267028809,1347700,0,0
2020-05-01 00:00:00-04:00,8.399999618530273,8.6899995803833,8.319999694824219,8.550000190734863,2067600,0,0
2020-05-04 00:00:00-04:00,8.199999809265137,9.020000457763672,8.15999984741211,8.880000114440918,1989200,0,0
2020-05-05 00:00:00-04:00,8.9399995803833,9.050000190734863,8.510000228881836,8.84000015258789,1854900,0,0
2020-05-06 00:00:00-04:00,8.75,8.75,8.300000190734863,8.34000015258789,1836400,0,0
2020-05-07 00:00:00-04:00,8.470000267028809,8.819999694824219,8.40999984741211,8.670000076293945,1224600,0,0
2020-05-08 00:00:00-04:00,8.739999771118164,9.119999885559082,8.630000114440918,9.119999885559082,1588800,0,0
2020-05-11 00:00:00-04:00,8.9399995803833,9.100000381469727,8.649999618530273,8.779999732971191,909700,0,0
2020-05-12 00:00:00-04:00,8.850000381469727,9.039999961853027,8.5,8.520000457763672,2538100,0,0
2020-05-13 00:00:00-04:00,8.489999771118164,8.600000381469727,8.229999542236328,8.300000190734863,1212800,0,0
2020-05-14 00:00:00-04:00,8.130000114440918,8.460000038146973,7.789999961853027,8.329999923706055,2273000,0,0
2020-05-15 00:00:00-04:00,8.210000038146973,8.619999885559082,8.039999961853027,8.34000015258789,1097700,0,0
2020-05-18 00:00:00-04:00,8.680000305175781,9.300000190734863,8.640000343322754,9.270000457763672,1458700,0,0
2020-05-19 00:00:00-04:00,9.289999961853027,9.59000015258789,8.979999542236328,9.289999961853027,1054400,0,0
2020-05-20 00:00:00-04:00,9.9399995803833,10.829999923706055,9.899999618530273,10.5,2621500,0,0
2020-05-21 00:00:00-04:00,10.399999618530273,11.609999656677246,10.25,11.279999732971191,2228300,0,0
2020-05-22 00:00:00-04:00,11.720000267028809,13.050000190734863,11.539999961853027,12.84000015258789,3196800,0,0
2020-05-26 00:00:00-04:00,14.100000381469727,15.779999732971191,12.779999732971191,13.050000190734863,5366900,0,0
2020-05-27 00:00:00-04:00,13.4399995803833,14.210000038146973,13.3100004196167,13.949999809265137,2587100,0,0
2020-05-28 00:00:00-04:00,14.510000228881836,14.75,13.529999732971191,13.729999542236328,2097600,0,0
2020-05-29 00:00:00-04:00,13.5,14.630000114440918,13.329999923706055,14.470000267028809,2452100,0,0
2020-06-01 00:00:00-04:00,14.40999984741211,15.0600004196167,14.020000457763672,14.930000305175781,1263100,0,0
2020-06-02 00:00:00-04:00,15.130000114440918,16.1200008392334,15.09000015258789,15.949999809265137,2019600,0,0
2020-06-03 00:00:00-04:00,16.600000381469727,17.309999465942383,16.15999984741211,17.09000015258789,2419800,0,0
2020-06-04 00:00:00-04:00,17.25,17.899999618530273,16.6299991607666,17.31999969482422,2690300,0,0
2020-06-05 00:00:00-04:00,17.799999237060547,18.780000686645508,17.600000381469727,18.690000534057617,2022800,0,0
2020-06-08 00:00:00-04:00,19.479999542236328,19.690000534057617,16.270000457763672,18.520000457763672,4423700,0,0
2020-06-09 00:00:00-04:00,17.5,18.600000381469727,17.149999618530273,17.799999237060547,2174100,0,0
2020-06-10 00:00:00-04:00,17.459999084472656,17.770000457763672,16.559999465942383,16.760000228881836,1696700,0,0
2020-06-11 00:00:00-04:00,15.0,16.56999969482422,14.710000038146973,15.369999885559082,1637900,0,0
2020-06-12 00:00:00-04:00,16.5,17.190000534057617,15.920000076293945,16.479999542236328,1394000,0,0
2020-06-15 00:00:00-04:00,15.470000267028809,16.59000015258789,15.25,16.260000228881836,2020100,0,0
2020-06-16 00:00:00-04:00,17.18000030517578,17.18000030517578,16.270000457763672,16.610000610351562,1585900,0,0
2020-06-17 00:00:00-04:00,16.6299991607666,16.75,15.430000305175781,15.510000228881836,1489500,0,0
2020-06-18 00:00:00-04:00,15.260000228881836,15.779999732971191,15.050000190734863,15.739999771118164,1083000,0,0
2020-06-19 00:00:00-04:00,15.989999771118164,15.989999771118164,15.079999923706055,15.399999618530273,3840300,0,0
2020-06-22 00:00:00-04:00,15.4399995803833,16.209999084472656,15.34000015258789,15.770000457763672,1365600,0,0
2020-06-23 00:00:00-04:00,16.030000686645508,16.3700008392334,15.75,15.920000076293945,1037300,0,0
2020-06-24 00:00:00-04:00,15.710000038146973,15.869999885559082,14.6899995803833,15.050000190734863,1509900,0,0
2020-06-25 00:00:00-04:00,14.920000076293945,15.850000381469727,14.75,15.460000038146973,1318700,0,0
2020-06-26 00:00:00-04:00,15.220000267028809,15.329999923706055,13.5600004196167,13.670000076293945,11774700,0,0
2020-06-29 00:00:00-04:00,14.029999732971191,14.300000190734863,13.510000228881836,13.84000015258789,1630700,0,0
2020-06-30 00:00:00-04:00,13.829999923706055,14.130000114440918,13.380000114440918,13.930000305175781,1138100,0,0
2020-07-01 00:00:00-04:00,13.9399995803833,14.15999984741211,13.1899995803833,13.229999542236328,1346400,0,0
2020-07-02 00:00:00-04:00,13.529999732971191,13.760000228881836,12.9399995803833,13.069999694824219,1120900,0,0
2020-07-06 00:00:00-04:00,13.449999809265137,14.25,13.300000190734863,14.1899995803833,1489000,0,0
2020-07-07 00:00:00-04:00,13.949999809265137,14.4399995803833,13.699999809265137,14.119999885559082,1385200,0,0
2020-07-08 00:00:00-04:00,14.170000076293945,14.649999618530273,13.720000267028809,14.539999961853027,1266500,0,0
2020-07-09 00:00:00-04:00,14.510000228881836,14.609999656677246,13.960000038146973,14.069999694824219,1202500,0,0
2020-07-10 00:00:00-04:00,14.050000190734863,14.5600004196167,14.020000457763672,14.510000228881836,726500,0,0
2020-07-13 00:00:00-04:00,14.75,15.6899995803833,14.6899995803833,14.9399995803833,1379400,0,0
2020-07-14 00:00:00-04:00,14.8100004196167,15.739999771118164,14.529999732971191,15.720000267028809,1019900,0,0
2020-07-15 00:00:00-04:00,16.270000457763672,16.5,15.670000076293945,16.40999984741211,1362200,0,0
2020-07-16 00:00:00-04:00,16.31999969482422,16.920000076293945,16.280000686645508,16.729999542236328,1267400,0,0
2020-07-17 00:00:00-04:00,16.75,16.8799991607666,16.059999465942383,16.25,747500,0,0
2020-07-20 00:00:00-04:00,16.040000915527344,16.399999618530273,15.8100004196167,16.25,958000,0,0
2020-07-21 00:00:00-04:00,16.219999313354492,16.989999771118164,16.18000030517578,16.790000915527344,1524000,0,0
2020-07-22 00:00:00-04:00,16.56999969482422,17.31999969482422,16.450000762939453,17.209999084472656,695900,0,0
2020-07-23 00:00:00-04:00,17.06999969482422,17.209999084472656,16.25,16.3700008392334,689300,0,0
2020-07-24 00:00:00-04:00,16.229999542236328,16.450000762939453,15.90999984741211,16.350000381469727,481400,0,0
2020-07-27 00:00:00-04:00,16.420000076293945,17.020000457763672,16.059999465942383,17.010000228881836,735100,0,0
2020-07-28 00:00:00-04:00,16.780000686645508,17.100000381469727,16.709999084472656,16.75,449100,0,0
2020-07-29 00:00:00-04:00,17.100000381469727,17.100000381469727,16.219999313354492,16.399999618530273,874600,0,0
2020-07-30 00:00:00-04:00,16.0,16.34000015258789,15.6899995803833,16.280000686645508,486700,0,0
2020-07-31 00:00:00-04:00,16.100000381469727,16.299999237060547,15.510000228881836,16.290000915527344,656900,0,0
2020-08-03 00:00:00-04:00,16.3799991607666,17.260000228881836,16.049999237060547,17.260000228881836,1004100,0,0
2020-08-04 00:00:00-04:00,16.649999618530273,17.59000015258789,15.710000038146973,17.459999084472656,1527600,0,0
2020-08-05 00:00:00-04:00,17.84000015258789,19.690000534057617,17.760000228881836,19.639999389648438,1779100,0,0
2020-08-06 00:00:00-04:00,19.399999618530273,20.579999923706055,19.06999969482422,20.34000015258789,1561500,0,0
2020-08-07 00:00:00-04:00,20.079999923706055,20.100000381469727,18.90999984741211,19.950000762939453,653400,0,0
2020-08-10 00:00:00-04:00,20.049999237060547,23.170000076293945,20.030000686645508,21.1299991607666,2221900,0,0
2020-08-11 00:00:00-04:00,21.780000686645508,23.149999618530273,21.43000030517578,22.110000610351562,1672200,0,0
2020-08-12 00:00:00-04:00,22.399999618530273,22.899999618530273,22.139999389648438,22.760000228881836,1235400,0,0
2020-08-13 00:00:00-04:00,22.510000228881836,22.65999984741211,21.739999771118164,22.1299991607666,1054100,0,0
2020-08-14 00:00:00-04:00,21.920000076293945,22.520000457763672,21.729999542236328,22.100000381469727,632300,0,0
2020-08-17 00:00:00-04:00,22.290000915527344,23.100000381469727,22.200000762939453,22.639999389648438,1367000,0,0
2020-08-18 00:00:00-04:00,22.850000381469727,23.290000915527344,22.600000381469727,23.079999923706055,948300,0,0
2020-08-19 00:00:00-04:00,23.1200008392334,23.700000762939453,22.8700008392334,23.0,728800,0,0
2020-08-20 00:00:00-04:00,22.56999969482422,23.34000015258789,22.43000030517578,22.940000534057617,607000,0,0
2020-08-21 00:00:00-04:00,22.579999923706055,23.219999313354492,21.899999618530273,22.290000915527344,463300,0,0
2020-08-24 00:00:00-04:00,22.489999771118164,22.90999984741211,22.31999969482422,22.700000762939453,511300,0,0
2020-08-25 00:00:00-04:00,22.81999969482422,23.190000534057617,22.350000381469727,23.049999237060547,720700,0,0
2020-08-26 00:00:00-04:00,23.049999237060547,23.59000015258789,22.350000381469727,22.389999389648438,494700,0,0
2020-08-27 00:00:00-04:00,22.479999542236328,22.969999313354492,22.010000228881836,22.84000015258789,644100,0,0
2020-08-28 00:00:00-04:00,22.850000381469727,23.209999084472656,22.68000030517578,22.969999313354492,399400,0,0
2020-08-31 00:00:00-04:00,22.850000381469727,23.049999237060547,22.200000762939453,22.25,1041400,0,0
2020-09-01 00:00:00-04:00,22.200000762939453,22.8799991607666,22.100000381469727,22.719999313354492,532800,0,0
2020-09-02 00:00:00-04:00,22.719999313354492,22.719999313354492,22.049999237060547,22.549999237060547,595600,0,0
2020-09-03 00:00:00-04:00,22.469999313354492,22.979999542236328,21.450000762939453,21.860000610351562,574300,0,0
2020-09-04 00:00:00-04:00,22.209999084472656,22.229999542236328,21.049999237060547,21.459999084472656,612000,0,0
2020-09-08 00:00:00-04:00,21.0,22.350000381469727,20.850000381469727,21.399999618530273,723500,0,0
2020-09-09 00:00:00-04:00,22.299999237060547,22.299999237060547,20.670000076293945,21.149999618530273,843600,0,0
2020-09-10 00:00:00-04:00,21.149999618530273,21.149999618530273,19.520000457763672,19.649999618530273,852100,0,0
2020-09-11 00:00:00-04:00,19.829999923706055,19.829999923706055,18.93000030517578,19.059999465942383,694500,0,0
2020-09-14 00:00:00-04:00,20.219999313354492,20.65999984741211,19.600000381469727,20.34000015258789,738400,0,0
2020-09-15 00:00:00-04:00,20.489999771118164,20.739999771118164,20.040000915527344,20.510000228881836,418900,0,0
2020-09-16 00:00:00-04:00,20.540000915527344,21.799999237060547,20.209999084472656,21.290000915527344,904800,0,0
2020-09-17 00:00:00-04:00,20.850000381469727,21.299999237060547,20.420000076293945,21.18000030517578,539900,0,0
2020-09-18 00:00:00-04:00,21.56999969482422,22.350000381469727,20.700000762939453,21.020000457763672,2746300,0,0
2020-09-21 00:00:00-04:00,20.280000686645508,20.3799991607666,19.110000610351562,19.170000076293945,930100,0,0
2020-09-22 00:00:00-04:00,19.290000915527344,19.559999465942383,18.440000534057617,18.6299991607666,585600,0,0
2020-09-23 00:00:00-04:00,18.950000762939453,20.309999465942383,18.739999771118164,18.889999389648438,857200,0,0
2020-09-24 00:00:00-04:00,18.8700008392334,19.190000534057617,18.309999465942383,18.780000686645508,1092700,0,0
2020-09-25 00:00:00-04:00,18.489999771118164,18.809999465942383,18.219999313354492,18.299999237060547,647000,0,0
2020-09-28 00:00:00-04:00,18.770000457763672,20.209999084472656,18.59000015258789,20.059999465942383,830200,0,0
2020-09-29 00:00:00-04:00,19.899999618530273,20.139999389648438,19.170000076293945,19.639999389648438,451400,0,0
2020-09-30 00:00:00-04:00,19.600000381469727,20.25,18.690000534057617,19.049999237060547,942400,0,0
2020-10-01 00:00:00-04:00,19.18000030517578,19.809999465942383,18.56999969482422,18.829999923706055,678000,0,0
2020-10-02 00:00:00-04:00,18.34000015258789,19.799999237060547,18.149999618530273,19.520000457763672,579300,0,0
2020-10-05 00:00:00-04:00,19.729999542236328,20.84000015258789,19.59000015258789,20.68000030517578,622900,0,0
2020-10-06 00:00:00-04:00,20.979999542236328,21.469999313354492,20.350000381469727,20.3700008392334,756300,0,0
2020-10-07 00:00:00-04:00,20.65999984741211,21.75,20.65999984741211,21.389999389648438,936400,0,0
2020-10-08 00:00:00-04:00,21.559999465942383,22.079999923706055,21.229999542236328,21.940000534057617,601700,0,0
2020-10-09 00:00:00-04:00,22.25,22.729999542236328,21.899999618530273,22.670000076293945,691400,0,0
2020-10-12 00:00:00-04:00,22.700000762939453,22.899999618530273,22.030000686645508,22.270000457763672,627300,0,0
2020-10-13 00:00:00-04:00,22.059999465942383,22.34000015258789,21.709999084472656,21.920000076293945,629400,0,0
2020-10-14 00:00:00-04:00,22.0,22.56999969482422,21.969999313354492,22.479999542236328,444000,0,0
2020-10-15 00:00:00-04:00,21.899999618530273,23.34000015258789,21.719999313354492,23.149999618530273,458500,0,0
2020-10-16 00:00:00-04:00,23.079999923706055,23.559999465942383,22.850000381469727,23.170000076293945,537400,0,0
2020-10-19 00:00:00-04:00,23.229999542236328,23.860000610351562,23.18000030517578,23.290000915527344,641500,0,0
2020-10-20 00:00:00-04:00,23.5,24.649999618530273,23.350000381469727,23.760000228881836,770700,0,0
2020-10-21 00:00:00-04:00,23.760000228881836,24.049999237060547,23.299999237060547,23.309999465942383,373800,0,0
2020-10-22 00:00:00-04:00,23.440000534057617,23.93000030517578,22.780000686645508,23.75,1057400,0,0
2020-10-23 00:00:00-04:00,24.040000915527344,24.719999313354492,23.559999465942383,23.889999389648438,577100,0,0
2020-10-26 00:00:00-04:00,23.5,23.969999313354492,23.149999618530273,23.440000534057617,462800,0,0
2020-10-27 00:00:00-04:00,23.34000015258789,23.489999771118164,22.889999389648438,23.06999969482422,380600,0,0
2020-10-28 00:00:00-04:00,22.360000610351562,22.360000610351562,21.149999618530273,21.190000534057617,613900,0,0
2020-10-29 00:00:00-04:00,20.959999084472656,22.049999237060547,20.8799991607666,21.90999984741211,472500,0,0
2020-10-30 00:00:00-04:00,21.739999771118164,22.520000457763672,21.139999389648438,21.739999771118164,542600,0,0
2020-11-02 00:00:00-05:00,22.079999923706055,22.6200008392334,21.719999313354492,22.559999465942383,399600,0,0
2020-11-03 00:00:00-05:00,23.09000015258789,24.360000610351562,22.610000610351562,24.049999237060547,633500,0,0
2020-11-04 00:00:00-05:00,23.43000030517578,23.739999771118164,21.219999313354492,23.540000915527344,826100,0,0
2020-11-05 00:00:00-05:00,23.65999984741211,25.979999542236328,23.65999984741211,25.360000610351562,936900,0,0
2020-11-06 00:00:00-05:00,25.260000228881836,26.149999618530273,24.5,25.350000381469727,650000,0,0
2020-11-09 00:00:00-05:00,27.459999084472656,29.0,26.100000381469727,26.219999313354492,1234400,0,0
2020-11-10 00:00:00-05:00,26.639999389648438,28.299999237060547,26.229999542236328,28.190000534057617,1433500,0,0
2020-11-11 00:00:00-05:00,28.209999084472656,28.450000762939453,26.760000228881836,27.93000030517578,1101200,0,0
2020-11-12 00:00:00-05:00,27.559999465942383,27.809999465942383,26.93000030517578,27.200000762939453,734700,0,0
2020-11-13 00:00:00-05:00,27.690000534057617,28.510000228881836,27.479999542236328,28.360000610351562,837100,0,0
2020-11-16 00:00:00-05:00,29.1200008392334,29.950000762939453,28.719999313354492,29.290000915527344,1112800,0,0
2020-11-17 00:00:00-05:00,28.84000015258789,29.610000610351562,28.459999084472656,29.34000015258789,843500,0,0
2020-11-18 00:00:00-05:00,29.540000915527344,29.540000915527344,28.40999984741211,28.40999984741211,729200,0,0
2020-11-19 00:00:00-05:00,28.18000030517578,29.149999618530273,28.040000915527344,28.559999465942383,469400,0,0
2020-11-20 00:00:00-05:00,28.5,28.579999923706055,27.610000610351562,28.06999969482422,474000,0,0
2020-11-23 00:00:00-05:00,28.450000762939453,28.889999389648438,28.100000381469727,28.3799991607666,878200,0,0
2020-11-24 00:00:00-05:00,28.760000228881836,29.0,28.420000076293945,28.81999969482422,588500,0,0
2020-11-25 00:00:00-05:00,28.510000228881836,29.5,27.959999084472656,29.25,462200,0,0
2020-11-27 00:00:00-05:00,29.09000015258789,29.299999237060547,28.31999969482422,28.75,261800,0,0
2020-11-30 00:00:00-05:00,28.360000610351562,28.56999969482422,27.299999237060547,27.510000228881836,551900,0,0
2020-12-01 00:00:00-05:00,28.190000534057617,29.979999542236328,27.860000610351562,29.709999084472656,1786600,0,0
2020-12-02 00:00:00-05:00,29.700000762939453,29.700000762939453,28.56999969482422,29.1299991607666,576300,0,0
2020-12-03 00:00:00-05:00,29.209999084472656,29.559999465942383,28.81999969482422,29.100000381469727,420700,0,0
2020-12-04 00:00:00-05:00,29.479999542236328,31.1299991607666,29.15999984741211,30.899999618530273,1125800,0,0
2020-12-07 00:00:00-05:00,30.850000381469727,30.8700008392334,28.309999465942383,28.809999465942383,992900,0,0
2020-12-08 00:00:00-05:00,28.520000457763672,30.729999542236328,28.360000610351562,30.56999969482422,808100,0,0
2020-12-09 00:00:00-05:00,31.0,31.59000015258789,29.989999771118164,30.579999923706055,989200,0,0
2020-12-10 00:00:00-05:00,30.309999465942383,31.049999237060547,29.700000762939453,30.799999237060547,505800,0,0
2020-12-11 00:00:00-05:00,30.25,31.229999542236328,30.0,30.290000915527344,629300,0,0
2020-12-14 00:00:00-05:00,30.799999237060547,30.799999237060547,29.889999389648438,30.229999542236328,753200,0,0
2020-12-15 00:00:00-05:00,30.790000915527344,30.90999984741211,30.079999923706055,30.530000686645508,961300,0,0
2020-12-16 00:00:00-05:00,30.739999771118164,30.790000915527344,29.43000030517578,29.889999389648438,1099200,0,0
2020-12-17 00:00:00-05:00,30.200000762939453,30.559999465942383,29.139999389648438,29.420000076293945,1276500,0,0
2020-12-18 00:00:00-05:00,29.65999984741211,29.790000915527344,28.639999389648438,28.790000915527344,2155500,0,0
2020-12-21 00:00:00-05:00,28.149999618530273,28.860000610351562,28.020000457763672,28.81999969482422,993500,0,0
2020-12-22 00:00:00-05:00,28.81999969482422,28.81999969482422,28.06999969482422,28.459999084472656,892500,0,0
2020-12-23 00:00:00-05:00,28.670000076293945,29.100000381469727,28.3700008392334,28.670000076293945,724300,0,0
2020-12-24 00:00:00-05:00,28.65999984741211,29.3799991607666,28.34000015258789,29.15999984741211,700200,0,0
2020-12-28 00:00:00-05:00,29.299999237060547,29.809999465942383,28.719999313354492,29.209999084472656,1200600,0,0
2020-12-29 00:00:00-05:00,28.399999618530273,29.950000762939453,28.040000915527344,28.860000610351562,1475600,0,0
2020-12-30 00:00:00-05:00,28.940000534057617,30.3700008392334,28.940000534057617,29.549999237060547,1711900,0,0
2020-12-31 00:00:00-05:00,29.540000915527344,30.290000915527344,29.020000457763672,29.799999237060547,1983800,0,0
2021-01-04 00:00:00-05:00,30.329999923706055,30.639999389648438,27.799999237060547,27.8700008392334,726800,0,0
2021-01-05 00:00:00-05:00,27.719999313354492,29.06999969482422,27.719999313354492,28.950000762939453,621200,0,0
2021-01-06 00:00:00-05:00,29.639999389648438,30.790000915527344,29.510000228881836,30.110000610351562,1104300,0,0
2021-01-07 00:00:00-05:00,30.350000381469727,31.59000015258789,29.059999465942383,29.3799991607666,939000,0,0
2021-01-08 00:00:00-05:00,29.459999084472656,30.40999984741211,28.799999237060547,29.56999969482422,755700,0,0
2021-01-11 00:00:00-05:00,28.829999923706055,29.520000457763672,28.75,29.239999771118164,387100,0,0
2021-01-12 00:00:00-05:00,29.40999984741211,30.170000076293945,29.06999969482422,29.799999237060547,1144200,0,0
2021-01-13 00:00:00-05:00,30.030000686645508,30.350000381469727,29.440000534057617,29.610000610351562,418000,0,0
2021-01-14 00:00:00-05:00,30.0,30.940000534057617,29.850000381469727,30.329999923706055,739000,0,0
2021-01-15 00:00:00-05:00,29.450000762939453,30.31999969482422,29.010000228881836,30.290000915527344,795400,0,0
2021-01-19 00:00:00-05:00,30.549999237060547,31.190000534057617,29.3700008392334,30.010000228881836,1322300,0,0
2021-01-20 00:00:00-05:00,30.06999969482422,30.540000915527344,29.43000030517578,29.81999969482422,479900,0,0
2021-01-21 00:00:00-05:00,29.450000762939453,29.700000762939453,28.579999923706055,28.81999969482422,731100,0,0
2021-01-22 00:00:00-05:00,28.290000915527344,28.799999237060547,27.959999084472656,28.1299991607666,600500,0,0
2021-01-25 00:00:00-05:00,27.889999389648438,28.190000534057617,26.040000915527344,27.5,649600,0,0
2021-01-26 00:00:00-05:00,27.90999984741211,28.0,26.270000457763672,26.440000534057617,586900,0,0
2021-01-27 00:00:00-05:00,25.68000030517578,25.68000030517578,24.110000610351562,24.68000030517578,983700,0,0
2021-01-28 00:00:00-05:00,25.309999465942383,26.09000015258789,25.0,25.739999771118164,691000,0,0
2021-01-29 00:00:00-05:00,25.59000015258789,25.84000015258789,24.43000030517578,25.200000762939453,852300,0,0
2021-02-01 00:00:00-05:00,25.420000076293945,26.309999465942383,24.670000076293945,26.15999984741211,557000,0,0
2021-02-02 00:00:00-05:00,26.690000534057617,27.219999313354492,26.399999618530273,26.670000076293945,537900,0,0
2021-02-03 00:00:00-05:00,26.43000030517578,27.149999618530273,26.059999465942383,26.719999313354492,488300,0,0
2021-02-04 00:00:00-05:00,26.75,27.43000030517578,26.459999084472656,26.600000381469727,1054400,0,0
2021-02-05 00:00:00-05:00,26.920000076293945,27.110000610351562,25.709999084472656,26.15999984741211,997400,0,0
2021-02-08 00:00:00-05:00,26.450000762939453,27.09000015258789,25.950000762939453,26.6200008392334,695700,0,0
2021-02-09 00:00:00-05:00,26.479999542236328,26.799999237060547,25.700000762939453,26.469999313354492,2715800,0,0
2021-02-10 00:00:00-05:00,26.520000457763672,27.309999465942383,25.450000762939453,25.489999771118164,914700,0,0
2021-02-11 00:00:00-05:00,25.530000686645508,26.309999465942383,25.40999984741211,25.5,1329000,0,0
2021-02-12 00:00:00-05:00,25.329999923706055,26.030000686645508,25.139999389648438,25.899999618530273,569600,0,0
2021-02-16 00:00:00-05:00,26.420000076293945,26.65999984741211,25.290000915527344,25.579999923706055,914500,0,0
2021-02-17 00:00:00-05:00,25.510000228881836,26.479999542236328,25.389999389648438,25.979999542236328,800600,0,0
2021-02-18 00:00:00-05:00,25.770000457763672,25.979999542236328,24.899999618530273,25.030000686645508,836100,0,0
2021-02-19 00:00:00-05:00,25.219999313354492,26.149999618530273,25.219999313354492,25.739999771118164,754300,0,0
2021-02-22 00:00:00-05:00,25.649999618530273,26.170000076293945,25.350000381469727,25.729999542236328,1359300,0,0
2021-02-23 00:00:00-05:00,24.5,25.0,22.219999313354492,22.829999923706055,1985600,0,0
2021-02-24 00:00:00-05:00,23.030000686645508,23.34000015258789,22.280000686645508,23.049999237060547,2693300,0,0
2021-02-25 00:00:00-05:00,23.049999237060547,23.15999984741211,22.299999237060547,22.850000381469727,2051100,0,0
2021-02-26 00:00:00-05:00,22.8700008392334,23.25,21.799999237060547,21.920000076293945,1961600,0,0
2021-03-01 00:00:00-05:00,22.260000228881836,24.0,22.260000228881836,23.989999771118164,1088500,0,0
2021-03-02 00:00:00-05:00,24.479999542236328,25.709999084472656,24.479999542236328,24.81999969482422,1339700,0,0
2021-03-03 00:00:00-05:00,24.8799991607666,25.850000381469727,24.309999465942383,25.09000015258789,1136500,0,0
2021-03-04 00:00:00-05:00,24.59000015258789,25.670000076293945,23.309999465942383,24.059999465942383,1582800,0,0
2021-03-05 00:00:00-05:00,24.510000228881836,25.3799991607666,23.860000610351562,25.270000457763672,1131500,0,0
2021-03-08 00:00:00-05:00,25.389999389648438,26.8700008392334,25.049999237060547,26.81999969482422,1271900,0,0
2021-03-09 00:00:00-05:00,27.0,28.56999969482422,26.65999984741211,28.229999542236328,1889500,0,0
2021-03-10 00:00:00-05:00,28.350000381469727,29.8799991607666,28.290000915527344,29.700000762939453,1565400,0,0
2021-03-11 00:00:00-05:00,29.940000534057617,31.139999389648438,29.850000381469727,31.049999237060547,2526700,0,0
2021-03-12 00:00:00-05:00,30.989999771118164,31.850000381469727,29.829999923706055,29.950000762939453,1454400,0,0
2021-03-15 00:00:00-04:00,29.600000381469727,30.3700008392334,28.760000228881836,29.06999969482422,1360200,0,0
2021-03-16 00:00:00-04:00,28.989999771118164,29.65999984741211,28.290000915527344,28.389999389648438,841300,0,0
2021-03-17 00:00:00-04:00,28.200000762939453,29.25,27.959999084472656,29.15999984741211,746400,0,0
2021-03-18 00:00:00-04:00,29.15999984741211,29.950000762939453,27.3799991607666,27.56999969482422,1314800,0,0
2021-03-19 00:00:00-04:00,27.959999084472656,28.1299991607666,27.149999618530273,27.219999313354492,2706000,0,0
2021-03-22 00:00:00-04:00,27.219999313354492,27.639999389648438,26.68000030517578,26.8700008392334,727300,0,0
2021-03-23 00:00:00-04:00,26.309999465942383,26.65999984741211,24.850000381469727,25.079999923706055,829900,0,0
2021-03-24 00:00:00-04:00,25.6299991607666,26.0,24.729999542236328,24.809999465942383,818800,0,0
2021-03-25 00:00:00-04:00,24.5,25.75,23.860000610351562,25.420000076293945,1413600,0,0
2021-03-26 00:00:00-04:00,25.979999542236328,26.540000915527344,25.059999465942383,25.790000915527344,874200,0,0
2021-03-29 00:00:00-04:00,25.719999313354492,26.1299991607666,25.280000686645508,25.299999237060547,782400,0,0
2021-03-30 00:00:00-04:00,25.270000457763672,26.0,25.219999313354492,25.65999984741211,683600,0,0
2021-03-31 00:00:00-04:00,25.889999389648438,26.3799991607666,25.149999618530273,25.389999389648438,934800,0,0
2021-04-01 00:00:00-04:00,25.579999923706055,26.329999923706055,25.3799991607666,26.059999465942383,791600,0,0
2021-04-05 00:00:00-04:00,26.3799991607666,27.149999618530273,25.93000030517578,26.760000228881836,717600,0,0
2021-04-06 00:00:00-04:00,26.670000076293945,27.040000915527344,26.190000534057617,26.34000015258789,582300,0,0
2021-04-07 00:00:00-04:00,26.270000457763672,26.520000457763672,25.969999313354492,26.079999923706055,440600,0,0
2021-04-08 00:00:00-04:00,26.18000030517578,26.299999237060547,25.3799991607666,26.260000228881836,499200,0,0
2021-04-09 00:00:00-04:00,26.299999237060547,26.299999237060547,25.56999969482422,25.93000030517578,498800,0,0
2021-04-12 00:00:00-04:00,25.860000610351562,26.670000076293945,25.5,26.450000762939453,1385300,0,0
2021-04-13 00:00:00-04:00,26.479999542236328,26.579999923706055,25.59000015258789,26.350000381469727,498000,0,0
2021-04-14 00:00:00-04:00,26.649999618530273,28.1299991607666,26.610000610351562,27.600000381469727,542900,0,0
2021-04-15 00:00:00-04:00,27.829999923706055,27.959999084472656,27.1200008392334,27.450000762939453,324600,0,0
2021-04-16 00:00:00-04:00,27.84000015258789,27.899999618530273,27.389999389648438,27.700000762939453,408100,0,0
2021-04-19 00:00:00-04:00,27.43000030517578,27.600000381469727,25.829999923706055,26.020000457763672,1172600,0,0
2021-04-20 00:00:00-04:00,26.020000457763672,26.139999389648438,24.8700008392334,25.010000228881836,670700,0,0
2021-04-21 00:00:00-04:00,24.6299991607666,26.579999923706055,24.15999984741211,26.459999084472656,843100,0,0
2021-04-22 00:00:00-04:00,26.15999984741211,27.600000381469727,26.0,27.440000534057617,874100,0,0
2021-04-23 00:00:00-04:00,27.81999969482422,28.18000030517578,27.100000381469727,27.850000381469727,1430400,0,0
2021-04-26 00:00:00-04:00,28.059999465942383,28.799999237060547,27.65999984741211,27.68000030517578,543400,0,0
2021-04-27 00:00:00-04:00,27.579999923706055,29.079999923706055,27.40999984741211,29.059999465942383,601900,0,0
2021-04-28 00:00:00-04:00,29.0,30.020000457763672,28.760000228881836,29.920000076293945,605100,0,0
2021-04-29 00:00:00-04:00,30.100000381469727,30.100000381469727,28.799999237060547,29.489999771118164,881500,0,0
2021-04-30 00:00:00-04:00,28.969999313354492,29.719999313354492,28.520000457763672,28.600000381469727,1037700,0,0
2021-05-03 00:00:00-04:00,29.100000381469727,29.93000030517578,28.68000030517578,29.360000610351562,1872900,0,0
2021-05-04 00:00:00-04:00,30.0,35.0,29.969999313354492,35.0,2979700,0,0
2021-05-05 00:00:00-04:00,35.18000030517578,36.18000030517578,34.54999923706055,36.15999984741211,1474600,0,0
2021-05-06 00:00:00-04:00,36.22999954223633,36.7400016784668,35.599998474121094,36.20000076293945,1191000,0,0
2021-05-07 00:00:00-04:00,35.88999938964844,36.349998474121094,35.52000045776367,35.869998931884766,650800,0,0
2021-05-10 00:00:00-04:00,36.689998626708984,36.97999954223633,35.34000015258789,35.400001525878906,702100,0,0
2021-05-11 00:00:00-04:00,34.439998626708984,36.7400016784668,34.02000045776367,36.439998626708984,1076200,0,0
2021-05-12 00:00:00-04:00,36.08000183105469,36.45000076293945,34.91999816894531,35.2400016784668,1174800,0,0
2021-05-13 00:00:00-04:00,35.16999816894531,36.150001525878906,35.02000045776367,35.619998931884766,591900,0,0
2021-05-14 00:00:00-04:00,35.68000030517578,36.0,35.2400016784668,35.959999084472656,474600,0,0
2021-05-17 00:00:00-04:00,35.63999938964844,36.5099983215332,35.36000061035156,36.11000061035156,599500,0,0
2021-05-18 00:00:00-04:00,36.22999954223633,36.4900016784668,35.439998626708984,35.560001373291016,494700,0,0
2021-05-19 00:00:00-04:00,34.720001220703125,35.029998779296875,34.09000015258789,34.599998474121094,630400,0,0
2021-05-20 00:00:00-04:00,34.599998474121094,35.25,34.16999816894531,35.02000045776367,683600,0,0
2021-05-21 00:00:00-04:00,35.08000183105469,35.849998474121094,34.849998474121094,34.849998474121094,976200,0,0
2021-05-24 00:00:00-04:00,35.279998779296875,35.630001068115234,34.63999938964844,35.279998779296875,681100,0,0
2021-05-25 00:00:00-04:00,35.209999084472656,35.59000015258789,34.439998626708984,34.93000030517578,618500,0,0
2021-05-26 00:00:00-04:00,35.02000045776367,35.75,34.709999084472656,35.34000015258789,935500,0,0
2021-05-27 00:00:00-04:00,35.959999084472656,36.79999923706055,35.81999969482422,35.86000061035156,1669400,0,0
2021-05-28 00:00:00-04:00,35.869998931884766,36.400001525878906,34.939998626708984,36.16999816894531,600000,0,0
2021-06-01 00:00:00-04:00,36.52000045776367,38.08000183105469,36.25,37.68000030517578,1304800,0,0
2021-06-02 00:00:00-04:00,37.5,37.68000030517578,36.349998474121094,37.22999954223633,698900,0,0
2021-06-03 00:00:00-04:00,36.630001068115234,37.599998474121094,35.63999938964844,37.09000015258789,644400,0,0
2021-06-04 00:00:00-04:00,37.470001220703125,37.68000030517578,36.84000015258789,37.34000015258789,891300,0,0
2021-06-07 00:00:00-04:00,37.4900016784668,37.880001068115234,36.869998931884766,37.400001525878906,1152600,0,0
2021-06-08 00:00:00-04:00,37.43000030517578,38.349998474121094,36.810001373291016,37.720001220703125,963700,0,0
2021-06-09 00:00:00-04:00,37.709999084472656,38.09000015258789,37.22999954223633,37.38999938964844,548100,0,0
2021-06-10 00:00:00-04:00,37.63999938964844,37.9900016784668,36.43000030517578,37.029998779296875,823700,0,0
2021-06-11 00:00:00-04:00,37.68000030517578,38.4900016784668,37.060001373291016,38.0,574300,0,0
2021-06-14 00:00:00-04:00,37.540000915527344,37.88999938964844,36.970001220703125,37.130001068115234,826800,0,0
2021-06-15 00:00:00-04:00,36.81999969482422,37.849998474121094,36.75,37.79999923706055,776100,0,0
2021-06-16 00:00:00-04:00,37.41999816894531,37.75,37.0099983215332,37.02000045776367,1352400,0,0
2021-06-17 00:00:00-04:00,36.689998626708984,36.95000076293945,34.810001373291016,35.90999984741211,1739900,0,0
2021-06-18 00:00:00-04:00,35.310001373291016,35.650001525878906,33.81999969482422,34.310001373291016,2427700,0,0
2021-06-21 00:00:00-04:00,34.709999084472656,35.95000076293945,34.709999084472656,35.38999938964844,1424200,0,0
2021-06-22 00:00:00-04:00,35.220001220703125,35.4900016784668,34.529998779296875,35.25,1231300,0,0
2021-06-23 00:00:00-04:00,35.779998779296875,36.2400016784668,35.2599983215332,35.41999816894531,1118100,0,0
2021-06-24 00:00:00-04:00,35.720001220703125,36.93000030517578,35.45000076293945,36.720001220703125,665400,0,0
2021-06-25 00:00:00-04:00,36.970001220703125,37.04999923706055,36.0,36.2599983215332,2158100,0,0
2021-06-28 00:00:00-04:00,36.18000030517578,36.630001068115234,35.599998474121094,35.75,639500,0,0
2021-06-29 00:00:00-04:00,36.16999816894531,37.52000045776367,35.91999816894531,35.959999084472656,549300,0,0
2021-06-30 00:00:00-04:00,35.560001373291016,36.5,35.560001373291016,35.619998931884766,518500,0,0
2021-07-01 00:00:00-04:00,36.11000061035156,36.15999984741211,35.36000061035156,35.599998474121094,389500,0,0
2021-07-02 00:00:00-04:00,35.83000183105469,36.04999923706055,35.16999816894531,35.70000076293945,433500,0,0
2021-07-06 00:00:00-04:00,35.869998931884766,35.869998931884766,34.040000915527344,34.72999954223633,798100,0,0
2021-07-07 00:00:00-04:00,34.630001068115234,35.5099983215332,34.279998779296875,34.97999954223633,587500,0,0
2021-07-08 00:00:00-04:00,33.91999816894531,35.09000015258789,33.63999938964844,34.2599983215332,536300,0,0
2021-07-09 00:00:00-04:00,35.09000015258789,36.61000061035156,35.0,35.939998626708984,459700,0,0
2021-07-12 00:00:00-04:00,35.209999084472656,36.45000076293945,35.150001525878906,35.95000076293945,464600,0,0
2021-07-13 00:00:00-04:00,35.5099983215332,35.939998626708984,34.0099983215332,34.279998779296875,866800,0,0
2021-07-14 00:00:00-04:00,34.599998474121094,35.09000015258789,33.63999938964844,33.849998474121094,790200,0,0
2021-07-15 00:00:00-04:00,33.58000183105469,34.47999954223633,33.11000061035156,33.27000045776367,826200,0,0
2021-07-16 00:00:00-04:00,33.790000915527344,33.880001068115234,32.70000076293945,32.9900016784668,515200,0,0
2021-07-19 00:00:00-04:00,31.780000686645508,32.099998474121094,30.700000762939453,31.489999771118164,1083300,0,0
2021-07-20 00:00:00-04:00,31.6299991607666,33.08000183105469,31.25,32.52000045776367,1200500,0,0
2021-07-21 00:00:00-04:00,33.15999984741211,34.029998779296875,33.040000915527344,33.84000015258789,354300,0,0
2021-07-22 00:00:00-04:00,33.439998626708984,33.59000015258789,32.18000030517578,32.72999954223633,497500,0,0
2021-07-23 00:00:00-04:00,33.2400016784668,33.45000076293945,32.529998779296875,33.34000015258789,284100,0,0
2021-07-26 00:00:00-04:00,33.709999084472656,34.43000030517578,33.33000183105469,34.34000015258789,308100,0,0
2021-07-27 00:00:00-04:00,33.7599983215332,34.540000915527344,33.38999938964844,33.869998931884766,345400,0,0
2021-07-28 00:00:00-04:00,34.619998931884766,35.47999954223633,34.029998779296875,34.91999816894531,477300,0,0
2021-07-29 00:00:00-04:00,35.61000061035156,37.22999954223633,35.56999969482422,36.91999816894531,575200,0,0
2021-07-30 00:00:00-04:00,36.58000183105469,37.630001068115234,35.709999084472656,35.939998626708984,615800,0,0
2021-08-02 00:00:00-04:00,36.130001068115234,37.02000045776367,35.0099983215332,35.41999816894531,725400,0,0
2021-08-03 00:00:00-04:00,33.709999084472656,35.04999923706055,32.709999084472656,34.59000015258789,874800,0,0
2021-08-04 00:00:00-04:00,33.709999084472656,34.41999816894531,31.739999771118164,31.75,695300,0,0
2021-08-05 00:00:00-04:00,31.770000457763672,33.290000915527344,31.530000686645508,32.9900016784668,773900,0,0
2021-08-06 00:00:00-04:00,33.29999923706055,34.16999816894531,33.16999816894531,33.93000030517578,755400,0,0
2021-08-09 00:00:00-04:00,33.459999084472656,34.61000061035156,33.09000015258789,34.310001373291016,535000,0,0
2021-08-10 00:00:00-04:00,35.0,36.45000076293945,34.29999923706055,36.099998474121094,900100,0,0
2021-08-11 00:00:00-04:00,36.119998931884766,36.77000045776367,35.310001373291016,36.599998474121094,705000,0,0
2021-08-12 00:00:00-04:00,36.470001220703125,36.560001373291016,35.0,35.220001220703125,523400,0,0
2021-08-13 00:00:00-04:00,35.20000076293945,36.0099983215332,35.0,35.529998779296875,516600,0,0
2021-08-16 00:00:00-04:00,34.81999969482422,35.130001068115234,34.099998474121094,34.4900016784668,528700,0,0
2021-08-17 00:00:00-04:00,33.90999984741211,35.130001068115234,33.72999954223633,35.11000061035156,654300,0,0
2021-08-18 00:00:00-04:00,34.59000015258789,35.349998474121094,34.439998626708984,34.88999938964844,478600,0,0
2021-08-19 00:00:00-04:00,33.880001068115234,34.779998779296875,33.7400016784668,34.310001373291016,591500,0,0
2021-08-20 00:00:00-04:00,34.4900016784668,35.220001220703125,34.0,34.650001525878906,622200,0,0
2021-08-23 00:00:00-04:00,35.29999923706055,35.349998474121094,34.29999923706055,34.459999084472656,631400,0,0
2021-08-24 00:00:00-04:00,34.81999969482422,35.47999954223633,34.81999969482422,35.189998626708984,503600,0,0
2021-08-25 00:00:00-04:00,35.220001220703125,35.56999969482422,34.90999984741211,34.95000076293945,361400,0,0
2021-08-26 00:00:00-04:00,34.75,35.38999938964844,34.310001373291016,34.31999969482422,576300,0,0
2021-08-27 00:00:00-04:00,34.5099983215332,36.54999923706055,34.5099983215332,35.97999954223633,699400,0,0
2021-08-30 00:00:00-04:00,36.380001068115234,36.4900016784668,35.63999938964844,35.970001220703125,353100,0,0
2021-08-31 00:00:00-04:00,35.75,36.0,34.29999923706055,34.4900016784668,993600,0,0
2021-09-01 00:00:00-04:00,34.349998474121094,35.56999969482422,33.66999816894531,35.09000015258789,605900,0,0
2021-09-02 00:00:00-04:00,35.43000030517578,35.75,34.630001068115234,34.630001068115234,573200,0,0
2021-09-03 00:00:00-04:00,34.61000061035156,35.13999938964844,34.2400016784668,34.279998779296875,732800,0,0
2021-09-07 00:00:00-04:00,34.209999084472656,36.47999954223633,34.209999084472656,35.38999938964844,871000,0,0
2021-09-08 00:00:00-04:00,35.189998626708984,35.470001220703125,34.4900016784668,34.63999938964844,552900,0,0
2021-09-09 00:00:00-04:00,34.75,35.61000061035156,34.75,34.779998779296875,583700,0,0
2021-09-10 00:00:00-04:00,34.86000061035156,35.61000061035156,34.47999954223633,34.5,659400,0,0
2021-09-13 00:00:00-04:00,35.02000045776367,35.38999938964844,34.439998626708984,34.900001525878906,716700,0,0
2021-09-14 00:00:00-04:00,35.0,35.0,33.5099983215332,33.560001373291016,836000,0,0
2021-09-15 00:00:00-04:00,33.59000015258789,35.150001525878906,33.529998779296875,34.849998474121094,666400,0,0
2021-09-16 00:00:00-04:00,34.619998931884766,34.880001068115234,32.869998931884766,32.970001220703125,685400,0,0
2021-09-17 00:00:00-04:00,32.97999954223633,33.040000915527344,32.209999084472656,32.209999084472656,3294800,0,0
2021-09-20 00:00:00-04:00,30.899999618530273,32.11000061035156,30.700000762939453,31.920000076293945,865700,0,0
2021-09-21 00:00:00-04:00,32.029998779296875,32.099998474121094,30.290000915527344,30.989999771118164,734300,0,0
2021-09-22 00:00:00-04:00,31.809999465942383,32.349998474121094,31.68000030517578,31.739999771118164,496400,0,0
2021-09-23 00:00:00-04:00,31.860000610351562,32.439998626708984,31.760000228881836,32.029998779296875,419500,0,0
2021-09-24 00:00:00-04:00,31.700000762939453,32.09000015258789,31.100000381469727,31.1299991607666,485600,0,0
2021-09-27 00:00:00-04:00,31.360000610351562,32.79999923706055,31.18000030517578,32.43000030517578,453800,0,0
2021-09-28 00:00:00-04:00,32.43000030517578,32.88999938964844,31.6299991607666,32.43000030517578,412500,0,0
2021-09-29 00:00:00-04:00,32.88999938964844,32.88999938964844,31.350000381469727,32.59000015258789,591700,0,0
2021-09-30 00:00:00-04:00,32.880001068115234,33.25,31.510000228881836,31.540000915527344,512700,0,0
2021-10-01 00:00:00-04:00,31.889999389648438,32.86000061035156,31.760000228881836,32.54999923706055,712200,0,0
2021-10-04 00:00:00-04:00,32.7599983215332,33.040000915527344,31.610000610351562,31.65999984741211,415700,0,0
2021-10-05 00:00:00-04:00,31.989999771118164,32.099998474121094,30.979999542236328,31.860000610351562,753200,0,0
2021-10-06 00:00:00-04:00,31.15999984741211,31.270000457763672,30.110000610351562,30.760000228881836,417500,0,0
2021-10-07 00:00:00-04:00,31.25,32.31999969482422,31.190000534057617,31.860000610351562,386100,0,0
2021-10-08 00:00:00-04:00,31.959999084472656,31.969999313354492,31.059999465942383,31.15999984741211,268300,0,0
2021-10-11 00:00:00-04:00,31.6200008392334,32.63999938964844,31.229999542236328,31.229999542236328,389900,0,0
2021-10-12 00:00:00-04:00,31.18000030517578,31.469999313354492,30.719999313354492,30.899999618530273,860300,0,0
2021-10-13 00:00:00-04:00,30.969999313354492,31.31999969482422,30.270000457763672,31.239999771118164,450100,0,0
2021-10-14 00:00:00-04:00,31.799999237060547,32.060001373291016,31.110000610351562,31.389999389648438,498900,0,0
2021-10-15 00:00:00-04:00,32.15999984741211,32.66999816894531,31.68000030517578,31.729999542236328,640000,0,0
2021-10-18 00:00:00-04:00,31.40999984741211,31.68000030517578,30.780000686645508,31.56999969482422,628800,0,0
2021-10-19 00:00:00-04:00,31.079999923706055,31.100000381469727,29.90999984741211,30.190000534057617,564000,0,0
2021-10-20 00:00:00-04:00,29.920000076293945,31.350000381469727,29.530000686645508,30.549999237060547,645400,0,0
2021-10-21 00:00:00-04:00,29.940000534057617,30.030000686645508,29.100000381469727,29.979999542236328,618500,0,0
2021-10-22 00:00:00-04:00,30.170000076293945,30.860000610351562,29.6299991607666,29.889999389648438,464600,0,0
2021-10-25 00:00:00-04:00,30.1299991607666,30.440000534057617,29.479999542236328,29.540000915527344,902700,0,0
2021-10-26 00:00:00-04:00,29.510000228881836,29.940000534057617,28.989999771118164,29.110000610351562,1321000,0,0
2021-10-27 00:00:00-04:00,28.799999237060547,29.809999465942383,28.639999389648438,29.010000228881836,1078700,0,0
2021-10-28 00:00:00-04:00,29.389999389648438,30.5,29.100000381469727,30.5,703700,0,0
2021-10-29 00:00:00-04:00,30.350000381469727,30.5,29.229999542236328,29.420000076293945,462000,0,0
2021-11-01 00:00:00-04:00,29.610000610351562,30.8799991607666,29.459999084472656,30.540000915527344,689100,0,0
2021-11-02 00:00:00-04:00,28.6200008392334,32.08000183105469,28.100000381469727,31.729999542236328,1213700,0,0
2021-11-03 00:00:00-04:00,31.56999969482422,32.310001373291016,30.649999618530273,31.329999923706055,1004000,0,0
2021-11-04 00:00:00-04:00,31.200000762939453,31.280000686645508,30.549999237060547,30.780000686645508,604500,0,0
2021-11-05 00:00:00-04:00,31.209999084472656,32.4900016784668,31.209999084472656,32.040000915527344,656900,0,0
2021-11-08 00:00:00-05:00,32.65999984741211,32.83000183105469,31.889999389648438,32.099998474121094,388200,0,0
2021-11-09 00:00:00-05:00,31.809999465942383,32.310001373291016,31.59000015258789,32.0,426600,0,0
2021-11-10 00:00:00-05:00,31.649999618530273,31.8700008392334,30.459999084472656,30.600000381469727,613900,0,0
2021-11-11 00:00:00-05:00,31.030000686645508,31.549999237060547,30.84000015258789,31.440000534057617,335200,0,0
2021-11-12 00:00:00-05:00,31.440000534057617,32.31999969482422,31.350000381469727,32.09000015258789,502000,0,0
2021-11-15 00:00:00-05:00,32.290000915527344,32.439998626708984,30.850000381469727,31.469999313354492,713500,0,0
2021-11-16 00:00:00-05:00,31.059999465942383,31.829999923706055,30.75,31.260000228881836,518200,0,0
2021-11-17 00:00:00-05:00,31.969999313354492,33.25,31.420000076293945,31.56999969482422,1050700,0,0
2021-11-18 00:00:00-05:00,31.190000534057617,31.729999542236328,30.610000610351562,31.530000686645508,629000,0,0
2021-11-19 00:00:00-05:00,30.920000076293945,31.18000030517578,29.920000076293945,29.979999542236328,547100,0,0
2021-11-22 00:00:00-05:00,30.0,31.5,29.770000457763672,30.860000610351562,568200,0,0
2021-11-23 00:00:00-05:00,31.0,31.399999618530273,30.530000686645508,30.889999389648438,498900,0,0
2021-11-24 00:00:00-05:00,30.5,31.030000686645508,30.31999969482422,30.670000076293945,382200,0,0
2021-11-26 00:00:00-05:00,28.93000030517578,29.170000076293945,26.940000534057617,27.969999313354492,883900,0,0
2021-11-29 00:00:00-05:00,28.579999923706055,29.040000915527344,27.3799991607666,28.290000915527344,1040700,0,0
2021-11-30 00:00:00-05:00,27.850000381469727,28.020000457763672,26.1299991607666,26.719999313354492,1277300,0,0
2021-12-01 00:00:00-05:00,27.81999969482422,28.190000534057617,26.770000457763672,26.780000686645508,832700,0,0
2021-12-02 00:00:00-05:00,27.209999084472656,28.690000534057617,27.010000228881836,28.420000076293945,780000,0,0
2021-12-03 00:00:00-05:00,28.440000534057617,28.850000381469727,27.649999618530273,28.040000915527344,781700,0,0
2021-12-06 00:00:00-05:00,28.760000228881836,29.860000610351562,28.18000030517578,29.260000228881836,765100,0,0
2021-12-07 00:00:00-05:00,29.8799991607666,30.209999084472656,28.780000686645508,28.90999984741211,640100,0,0
2021-12-08 00:00:00-05:00,29.110000610351562,29.989999771118164,29.100000381469727,29.68000030517578,746900,0,0
2021-12-09 00:00:00-05:00,29.059999465942383,30.31999969482422,28.65999984741211,29.84000015258789,1020200,0,0
2021-12-10 00:00:00-05:00,31.6200008392334,32.0,30.829999923706055,31.260000228881836,980300,0,0
2021-12-13 00:00:00-05:00,30.8700008392334,31.260000228881836,29.829999923706055,30.579999923706055,769200,0,0
2021-12-14 00:00:00-05:00,30.799999237060547,31.649999618530273,30.40999984741211,30.739999771118164,834300,0,0
2021-12-15 00:00:00-05:00,30.280000686645508,31.450000762939453,29.850000381469727,31.270000457763672,917200,0,0
2021-12-16 00:00:00-05:00,31.690000534057617,32.119998931884766,30.979999542236328,31.43000030517578,1092300,0,0
2021-12-17 00:00:00-05:00,31.329999923706055,32.970001220703125,31.329999923706055,32.4900016784668,4410300,0,0
2021-12-20 00:00:00-05:00,31.729999542236328,32.2599983215332,30.700000762939453,31.530000686645508,951700,0,0
2021-12-21 00:00:00-05:00,32.029998779296875,33.130001068115234,32.0,32.689998626708984,3100900,0,0
2021-12-22 00:00:00-05:00,32.90999984741211,33.77000045776367,32.70000076293945,33.58000183105469,3984200,0,0
2021-12-23 00:00:00-05:00,33.72999954223633,34.25,33.54999923706055,33.84000015258789,1520200,0,0
2021-12-27 00:00:00-05:00,33.66999816894531,34.29999923706055,33.209999084472656,34.22999954223633,444800,0,0
2021-12-28 00:00:00-05:00,34.08000183105469,34.45000076293945,33.7599983215332,34.18000030517578,287500,0,0
2021-12-29 00:00:00-05:00,34.20000076293945,34.349998474121094,33.2400016784668,33.560001373291016,354500,0,0
2021-12-30 00:00:00-05:00,33.34000015258789,33.869998931884766,32.84000015258789,32.88999938964844,327400,0,0
2021-12-31 00:00:00-05:00,32.650001525878906,33.15999984741211,32.540000915527344,33.0099983215332,385100,0,0
2022-01-03 00:00:00-05:00,33.36000061035156,34.45000076293945,33.36000061035156,33.959999084472656,932400,0,0
2022-01-04 00:00:00-05:00,34.41999816894531,34.72999954223633,33.84000015258789,34.279998779296875,610000,0,0
2022-01-05 00:00:00-05:00,34.52000045776367,35.7400016784668,34.02000045776367,34.650001525878906,638800,0,0
2022-01-06 00:00:00-05:00,34.970001220703125,35.25,34.38999938964844,34.599998474121094,392200,0,0
2022-01-07 00:00:00-05:00,34.68000030517578,35.619998931884766,34.540000915527344,34.7400016784668,362400,0,0
2022-01-10 00:00:00-05:00,34.369998931884766,34.369998931884766,33.369998931884766,33.81999969482422,418200,0,0
2022-01-11 00:00:00-05:00,33.689998626708984,34.040000915527344,33.060001373291016,33.709999084472656,354200,0,0
2022-01-12 00:00:00-05:00,34.11000061035156,34.75,33.650001525878906,34.08000183105469,798100,0,0
2022-01-13 00:00:00-05:00,34.2599983215332,34.869998931884766,34.0,34.86000061035156,765400,0,0
2022-01-14 00:00:00-05:00,34.599998474121094,34.939998626708984,34.29999923706055,34.93000030517578,854000,0,0
2022-01-18 00:00:00-05:00,34.68000030517578,34.869998931884766,33.380001068115234,33.47999954223633,500600,0,0
2022-01-19 00:00:00-05:00,33.59000015258789,33.84000015258789,32.400001525878906,32.689998626708984,407900,0,0
2022-01-20 00:00:00-05:00,32.61000061035156,33.5099983215332,31.899999618530273,32.0099983215332,748300,0,0
2022-01-21 00:00:00-05:00,31.6299991607666,32.40999984741211,31.010000228881836,31.56999969482422,914800,0,0
2022-01-24 00:00:00-05:00,30.0,31.3700008392334,29.3799991607666,31.170000076293945,1019300,0,0
2022-01-25 00:00:00-05:00,30.299999237060547,32.11000061035156,29.719999313354492,31.639999389648438,823500,0,0
2022-01-26 00:00:00-05:00,32.0,32.65999984741211,31.0,31.43000030517578,505200,0,0
2022-01-27 00:00:00-05:00,31.440000534057617,31.829999923706055,29.559999465942383,29.729999542236328,1025700,0,0
2022-01-28 00:00:00-05:00,29.600000381469727,30.81999969482422,29.170000076293945,30.790000915527344,909500,0,0
2022-01-31 00:00:00-05:00,30.530000686645508,31.15999984741211,30.399999618530273,30.93000030517578,575500,0,0
2022-02-01 00:00:00-05:00,31.540000915527344,31.799999237060547,30.6200008392334,31.56999969482422,574600,0,0
2022-02-02 00:00:00-05:00,31.40999984741211,31.649999618530273,30.459999084472656,31.049999237060547,525000,0,0
2022-02-03 00:00:00-05:00,30.639999389648438,31.559999465942383,30.489999771118164,30.530000686645508,622900,0,0
2022-02-04 00:00:00-05:00,30.229999542236328,30.93000030517578,30.030000686645508,30.68000030517578,345800,0,0
2022-02-07 00:00:00-05:00,30.670000076293945,31.290000915527344,30.239999771118164,30.329999923706055,557100,0,0
2022-02-08 00:00:00-05:00,30.6200008392334,31.549999237060547,30.6200008392334,31.389999389648438,573000,0,0
2022-02-09 00:00:00-05:00,31.780000686645508,32.779998779296875,31.510000228881836,32.31999969482422,495200,0,0
2022-02-10 00:00:00-05:00,31.770000457763672,33.04999923706055,31.610000610351562,32.369998931884766,761400,0,0
2022-02-11 00:00:00-05:00,32.15999984741211,32.68000030517578,31.0,31.360000610351562,707600,0,0
2022-02-14 00:00:00-05:00,31.860000610351562,32.380001068115234,31.40999984741211,32.13999938964844,1046600,0,0
2022-02-15 00:00:00-05:00,32.34000015258789,33.33000183105469,32.31999969482422,33.040000915527344,483800,0,0
2022-02-16 00:00:00-05:00,33.029998779296875,33.439998626708984,32.540000915527344,33.400001525878906,1045200,0,0
2022-02-17 00:00:00-05:00,33.150001525878906,33.38999938964844,32.34000015258789,32.470001220703125,528300,0,0
2022-02-18 00:00:00-05:00,30.6299991607666,32.59000015258789,30.399999618530273,32.279998779296875,1302700,0,0
2022-02-22 00:00:00-05:00,32.540000915527344,32.91999816894531,30.65999984741211,31.329999923706055,1300000,0,0
2022-02-23 00:00:00-05:00,31.84000015258789,32.59000015258789,31.510000228881836,32.02000045776367,903100,0,0
2022-02-24 00:00:00-05:00,31.209999084472656,31.209999084472656,29.170000076293945,30.469999313354492,1603900,0,0
2022-02-25 00:00:00-05:00,30.5,31.90999984741211,30.200000762939453,31.59000015258789,1210700,0,0
2022-02-28 00:00:00-05:00,30.440000534057617,31.440000534057617,30.440000534057617,30.700000762939453,1640800,0,0
2022-03-01 00:00:00-05:00,30.450000762939453,30.829999923706055,27.8700008392334,28.040000915527344,2141800,0,0
2022-03-02 00:00:00-05:00,28.530000686645508,28.639999389648438,27.489999771118164,27.940000534057617,1969400,0,0
2022-03-03 00:00:00-05:00,28.09000015258789,28.299999237060547,26.68000030517578,27.84000015258789,1533600,0,0
2022-03-04 00:00:00-05:00,27.329999923706055,27.6299991607666,26.020000457763672,27.100000381469727,1614000,0,0
2022-03-07 00:00:00-05:00,27.110000610351562,27.110000610351562,24.610000610351562,24.6200008392334,1143600,0,0
2022-03-08 00:00:00-05:00,24.549999237060547,25.049999237060547,23.549999237060547,23.6200008392334,1983500,0,0
2022-03-09 00:00:00-05:00,24.139999389648438,25.540000915527344,23.68000030517578,24.739999771118164,1332400,0,0
2022-03-10 00:00:00-05:00,24.549999237060547,25.530000686645508,24.5,24.68000030517578,1042100,0,0
2022-03-11 00:00:00-05:00,24.860000610351562,25.799999237060547,23.989999771118164,24.079999923706055,1493800,0,0
2022-03-14 00:00:00-04:00,24.399999618530273,24.56999969482422,23.43000030517578,23.770000457763672,1723700,0,0
2022-03-15 00:00:00-04:00,23.510000228881836,24.040000915527344,22.450000762939453,23.079999923706055,1687200,0,0
2022-03-16 00:00:00-04:00,23.5,25.100000381469727,23.459999084472656,24.15999984741211,2751400,0,0
2022-03-17 00:00:00-04:00,24.049999237060547,25.5,23.959999084472656,25.440000534057617,1570100,0,0
2022-03-18 00:00:00-04:00,25.389999389648438,25.68000030517578,24.309999465942383,24.979999542236328,4041700,0,0
2022-03-21 00:00:00-04:00,25.049999237060547,26.059999465942383,25.049999237060547,25.780000686645508,1226700,0,0
2022-03-22 00:00:00-04:00,26.1200008392334,26.139999389648438,25.229999542236328,25.329999923706055,1358900,0,0
2022-03-23 00:00:00-04:00,25.020000457763672,25.260000228881836,24.5,24.899999618530273,1513200,0,0
2022-03-24 00:00:00-04:00,24.940000534057617,25.479999542236328,24.649999618530273,25.459999084472656,1371700,0,0
2022-03-25 00:00:00-04:00,25.510000228881836,25.670000076293945,24.610000610351562,24.940000534057617,1370300,0,0
2022-03-28 00:00:00-04:00,24.600000381469727,24.690000534057617,23.93000030517578,24.229999542236328,1274600,0,0
2022-03-29 00:00:00-04:00,24.719999313354492,26.389999389648438,24.34000015258789,26.209999084472656,1986900,0,0
2022-03-30 00:00:00-04:00,26.31999969482422,26.3700008392334,25.75,26.09000015258789,826600,0,0
2022-03-31 00:00:00-04:00,25.899999618530273,26.18000030517578,25.579999923706055,25.6200008392334,1529500,0,0
2022-04-01 00:00:00-04:00,26.049999237060547,26.540000915527344,25.649999618530273,26.329999923706055,1629300,0,0
2022-04-04 00:00:00-04:00,26.440000534057617,26.440000534057617,25.540000915527344,26.06999969482422,1164000,0,0
2022-04-05 00:00:00-04:00,26.200000762939453,26.56999969482422,25.329999923706055,25.6200008392334,1653400,0,0
2022-04-06 00:00:00-04:00,25.450000762939453,25.450000762939453,24.510000228881836,24.93000030517578,1628600,0,0
2022-04-07 00:00:00-04:00,24.579999923706055,25.40999984741211,24.579999923706055,25.15999984741211,1753000,0,0
2022-04-08 00:00:00-04:00,25.350000381469727,25.520000457763672,24.549999237060547,25.010000228881836,1593500,0,0
2022-04-11 00:00:00-04:00,25.010000228881836,25.510000228881836,24.65999984741211,25.010000228881836,1277400,0,0
2022-04-12 00:00:00-04:00,25.40999984741211,25.940000534057617,25.34000015258789,25.65999984741211,2037400,0,0
2022-04-13 00:00:00-04:00,25.700000762939453,26.8799991607666,25.700000762939453,26.729999542236328,2494800,0,0
2022-04-14 00:00:00-04:00,26.579999923706055,27.190000534057617,26.270000457763672,26.920000076293945,1598800,0,0
2022-04-18 00:00:00-04:00,27.110000610351562,27.290000915527344,26.399999618530273,26.549999237060547,1079900,0,0
2022-04-19 00:00:00-04:00,26.399999618530273,27.510000228881836,26.399999618530273,27.229999542236328,1642800,0,0
2022-04-20 00:00:00-04:00,27.43000030517578,27.700000762939453,26.93000030517578,27.420000076293945,1832200,0,0
2022-04-21 00:00:00-04:00,27.700000762939453,27.790000915527344,26.399999618530273,26.549999237060547,1369400,0,0
2022-04-22 00:00:00-04:00,26.31999969482422,26.59000015258789,25.219999313354492,25.68000030517578,1945900,0,0
2022-04-25 00:00:00-04:00,25.239999771118164,26.260000228881836,24.5,25.969999313354492,1499100,0,0
2022-04-26 00:00:00-04:00,25.770000457763672,25.860000610351562,24.18000030517578,24.18000030517578,1138400,0,0
2022-04-27 00:00:00-04:00,24.559999465942383,25.06999969482422,23.950000762939453,24.440000534057617,1527700,0,0
2022-04-28 00:00:00-04:00,24.780000686645508,26.1299991607666,24.329999923706055,26.059999465942383,699100,0,0
2022-04-29 00:00:00-04:00,26.020000457763672,26.540000915527344,25.020000457763672,25.15999984741211,893900,0,0
2022-05-02 00:00:00-04:00,25.010000228881836,25.6200008392334,24.700000762939453,25.459999084472656,883800,0,0
2022-05-03 00:00:00-04:00,25.18000030517578,26.950000762939453,24.5,26.719999313354492,1281100,0,0
2022-05-04 00:00:00-04:00,26.610000610351562,27.979999542236328,26.610000610351562,27.760000228881836,1131600,0,0
2022-05-05 00:00:00-04:00,27.209999084472656,27.3700008392334,24.6200008392334,25.489999771118164,1130500,0,0
2022-05-06 00:00:00-04:00,25.3700008392334,26.5,25.049999237060547,26.25,965300,0,0
2022-05-09 00:00:00-04:00,25.520000457763672,26.5,25.209999084472656,26.260000228881836,1170600,0,0
2022-05-10 00:00:00-04:00,26.809999465942383,26.969999313354492,24.690000534057617,25.75,1408400,0,0
2022-05-11 00:00:00-04:00,26.0,27.84000015258789,26.0,26.479999542236328,1176200,0,0
2022-05-12 00:00:00-04:00,26.190000534057617,26.920000076293945,25.799999237060547,26.920000076293945,1089600,0,0
2022-05-13 00:00:00-04:00,27.18000030517578,27.709999084472656,26.09000015258789,26.670000076293945,1201600,0,0
2022-05-16 00:00:00-04:00,26.469999313354492,27.3799991607666,26.469999313354492,27.290000915527344,870700,0,0
2022-05-17 00:00:00-04:00,28.0,28.530000686645508,27.899999618530273,28.530000686645508,873100,0,0
2022-05-18 00:00:00-04:00,28.65999984741211,29.049999237060547,27.469999313354492,27.59000015258789,894400,0,0
2022-05-19 00:00:00-04:00,27.420000076293945,27.729999542236328,26.700000762939453,26.950000762939453,777100,0,0
2022-05-20 00:00:00-04:00,27.260000228881836,27.600000381469727,26.549999237060547,27.549999237060547,860500,0,0
2022-05-23 00:00:00-04:00,28.040000915527344,28.100000381469727,27.030000686645508,27.649999618530273,620600,0,0
2022-05-24 00:00:00-04:00,27.40999984741211,27.760000228881836,26.5,27.600000381469727,632300,0,0
2022-05-25 00:00:00-04:00,27.6299991607666,28.1200008392334,27.139999389648438,28.010000228881836,423800,0,0
2022-05-26 00:00:00-04:00,28.209999084472656,28.579999923706055,27.90999984741211,27.940000534057617,1023600,0,0
2022-05-27 00:00:00-04:00,28.43000030517578,28.780000686645508,28.040000915527344,28.040000915527344,756900,0,0
2022-05-31 00:00:00-04:00,28.239999771118164,28.479999542236328,27.860000610351562,28.1299991607666,956700,0,0
2022-06-01 00:00:00-04:00,27.850000381469727,28.510000228881836,27.100000381469727,27.81999969482422,928900,0,0
2022-06-02 00:00:00-04:00,28.239999771118164,29.09000015258789,28.200000762939453,29.010000228881836,764100,0,0
2022-06-03 00:00:00-04:00,28.770000457763672,28.860000610351562,27.760000228881836,28.3700008392334,686600,0,0
2022-06-06 00:00:00-04:00,28.5,30.709999084472656,28.299999237060547,30.549999237060547,1005300,0,0
2022-06-07 00:00:00-04:00,30.559999465942383,31.239999771118164,30.31999969482422,30.950000762939453,935400,0,0
2022-06-08 00:00:00-04:00,30.729999542236328,30.850000381469727,29.15999984741211,29.75,893000,0,0
2022-06-09 00:00:00-04:00,29.450000762939453,29.579999923706055,28.989999771118164,29.280000686645508,896600,0,0
2022-06-10 00:00:00-04:00,28.520000457763672,29.219999313354492,28.260000228881836,28.81999969482422,1271100,0,0
2022-06-13 00:00:00-04:00,27.6200008392334,29.979999542236328,27.6200008392334,29.15999984741211,1685900,0,0
2022-06-14 00:00:00-04:00,28.969999313354492,29.229999542236328,26.899999618530273,27.010000228881836,1222900,0,0
2022-06-15 00:00:00-04:00,27.579999923706055,28.1299991607666,27.270000457763672,27.790000915527344,791300,0,0
2022-06-16 00:00:00-04:00,26.989999771118164,27.239999771118164,25.209999084472656,25.5,1225900,0,0
2022-06-17 00:00:00-04:00,25.65999984741211,26.489999771118164,25.1299991607666,26.459999084472656,2765500,0,0
2022-06-21 00:00:00-04:00,27.350000381469727,27.450000762939453,26.270000457763672,26.81999969482422,787000,0,0
2022-06-22 00:00:00-04:00,25.969999313354492,26.6200008392334,25.670000076293945,26.229999542236328,637900,0,0
2022-06-23 00:00:00-04:00,26.149999618530273,26.15999984741211,24.729999542236328,25.530000686645508,898400,0,0
2022-06-24 00:00:00-04:00,25.56999969482422,28.219999313354492,25.399999618530273,27.979999542236328,1560300,0,0
2022-06-27 00:00:00-04:00,28.299999237060547,28.670000076293945,27.700000762939453,28.489999771118164,747300,0,0
2022-06-28 00:00:00-04:00,28.920000076293945,29.100000381469727,28.270000457763672,28.469999313354492,1076200,0,0
2022-06-29 00:00:00-04:00,28.520000457763672,28.520000457763672,27.59000015258789,28.049999237060547,593900,0,0
2022-06-30 00:00:00-04:00,27.389999389648438,28.65999984741211,27.049999237060547,28.049999237060547,578100,0,0
2022-07-01 00:00:00-04:00,27.65999984741211,28.530000686645508,27.559999465942383,28.31999969482422,710600,0,0
2022-07-05 00:00:00-04:00,27.219999313354492,27.84000015258789,26.59000015258789,27.790000915527344,983500,0,0
2022-07-06 00:00:00-04:00,27.790000915527344,28.139999389648438,26.84000015258789,28.020000457763672,677500,0,0
2022-07-07 00:00:00-04:00,28.510000228881836,29.290000915527344,28.100000381469727,28.299999237060547,1025900,0,0
2022-07-08 00:00:00-04:00,28.100000381469727,28.420000076293945,27.229999542236328,28.020000457763672,561700,0,0
2022-07-11 00:00:00-04:00,27.579999923706055,27.93000030517578,27.260000228881836,27.520000457763672,609400,0,0
2022-07-12 00:00:00-04:00,27.219999313354492,29.6299991607666,27.219999313354492,28.469999313354492,950000,0,0
2022-07-13 00:00:00-04:00,28.209999084472656,28.530000686645508,27.90999984741211,28.190000534057617,880300,0,0
2022-07-14 00:00:00-04:00,27.270000457763672,28.190000534057617,27.200000762939453,28.020000457763672,354100,0,0
2022-07-15 00:00:00-04:00,28.649999618530273,28.649999618530273,27.860000610351562,28.3799991607666,611600,0,0
2022-07-18 00:00:00-04:00,28.889999389648438,29.6299991607666,28.31999969482422,28.399999618530273,740900,0,0
2022-07-19 00:00:00-04:00,28.5,28.850000381469727,27.420000076293945,28.239999771118164,1202300,0,0
2022-07-20 00:00:00-04:00,28.0,28.489999771118164,27.639999389648438,28.479999542236328,774200,0,0
2022-07-21 00:00:00-04:00,28.059999465942383,28.8700008392334,27.799999237060547,28.850000381469727,584000,0,0
2022-07-22 00:00:00-04:00,29.010000228881836,29.059999465942383,28.219999313354492,28.75,553900,0,0
2022-07-25 00:00:00-04:00,29.219999313354492,29.299999237060547,28.760000228881836,29.149999618530273,556700,0,0
2022-07-26 00:00:00-04:00,28.920000076293945,29.350000381469727,28.84000015258789,29.209999084472656,633300,0,0
2022-07-27 00:00:00-04:00,29.5,30.25,29.149999618530273,29.549999237060547,947800,0,0
2022-07-28 00:00:00-04:00,29.899999618530273,30.290000915527344,29.280000686645508,29.579999923706055,962500,0,0
2022-07-29 00:00:00-04:00,29.829999923706055,30.450000762939453,29.540000915527344,30.209999084472656,1808700,0,0
2022-08-01 00:00:00-04:00,29.850000381469727,30.68000030517578,29.520000457763672,30.420000076293945,1185100,0,0
2022-08-02 00:00:00-04:00,29.93000030517578,30.0,26.8700008392334,28.059999465942383,1664400,0,0
2022-08-03 00:00:00-04:00,28.469999313354492,30.209999084472656,28.1299991607666,29.219999313354492,1566100,0,0
2022-08-04 00:00:00-04:00,29.489999771118164,29.489999771118164,27.649999618530273,27.649999618530273,1309100,0,0
2022-08-05 00:00:00-04:00,27.15999984741211,28.829999923706055,26.649999618530273,28.540000915527344,1047800,0,0
2022-08-08 00:00:00-04:00,28.280000686645508,29.31999969482422,27.829999923706055,28.270000457763672,1401600,0,0
2022-08-09 00:00:00-04:00,28.229999542236328,28.360000610351562,26.920000076293945,27.350000381469727,887900,0,0
2022-08-10 00:00:00-04:00,28.0,28.68000030517578,27.84000015258789,28.219999313354492,1020000,0,0
2022-08-11 00:00:00-04:00,28.459999084472656,28.809999465942383,27.170000076293945,27.200000762939453,721700,0,0
2022-08-12 00:00:00-04:00,27.3700008392334,28.34000015258789,27.149999618530273,27.979999542236328,1105800,0,0
2022-08-15 00:00:00-04:00,27.40999984741211,28.350000381469727,27.200000762939453,28.329999923706055,641800,0,0
2022-08-16 00:00:00-04:00,28.399999618530273,28.450000762939453,27.809999465942383,27.81999969482422,494200,0,0
2022-08-17 00:00:00-04:00,27.290000915527344,27.510000228881836,26.899999618530273,27.34000015258789,498000,0,0
2022-08-18 00:00:00-04:00,27.399999618530273,28.829999923706055,27.25,28.65999984741211,769500,0,0
2022-08-19 00:00:00-04:00,28.479999542236328,28.479999542236328,27.09000015258789,27.219999313354492,432700,0,0
2022-08-22 00:00:00-04:00,26.799999237060547,26.889999389648438,26.020000457763672,26.139999389648438,573900,0,0
2022-08-23 00:00:00-04:00,26.31999969482422,27.010000228881836,26.31999969482422,26.549999237060547,612300,0,0
2022-08-24 00:00:00-04:00,26.290000915527344,26.989999771118164,26.1299991607666,26.969999313354492,492700,0,0
2022-08-25 00:00:00-04:00,27.15999984741211,27.780000686645508,26.850000381469727,27.399999618530273,542700,0,0
2022-08-26 00:00:00-04:00,27.600000381469727,27.81999969482422,26.209999084472656,26.399999618530273,500200,0,0
2022-08-29 00:00:00-04:00,26.110000610351562,26.489999771118164,25.739999771118164,25.760000228881836,443100,0,0
2022-08-30 00:00:00-04:00,25.760000228881836,26.229999542236328,24.850000381469727,25.40999984741211,645900,0,0
2022-08-31 00:00:00-04:00,25.329999923706055,25.780000686645508,24.799999237060547,25.209999084472656,780100,0,0
2022-09-01 00:00:00-04:00,24.780000686645508,25.110000610351562,24.15999984741211,25.040000915527344,870900,0,0
2022-09-02 00:00:00-04:00,25.420000076293945,26.09000015258789,24.90999984741211,25.1200008392334,663400,0,0
2022-09-06 00:00:00-04:00,25.329999923706055,25.3799991607666,24.690000534057617,25.190000534057617,684300,0,0
2022-09-07 00:00:00-04:00,24.8700008392334,25.350000381469727,24.56999969482422,25.280000686645508,736900,0,0
2022-09-08 00:00:00-04:00,25.06999969482422,26.469999313354492,24.809999465942383,26.020000457763672,848800,0,0
2022-09-09 00:00:00-04:00,26.420000076293945,26.8700008392334,26.229999542236328,26.639999389648438,545700,0,0
2022-09-12 00:00:00-04:00,26.899999618530273,28.219999313354492,26.899999618530273,27.559999465942383,879500,0,0
2022-09-13 00:00:00-04:00,26.549999237060547,27.43000030517578,26.030000686645508,26.299999237060547,539900,0,0
2022-09-14 00:00:00-04:00,26.049999237060547,26.100000381469727,24.829999923706055,25.479999542236328,942400,0,0
2022-09-15 00:00:00-04:00,23.239999771118164,23.940000534057617,20.969999313354492,21.239999771118164,3926300,0,0
2022-09-16 00:00:00-04:00,20.81999969482422,20.860000610351562,19.799999237060547,20.219999313354492,3425000,0,0
2022-09-19 00:00:00-04:00,19.790000915527344,21.389999389648438,19.790000915527344,21.1299991607666,1463200,0,0
2022-09-20 00:00:00-04:00,20.450000762939453,20.780000686645508,19.610000610351562,19.860000610351562,770400,0,0
2022-09-21 00:00:00-04:00,20.020000457763672,20.110000610351562,19.1299991607666,19.190000534057617,742900,0,0
2022-09-22 00:00:00-04:00,19.299999237060547,19.440000534057617,18.31999969482422,18.559999465942383,760800,0,0
2022-09-23 00:00:00-04:00,18.059999465942383,18.299999237060547,17.559999465942383,18.09000015258789,857700,0,0
2022-09-26 00:00:00-04:00,17.959999084472656,18.399999618530273,16.940000534057617,17.0,735700,0,0
2022-09-27 00:00:00-04:00,17.270000457763672,17.799999237060547,17.020000457763672,17.469999313354492,984600,0,0
2022-09-28 00:00:00-04:00,17.459999084472656,17.6299991607666,17.18000030517578,17.420000076293945,665000,0,0
2022-09-29 00:00:00-04:00,17.520000457763672,17.520000457763672,16.329999923706055,17.280000686645508,1124100,0,0
2022-09-30 00:00:00-04:00,17.200000762939453,17.479999542236328,16.889999389648438,17.040000915527344,746900,0,0
2022-10-03 00:00:00-04:00,17.3799991607666,18.90999984741211,17.3799991607666,18.600000381469727,1123900,0,0
2022-10-04 00:00:00-04:00,18.979999542236328,19.65999984741211,18.950000762939453,19.59000015258789,672100,0,0
2022-10-05 00:00:00-04:00,19.049999237060547,19.84000015258789,19.049999237060547,19.81999969482422,591200,0,0
2022-10-06 00:00:00-04:00,19.3799991607666,19.84000015258789,19.229999542236328,19.639999389648438,500000,0,0
2022-10-07 00:00:00-04:00,19.459999084472656,19.889999389648438,19.170000076293945,19.459999084472656,972300,0,0
2022-10-10 00:00:00-04:00,19.549999237060547,20.209999084472656,19.43000030517578,19.950000762939453,688800,0,0
2022-10-11 00:00:00-04:00,19.719999313354492,20.68000030517578,19.670000076293945,19.8700008392334,1036500,0,0
2022-10-12 00:00:00-04:00,19.739999771118164,20.270000457763672,19.0,19.75,936900,0,0
2022-10-13 00:00:00-04:00,19.059999465942383,20.56999969482422,18.729999542236328,20.239999771118164,842200,0,0
2022-10-14 00:00:00-04:00,20.420000076293945,20.559999465942383,19.200000762939453,19.479999542236328,557300,0,0
2022-10-17 00:00:00-04:00,20.06999969482422,20.510000228881836,19.790000915527344,20.040000915527344,651300,0,0
2022-10-18 00:00:00-04:00,20.690000534057617,21.18000030517578,19.969999313354492,20.260000228881836,531500,0,0
2022-10-19 00:00:00-04:00,19.969999313354492,20.170000076293945,19.700000762939453,19.889999389648438,391600,0,0
2022-10-20 00:00:00-04:00,19.709999084472656,20.780000686645508,19.68000030517578,20.43000030517578,446600,0,0
2022-10-21 00:00:00-04:00,20.6200008392334,21.200000762939453,20.3700008392334,21.049999237060547,471400,0,0
2022-10-24 00:00:00-04:00,20.979999542236328,21.270000457763672,20.56999969482422,21.06999969482422,380900,0,0
2022-10-25 00:00:00-04:00,21.0,21.700000762939453,20.709999084472656,21.34000015258789,757700,0,0
2022-10-26 00:00:00-04:00,21.399999618530273,21.790000915527344,20.559999465942383,20.600000381469727,929600,0,0
2022-10-27 00:00:00-04:00,20.770000457763672,21.18000030517578,20.440000534057617,20.790000915527344,549100,0,0
2022-10-28 00:00:00-04:00,20.770000457763672,21.18000030517578,20.31999969482422,20.729999542236328,564800,0,0
2022-10-31 00:00:00-04:00,20.6299991607666,20.959999084472656,20.540000915527344,20.760000228881836,475600,0,0
2022-11-01 00:00:00-04:00,20.530000686645508,21.729999542236328,20.09000015258789,20.889999389648438,1043200,0,0
2022-11-02 00:00:00-04:00,20.719999313354492,20.889999389648438,18.850000381469727,18.920000076293945,799100,0,0
2022-11-03 00:00:00-04:00,18.520000457763672,19.34000015258789,18.350000381469727,18.889999389648438,537000,0,0
2022-11-04 00:00:00-04:00,19.209999084472656,20.280000686645508,19.100000381469727,19.65999984741211,856000,0,0
2022-11-07 00:00:00-05:00,19.93000030517578,20.190000534057617,19.59000015258789,19.68000030517578,950600,0,0
2022-11-08 00:00:00-05:00,19.809999465942383,19.81999969482422,19.06999969482422,19.360000610351562,907800,0,0
2022-11-09 00:00:00-05:00,19.110000610351562,19.709999084472656,18.84000015258789,19.299999237060547,971100,0,0
2022-11-10 00:00:00-05:00,20.170000076293945,20.59000015258789,19.739999771118164,20.399999618530273,2088000,0,0
2022-11-11 00:00:00-05:00,20.8700008392334,21.43000030517578,20.600000381469727,20.829999923706055,1103800,0,0
2022-11-14 00:00:00-05:00,20.469999313354492,20.8700008392334,20.200000762939453,20.299999237060547,768200,0,0
2022-11-15 00:00:00-05:00,20.84000015258789,20.84000015258789,20.18000030517578,20.31999969482422,478700,0,0
2022-11-16 00:00:00-05:00,20.049999237060547,20.35810089111328,19.485000610351562,19.8700008392334,462473,0,0
