5.860000133514404297e+00,2.200000000000000000e+01,1.910000038146972656e+01,3.962799987792968750e+02,1.403000056743621826e-01,5.900000095367431641e+00
1.389000034332275391e+01,0.000000000000000000e+00,1.639999961853027344e+01,3.937399902343750000e+02,1.142499968409538269e-01,1.050000000000000000e+01
1.810000038146972656e+01,0.000000000000000000e+00,2.020000076293945312e+01,2.464999961853027344e+01,1.224720001220703125e+01,1.568999958038330078e+01
1.957999992370605469e+01,0.000000000000000000e+00,1.469999980926513672e+01,3.884500122070312500e+02,1.519019961357116699e+00,3.319999933242797852e+00
4.929999828338623047e+00,3.000000000000000000e+01,1.660000038146972656e+01,3.946199951171875000e+02,1.061199977993965149e-01,1.239999961853027344e+01
2.773999977111816406e+01,0.000000000000000000e+00,2.010000038146972656e+01,3.901099853515625000e+02,1.057400032877922058e-01,1.806999969482421875e+01
5.860000133514404297e+00,2.200000000000000000e+01,1.910000038146972656e+01,3.747099914550781250e+02,1.643899977207183838e-01,9.520000457763671875e+00
1.810000038146972656e+01,0.000000000000000000e+00,2.020000076293945312e+01,3.952799987792968750e+02,5.731160163879394531e+00,7.010000228881835938e+00
1.810000038146972656e+01,0.000000000000000000e+00,2.020000076293945312e+01,9.319999694824218750e+00,1.517720031738281250e+01,2.645000076293945312e+01
9.899999618530273438e+00,0.000000000000000000e+00,1.839999961853027344e+01,3.968999938964843750e+02,7.904099822044372559e-01,5.980000019073486328e+00
6.199999809265136719e+00,0.000000000000000000e+00,1.739999961853027344e+01,3.789500122070312500e+02,3.314700126647949219e-01,3.950000047683715820e+00
1.810000038146972656e+01,0.000000000000000000e+00,2.020000076293945312e+01,6.894999694824218750e+01,1.367809963226318359e+01,3.402000045776367188e+01
1.059000015258789062e+01,0.000000000000000000e+00,1.860000038146972656e+01,3.894299926757812500e+02,2.519899904727935791e-01,1.805999946594238281e+01
1.957999992370605469e+01,0.000000000000000000e+00,1.469999980926513672e+01,3.968999938964843750e+02,3.321049928665161133e+00,2.681999969482421875e+01
1.957999992370605469e+01,0.000000000000000000e+00,1.469999980926513672e+01,2.619500122070312500e+02,2.149179935455322266e+00,1.578999996185302734e+01
1.810000038146972656e+01,0.000000000000000000e+00,2.020000076293945312e+01,3.913399963378906250e+02,3.849699974060058594e+00,1.327000045776367188e+01
4.929999828338623047e+00,3.000000000000000000e+01,1.660000038146972656e+01,3.837799987792968750e+02,9.251999855041503906e-02,7.369999885559082031e+00
3.440000057220458984e+00,4.500000000000000000e+01,1.519999980926513672e+01,3.897099914550781250e+02,6.910999864339828491e-02,4.690000057220458984e+00
1.810000038146972656e+01,0.000000000000000000e+00,2.020000076293945312e+01,3.729200134277343750e+02,1.433370018005371094e+01,3.062000083923339844e+01
3.329999923706054688e+00,2.000000000000000000e+01,1.489999961853027344e+01,3.873099975585937500e+02,3.578000143170356750e-02,3.759999990463256836e+00
6.909999847412109375e+00,0.000000000000000000e+00,1.789999961853027344e+01,3.968999938964843750e+02,1.714199930429458618e-01,1.021000003814697266e+01
9.899999618530273438e+00,0.000000000000000000e+00,1.839999961853027344e+01,3.933900146484375000e+02,2.693800032138824463e-01,7.900000095367431641e+00
1.001000022888183594e+01,0.000000000000000000e+00,1.779999923706054688e+01,3.915000000000000000e+02,1.447599977254867554e-01,1.360999965667724609e+01
1.810000038146972656e+01,0.000000000000000000e+00,2.020000076293945312e+01,2.156999969482421875e+01,1.083419990539550781e+01,2.579000091552734375e+01
4.050000190734863281e+00,0.000000000000000000e+00,1.660000038146972656e+01,3.956000061035156250e+02,5.424999818205833435e-02,6.289999961853027344e+00
1.810000038146972656e+01,0.000000000000000000e+00,2.020000076293945312e+01,3.027600097656250000e+02,6.393119812011718750e+00,2.410000038146972656e+01
9.899999618530273438e+00,0.000000000000000000e+00,1.839999961853027344e+01,3.907000122070312500e+02,3.182699978351593018e-01,1.832999992370605469e+01
2.309999942779541016e+00,1.800000000000000000e+01,1.530000019073486328e+01,3.968999938964843750e+02,6.320000160485506058e-03,4.980000019073486328e+00
3.410000085830688477e+00,0.000000000000000000e+00,1.779999923706054688e+01,3.968999938964843750e+02,5.660000070929527283e-02,5.500000000000000000e+00
1.392000007629394531e+01,0.000000000000000000e+00,1.600000000000000000e+01,3.928500061035156250e+02,5.372000113129615784e-02,7.389999866485595703e+00
9.899999618530273438e+00,0.000000000000000000e+00,1.839999961853027344e+01,3.962999877929687500e+02,2.616899907588958740e-01,1.172000026702880859e+01
8.140000343322753906e+00,0.000000000000000000e+00,2.100000000000000000e+01,3.968999938964843750e+02,6.297600269317626953e-01,8.260000228881835938e+00
1.810000038146972656e+01,0.000000000000000000e+00,2.020000076293945312e+01,3.968999938964843750e+02,1.587440013885498047e+01,2.107999992370605469e+01
8.140000343322753906e+00,0.000000000000000000e+00,2.100000000000000000e+01,2.889899902343750000e+02,8.027099967002868652e-01,1.168999958038330078e+01
1.810000038146972656e+01,0.000000000000000000e+00,2.020000076293945312e+01,2.879000091552734375e+01,1.881100082397460938e+01,3.436999893188476562e+01
1.810000038146972656e+01,0.000000000000000000e+00,2.020000076293945312e+01,3.968999938964843750e+02,3.835179901123046875e+01,3.059000015258789062e+01
8.140000343322753906e+00,0.000000000000000000e+00,2.100000000000000000e+01,2.326000061035156250e+02,1.387989997863769531e+00,2.770999908447265625e+01
2.180000066757202148e+00,3.300000000000000000e+01,1.839999961853027344e+01,3.968999938964843750e+02,4.932000115513801575e-02,7.530000209808349609e+00
9.899999618530273438e+00,0.000000000000000000e+00,1.839999961853027344e+01,3.968999938964843750e+02,4.929800033569335938e-01,4.539999961853027344e+00
2.930000066757202148e+00,6.000000000000000000e+01,1.560000038146972656e+01,3.767000122070312500e+02,1.439000014215707779e-02,4.380000114440917969e+00
9.689999580383300781e+00,0.000000000000000000e+00,1.920000076293945312e+01,3.968999938964843750e+02,1.733099967241287231e-01,1.201000022888183594e+01
1.957999992370605469e+01,0.000000000000000000e+00,1.469999980926513672e+01,3.643099975585937500e+02,1.425019979476928711e+00,7.389999866485595703e+00
6.960000038146972656e+00,2.000000000000000000e+01,1.860000038146972656e+01,3.949599914550781250e+02,1.146000027656555176e-01,7.730000019073486328e+00
1.810000038146972656e+01,0.000000000000000000e+00,2.020000076293945312e+01,7.679999828338623047e+00,1.586030006408691406e+01,2.438999938964843750e+01
1.810000038146972656e+01,0.000000000000000000e+00,2.020000076293945312e+01,3.944299926757812500e+02,6.962150096893310547e+00,1.711000061035156250e+01
2.564999961853027344e+01,0.000000000000000000e+00,1.910000038146972656e+01,3.592900085449218750e+02,3.873499929904937744e-01,2.726000022888183594e+01
9.689999580383300781e+00,0.000000000000000000e+00,1.920000076293945312e+01,3.932900085449218750e+02,1.789900064468383789e-01,1.760000038146972656e+01
5.190000057220458984e+00,0.000000000000000000e+00,2.020000076293945312e+01,3.968999938964843750e+02,6.151000037789344788e-02,9.289999961853027344e+00
4.929999828338623047e+00,3.000000000000000000e+01,1.660000038146972656e+01,3.747099914550781250e+02,1.275700032711029053e-01,5.190000057220458984e+00
8.140000343322753906e+00,0.000000000000000000e+00,2.100000000000000000e+01,3.867500000000000000e+02,7.842000126838684082e-01,1.467000007629394531e+01
3.240000009536743164e+00,0.000000000000000000e+00,1.689999961853027344e+01,3.752099914550781250e+02,6.723999977111816406e-02,7.340000152587890625e+00
4.949999809265136719e+00,8.000000000000000000e+01,1.920000076293945312e+01,3.968999938964843750e+02,7.885999977588653564e-02,3.559999942779541016e+00
1.810000038146972656e+01,0.000000000000000000e+00,2.020000076293945312e+01,3.504999923706054688e+01,1.405070018768310547e+01,2.121999931335449219e+01
1.810000038146972656e+01,0.000000000000000000e+00,2.020000076293945312e+01,3.968999938964843750e+02,9.390629768371582031e+00,2.287999916076660156e+01
1.519999980926513672e+00,8.000000000000000000e+01,1.260000038146972656e+01,3.543099975585937500e+02,4.665999859571456909e-02,8.609999656677246094e+00
6.070000171661376953e+00,1.250000000000000000e+01,1.889999961853027344e+01,3.962099914550781250e+02,5.789000168442726135e-02,8.100000381469726562e+00
1.810000038146972656e+01,0.000000000000000000e+00,2.020000076293945312e+01,2.722099914550781250e+02,7.752230167388916016e+00,1.622999954223632812e+01
1.810000038146972656e+01,0.000000000000000000e+00,2.020000076293945312e+01,4.845000076293945312e+01,1.181229972839355469e+01,2.273999977111816406e+01
1.001000022888183594e+01,0.000000000000000000e+00,1.779999923706054688e+01,3.968999938964843750e+02,2.221200019121170044e-01,1.709000015258789062e+01
1.810000038146972656e+01,0.000000000000000000e+00,2.020000076293945312e+01,3.320899963378906250e+02,1.195110034942626953e+01,1.213000011444091797e+01
3.240000009536743164e+00,0.000000000000000000e+00,1.689999961853027344e+01,3.824400024414062500e+02,6.616999953985214233e-02,9.970000267028808594e+00
6.909999847412109375e+00,0.000000000000000000e+00,1.789999961853027344e+01,3.968999938964843750e+02,2.197699993848800659e-01,1.620000076293945312e+01
1.470000028610229492e+00,9.500000000000000000e+01,1.700000000000000000e+01,3.842999877929687500e+02,1.778000034391880035e-02,4.449999809265136719e+00
1.503999996185302734e+01,2.800000000000000000e+01,1.820000076293945312e+01,3.963299865722656250e+02,2.875000052154064178e-02,6.210000038146972656e+00
1.810000038146972656e+01,0.000000000000000000e+00,2.020000076293945312e+01,3.968999938964843750e+02,1.960910034179687500e+01,1.343999958038330078e+01
1.282999992370605469e+01,0.000000000000000000e+00,1.870000076293945312e+01,3.863999938964843750e+02,5.646000057458877563e-02,1.234000015258789062e+01
1.957999992370605469e+01,0.000000000000000000e+00,1.469999980926513672e+01,3.744299926757812500e+02,1.463359951972961426e+00,1.730000019073486328e+00
1.810000038146972656e+01,0.000000000000000000e+00,2.020000076293945312e+01,3.180100097656250000e+02,6.288070201873779297e+00,1.779000091552734375e+01
1.810000038146972656e+01,0.000000000000000000e+00,2.020000076293945312e+01,3.968999938964843750e+02,2.259709930419921875e+01,3.198999977111816406e+01
4.860000133514404297e+00,2.500000000000000000e+01,1.900000000000000000e+01,3.968999938964843750e+02,3.658999875187873840e-02,6.719999790191650391e+00
1.810000038146972656e+01,0.000000000000000000e+00,2.020000076293945312e+01,3.777300109863281250e+02,8.982959747314453125e+00,1.760000038146972656e+01
6.070000171661376953e+00,1.250000000000000000e+01,1.889999961853027344e+01,3.968999938964843750e+02,1.355399936437606812e-01,1.309000015258789062e+01
8.140000343322753906e+00,0.000000000000000000e+00,2.100000000000000000e+01,3.909500122070312500e+02,7.257999777793884277e-01,1.127999973297119141e+01
1.810000038146972656e+01,0.000000000000000000e+00,2.020000076293945312e+01,3.914500122070312500e+02,2.205109977722167969e+01,2.211000061035156250e+01
4.050000190734863281e+00,0.000000000000000000e+00,1.660000038146972656e+01,3.968999938964843750e+02,1.391399949789047241e-01,1.468999958038330078e+01
1.810000038146972656e+01,0.000000000000000000e+00,2.020000076293945312e+01,3.312900085449218750e+02,4.422279834747314453e+00,2.131999969482421875e+01
8.560000419616699219e+00,0.000000000000000000e+00,2.089999961853027344e+01,7.080000305175781250e+01,2.287600040435791016e-01,1.063000011444091797e+01
1.001000022888183594e+01,0.000000000000000000e+00,1.779999923706054688e+01,3.449100036621093750e+02,1.713400036096572876e-01,1.576000022888183594e+01
7.869999885559082031e+00,1.250000000000000000e+01,1.519999980926513672e+01,3.968999938964843750e+02,1.445499956607818604e-01,1.914999961853027344e+01
1.810000038146972656e+01,0.000000000000000000e+00,2.020000076293945312e+01,3.753299865722656250e+02,5.669980049133300781e+00,3.730000019073486328e+00
5.860000133514404297e+00,2.200000000000000000e+01,1.910000038146972656e+01,3.891300048828125000e+02,1.913300007581710815e-01,1.845999908447265625e+01
1.957999992370605469e+01,0.000000000000000000e+00,1.469999980926513672e+01,3.917099914550781250e+02,2.368619918823242188e+00,2.953000068664550781e+01
1.957999992370605469e+01,0.000000000000000000e+00,1.469999980926513672e+01,3.481300048828125000e+02,2.313899993896484375e+00,1.202999973297119141e+01
2.188999938964843750e+01,0.000000000000000000e+00,2.120000076293945312e+01,3.920400085449218750e+02,2.497999966144561768e-01,2.131999969482421875e+01
1.392000007629394531e+01,0.000000000000000000e+00,1.600000000000000000e+01,3.968999938964843750e+02,8.199000358581542969e-02,1.039999961853027344e+01
3.970000028610229492e+00,2.000000000000000000e+01,1.300000000000000000e+01,3.934200134277343750e+02,8.252599835395812988e-01,1.125000000000000000e+01
2.180000066757202148e+00,0.000000000000000000e+00,1.870000076293945312e+01,3.968999938964843750e+02,6.904999911785125732e-02,5.329999923706054688e+00
1.810000038146972656e+01,0.000000000000000000e+00,2.020000076293945312e+01,2.519999980926513672e+00,7.050419807434082031e+00,2.329000091552734375e+01
4.389999866485595703e+00,0.000000000000000000e+00,1.879999923706054688e+01,3.856400146484375000e+02,3.112999908626079559e-02,1.052999973297119141e+01
2.240000009536743164e+00,7.000000000000000000e+01,1.480000019073486328e+01,3.682399902343750000e+02,6.465999782085418701e-02,4.969999790191650391e+00
1.810000038146972656e+01,0.000000000000000000e+00,2.020000076293945312e+01,3.968999938964843750e+02,9.823490142822265625e+00,2.123999977111816406e+01
1.059000015258789062e+01,0.000000000000000000e+00,1.860000038146972656e+01,3.909400024414062500e+02,2.171899974346160889e-01,1.603000068664550781e+01
3.970000028610229492e+00,2.000000000000000000e+01,1.300000000000000000e+01,3.923999938964843750e+02,7.616199851036071777e-01,1.044999980926513672e+01
1.909999966621398926e+00,8.000000000000000000e+01,2.200000000000000000e+01,3.760400085449218750e+02,1.065900027751922607e-01,5.570000171661376953e+00
8.560000419616699219e+00,0.000000000000000000e+00,2.089999961853027344e+01,3.956700134277343750e+02,1.712000072002410889e-01,1.865999984741210938e+01
1.957999992370605469e+01,0.000000000000000000e+00,1.469999980926513672e+01,8.801000213623046875e+01,3.535010099411010742e+00,1.502000045776367188e+01
1.957999992370605469e+01,0.000000000000000000e+00,1.469999980926513672e+01,1.729100036621093750e+02,2.379339933395385742e+00,2.779999923706054688e+01
1.282999992370605469e+01,0.000000000000000000e+00,1.870000076293945312e+01,3.736600036621093750e+02,1.015300005674362183e-01,1.197000026702880859e+01
4.600000083446502686e-01,8.000000000000000000e+01,1.439999961853027344e+01,3.942300109863281250e+02,1.381000038236379623e-02,2.970000028610229492e+00
1.810000038146972656e+01,0.000000000000000000e+00,2.020000076293945312e+01,3.920499877929687500e+02,6.538760185241699219e+00,2.960000038146972656e+00
1.810000038146972656e+01,0.000000000000000000e+00,2.020000076293945312e+01,3.885199890136718750e+02,9.924850463867187500e+00,1.644000053405761719e+01
4.949999809265136719e+00,8.000000000000000000e+01,1.920000076293945312e+01,3.968999938964843750e+02,3.502000123262405396e-02,3.329999923706054688e+00
1.810000038146972656e+01,0.000000000000000000e+00,2.020000076293945312e+01,3.968999938964843750e+02,6.801169872283935547e+00,1.469999980926513672e+01
6.409999847412109375e+00,4.000000000000000000e+01,1.760000038146972656e+01,3.968999938964843750e+02,7.977999746799468994e-02,7.190000057220458984e+00
8.140000343322753906e+00,0.000000000000000000e+00,2.100000000000000000e+01,3.925299987792968750e+02,8.520399928092956543e-01,1.382999992370605469e+01
8.140000343322753906e+00,0.000000000000000000e+00,2.100000000000000000e+01,3.956199951171875000e+02,6.273900270462036133e-01,8.470000267028808594e+00
4.929999828338623047e+00,3.000000000000000000e+01,1.660000038146972656e+01,3.912500000000000000e+02,1.132899969816207886e-01,1.138000011444091797e+01
3.970000028610229492e+00,2.000000000000000000e+01,1.300000000000000000e+01,3.840700073242187500e+02,7.857000231742858887e-01,1.478999996185302734e+01
6.909999847412109375e+00,0.000000000000000000e+00,1.789999961853027344e+01,3.968999938964843750e+02,2.538700103759765625e-01,3.080999946594238281e+01
1.810000038146972656e+01,0.000000000000000000e+00,2.020000076293945312e+01,3.931000061035156250e+02,7.672019958496093750e+00,1.992000007629394531e+01
6.409999847412109375e+00,4.000000000000000000e+01,1.760000038146972656e+01,3.968999938964843750e+02,9.604000300168991089e-02,2.980000019073486328e+00
3.970000028610229492e+00,2.000000000000000000e+01,1.300000000000000000e+01,3.868599853515625000e+02,5.201399922370910645e-01,5.909999847412109375e+00
2.250000000000000000e+00,5.500000000000000000e+01,1.530000019073486328e+01,3.947200012207031250e+02,1.095999963581562042e-02,8.229999542236328125e+00
4.860000133514404297e+00,2.500000000000000000e+01,1.900000000000000000e+01,3.956300048828125000e+02,4.461999982595443726e-02,7.219999790191650391e+00
8.140000343322753906e+00,0.000000000000000000e+00,2.100000000000000000e+01,3.868500061035156250e+02,1.053930044174194336e+00,6.579999923706054688e+00
6.090000152587890625e+00,3.400000000000000000e+01,1.610000038146972656e+01,3.836099853515625000e+02,9.266000241041183472e-02,8.670000076293945312e+00
1.810000038146972656e+01,0.000000000000000000e+00,2.020000076293945312e+01,2.201000022888183594e+01,3.774980068206787109e+00,1.714999961853027344e+01
6.199999809265136719e+00,0.000000000000000000e+00,1.739999961853027344e+01,3.602000122070312500e+02,4.479100108146667480e-01,8.050000190734863281e+00
6.199999809265136719e+00,0.000000000000000000e+00,1.739999961853027344e+01,3.761400146484375000e+02,4.629600048065185547e-01,5.250000000000000000e+00
1.810000038146972656e+01,0.000000000000000000e+00,2.020000076293945312e+01,2.552299957275390625e+02,4.812129974365234375e+00,1.642000007629394531e+01
2.460000038146972656e+00,0.000000000000000000e+00,1.779999923706054688e+01,3.871099853515625000e+02,6.046999990940093994e-02,1.314999961853027344e+01
1.810000038146972656e+01,0.000000000000000000e+00,2.020000076293945312e+01,3.552900085449218750e+02,5.441140174865722656e+00,1.772999954223632812e+01
2.240000009536743164e+00,7.000000000000000000e+01,1.480000019073486328e+01,3.715799865722656250e+02,5.561000108718872070e-02,4.739999771118164062e+00
1.810000038146972656e+01,0.000000000000000000e+00,2.020000076293945312e+01,3.506499938964843750e+02,3.836839914321899414e+00,1.418999958038330078e+01
4.050000190734863281e+00,0.000000000000000000e+00,1.660000038146972656e+01,3.909599914550781250e+02,6.663999706506729126e-02,5.329999923706054688e+00
6.199999809265136719e+00,0.000000000000000000e+00,1.739999961853027344e+01,3.873800048828125000e+02,3.821400105953216553e-01,3.130000114440917969e+00
2.930000066757202148e+00,6.000000000000000000e+01,1.560000038146972656e+01,3.933699951171875000e+02,2.187000028789043427e-02,5.030000209808349609e+00
6.909999847412109375e+00,0.000000000000000000e+00,1.789999961853027344e+01,3.968999938964843750e+02,1.883600056171417236e-01,1.414999961853027344e+01
2.890000104904174805e+00,0.000000000000000000e+00,1.800000000000000000e+01,3.968999938964843750e+02,6.859999895095825195e-02,6.190000057220458984e+00
3.329999923706054688e+00,2.000000000000000000e+01,1.489999961853027344e+01,3.770700073242187500e+02,6.128999963402748108e-02,3.009999990463256836e+00
2.188999938964843750e+01,0.000000000000000000e+00,2.120000076293945312e+01,3.968999938964843750e+02,1.192939996719360352e+00,1.226000022888183594e+01
8.140000343322753906e+00,0.000000000000000000e+00,2.100000000000000000e+01,3.943299865722656250e+02,7.502599954605102539e-01,1.629999923706054688e+01
2.890000104904174805e+00,0.000000000000000000e+00,1.800000000000000000e+01,3.918299865722656250e+02,1.150399968028068542e-01,1.134000015258789062e+01
2.460000038146972656e+00,0.000000000000000000e+00,1.779999923706054688e+01,3.968999938964843750e+02,1.000799983739852905e-01,5.679999828338623047e+00
1.810000038146972656e+01,0.000000000000000000e+00,2.020000076293945312e+01,3.962099914550781250e+02,4.871409893035888672e+00,1.868000030517578125e+01
5.860000133514404297e+00,2.200000000000000000e+01,1.910000038146972656e+01,3.724899902343750000e+02,2.060800045728683472e-01,1.250000000000000000e+01
1.810000038146972656e+01,0.000000000000000000e+00,2.020000076293945312e+01,3.146400146484375000e+02,7.403890132904052734e+00,2.639999961853027344e+01
2.460000038146972656e+00,0.000000000000000000e+00,1.779999923706054688e+01,3.955599975585937500e+02,6.588000059127807617e-02,7.559999942779541016e+00
1.059000015258789062e+01,0.000000000000000000e+00,1.860000038146972656e+01,3.813200073242187500e+02,1.358699947595596313e-01,1.465999984741210938e+01
3.329999923706054688e+00,2.000000000000000000e+01,1.489999961853027344e+01,3.922300109863281250e+02,3.705000132322311401e-02,4.590000152587890625e+00
1.810000038146972656e+01,0.000000000000000000e+00,2.020000076293945312e+01,1.098499984741210938e+02,1.116040039062500000e+01,2.327000045776367188e+01
1.810000038146972656e+01,0.000000000000000000e+00,2.020000076293945312e+01,3.882200012207031250e+02,4.835669994354248047e+00,1.144999980926513672e+01
1.810000038146972656e+01,0.000000000000000000e+00,2.020000076293945312e+01,3.933699951171875000e+02,3.568680047988891602e+00,1.435999965667724609e+01
1.810000038146972656e+01,0.000000000000000000e+00,2.020000076293945312e+01,3.968999938964843750e+02,2.364819908142089844e+01,2.369000053405761719e+01
7.380000114440917969e+00,0.000000000000000000e+00,1.960000038146972656e+01,3.968999938964843750e+02,3.034699857234954834e-01,6.150000095367431641e+00
1.320000052452087402e+00,1.000000000000000000e+02,1.510000038146972656e+01,3.928999938964843750e+02,1.432000007480382919e-02,3.950000047683715820e+00
3.440000057220458984e+00,4.500000000000000000e+01,1.519999980926513672e+01,3.828399963378906250e+02,1.257899999618530273e-01,4.559999942779541016e+00
2.188999938964843750e+01,0.000000000000000000e+00,2.120000076293945312e+01,3.968999938964843750e+02,1.628640055656433105e+00,3.440999984741210938e+01
1.250000000000000000e+00,4.000000000000000000e+01,1.970000076293945312e+01,3.898500061035156250e+02,2.899000048637390137e-02,5.889999866485595703e+00
4.860000133514404297e+00,2.500000000000000000e+01,1.900000000000000000e+01,3.968999938964843750e+02,4.112999886274337769e-02,5.289999961853027344e+00
6.090000152587890625e+00,3.400000000000000000e+01,1.610000038146972656e+01,3.904299926757812500e+02,1.000000014901161194e-01,4.860000133514404297e+00
1.810000038146972656e+01,0.000000000000000000e+00,2.020000076293945312e+01,3.926799926757812500e+02,5.691750049591064453e+00,1.497999954223632812e+01
1.059000015258789062e+01,0.000000000000000000e+00,1.860000038146972656e+01,3.948699951171875000e+02,2.296900004148483276e-01,1.097000026702880859e+01
6.409999847412109375e+00,4.000000000000000000e+01,1.760000038146972656e+01,3.934500122070312500e+02,6.126999855041503906e-02,4.159999847412109375e+00
3.640000104904174805e+00,8.000000000000000000e+01,1.639999961853027344e+01,3.951799926757812500e+02,3.548000007867813110e-02,9.250000000000000000e+00
8.560000419616699219e+00,0.000000000000000000e+00,2.089999961853027344e+01,3.926900024414062500e+02,1.395999938249588013e-01,1.232999992370605469e+01
1.193000030517578125e+01,0.000000000000000000e+00,2.100000000000000000e+01,3.968999938964843750e+02,4.741000011563301086e-02,7.880000114440917969e+00
1.810000038146972656e+01,0.000000000000000000e+00,2.020000076293945312e+01,1.273600006103515625e+02,2.594059944152832031e+01,2.663999938964843750e+01
1.810000038146972656e+01,0.000000000000000000e+00,2.020000076293945312e+01,3.807900085449218750e+02,3.678220033645629883e+00,1.018999958038330078e+01
6.090000152587890625e+00,3.400000000000000000e+01,1.610000038146972656e+01,3.957500000000000000e+02,3.536999970674514771e-02,9.500000000000000000e+00
1.810000038146972656e+01,0.000000000000000000e+00,2.020000076293945312e+01,3.968999938964843750e+02,5.872049808502197266e+00,1.937000083923339844e+01
1.957999992370605469e+01,0.000000000000000000e+00,1.469999980926513672e+01,3.432799987792968750e+02,1.126579999923706055e+00,1.211999988555908203e+01
1.810000038146972656e+01,0.000000000000000000e+00,2.020000076293945312e+01,3.968999938964843750e+02,1.423620033264160156e+01,2.031999969482421875e+01
1.810000038146972656e+01,0.000000000000000000e+00,2.020000076293945312e+01,3.199999928474426270e-01,6.717720031738281250e+00,1.744000053405761719e+01
1.059000015258789062e+01,0.000000000000000000e+00,1.860000038146972656e+01,3.968999938964843750e+02,4.357100129127502441e-01,2.309000015258789062e+01
2.564999961853027344e+01,0.000000000000000000e+00,1.910000038146972656e+01,3.780899963378906250e+02,9.299000352621078491e-02,1.793000030517578125e+01
1.001000022888183594e+01,0.000000000000000000e+00,1.779999923706054688e+01,3.932999877929687500e+02,1.315799951553344727e-01,1.203999996185302734e+01
8.140000343322753906e+00,0.000000000000000000e+00,2.100000000000000000e+01,3.800199890136718750e+02,6.379600167274475098e-01,1.026000022888183594e+01
2.188999938964843750e+01,0.000000000000000000e+00,2.120000076293945312e+01,3.950400085449218750e+02,3.400599956512451172e-01,1.260000038146972656e+01
1.001000022888183594e+01,0.000000000000000000e+00,1.779999923706054688e+01,3.955899963378906250e+02,1.008400022983551025e-01,1.015999984741210938e+01
1.810000038146972656e+01,0.000000000000000000e+00,2.020000076293945312e+01,3.929200134277343750e+02,2.818380117416381836e+00,1.042000007629394531e+01
1.193000030517578125e+01,0.000000000000000000e+00,2.100000000000000000e+01,3.919899902343750000e+02,6.262999773025512695e-02,9.670000076293945312e+00
1.503999996185302734e+01,2.800000000000000000e+01,1.820000076293945312e+01,3.950100097656250000e+02,4.202999919652938843e-02,8.159999847412109375e+00
1.001000022888183594e+01,0.000000000000000000e+00,1.779999923706054688e+01,3.949500122070312500e+02,1.232900023460388184e-01,1.620999908447265625e+01
5.639999866485595703e+00,2.100000000000000000e+01,1.679999923706054688e+01,3.955599975585937500e+02,8.872999995946884155e-02,1.344999980926513672e+01
4.489999771118164062e+00,0.000000000000000000e+00,1.850000000000000000e+01,3.951499938964843750e+02,7.151000201702117920e-02,8.439999580383300781e+00
6.199999809265136719e+00,0.000000000000000000e+00,1.739999961853027344e+01,3.850499877929687500e+02,3.153299987316131592e-01,4.139999866485595703e+00
1.250000000000000000e+00,4.000000000000000000e+01,1.970000076293945312e+01,3.968999938964843750e+02,6.210999935865402222e-02,5.980000019073486328e+00
1.810000038146972656e+01,0.000000000000000000e+00,2.020000076293945312e+01,3.919800109863281250e+02,8.716750144958496094e+00,1.712000083923339844e+01
1.810000038146972656e+01,0.000000000000000000e+00,2.020000076293945312e+01,3.783800048828125000e+02,5.293049812316894531e+00,1.876000022888183594e+01
6.199999809265136719e+00,0.000000000000000000e+00,1.739999961853027344e+01,3.720799865722656250e+02,4.123800098896026611e-01,6.360000133514404297e+00
5.639999866485595703e+00,2.100000000000000000e+01,1.679999923706054688e+01,3.968999938964843750e+02,5.359999835491180420e-02,5.280000209808349609e+00
1.810000038146972656e+01,0.000000000000000000e+00,2.020000076293945312e+01,3.294599914550781250e+02,4.152920150756835938e+01,2.737999916076660156e+01
9.899999618530273438e+00,0.000000000000000000e+00,1.839999961853027344e+01,3.962300109863281250e+02,4.754700064659118652e-01,1.272999954223632812e+01
6.199999809265136719e+00,0.000000000000000000e+00,1.739999961853027344e+01,3.783500061035156250e+02,5.370000004768371582e-01,1.164999961853027344e+01
6.960000038146972656e+00,2.000000000000000000e+01,1.860000038146972656e+01,3.913399963378906250e+02,9.064999967813491821e-02,1.364999961853027344e+01
1.810000038146972656e+01,0.000000000000000000e+00,2.020000076293945312e+01,3.343999938964843750e+02,3.163599967956542969e+00,1.413000011444091797e+01
1.519999980926513672e+00,8.000000000000000000e+01,1.260000038146972656e+01,3.922000122070312500e+02,3.768000006675720215e-02,6.619999885559082031e+00
1.392000007629394531e+01,0.000000000000000000e+00,1.600000000000000000e+01,3.968999938964843750e+02,1.410299986600875854e-01,1.584000015258789062e+01
2.890000104904174805e+00,0.000000000000000000e+00,1.800000000000000000e+01,3.968999938964843750e+02,1.208299994468688965e-01,4.210000038146972656e+00
2.460000038146972656e+00,0.000000000000000000e+00,1.779999923706054688e+01,3.968999938964843750e+02,5.779999867081642151e-02,5.039999961853027344e+00
1.059000015258789062e+01,0.000000000000000000e+00,1.860000038146972656e+01,3.858099975585937500e+02,1.405200064182281494e-01,9.380000114440917969e+00
4.050000190734863281e+00,0.000000000000000000e+00,1.660000038146972656e+01,3.932300109863281250e+02,7.022000104188919067e-02,1.010999965667724609e+01
8.560000419616699219e+00,0.000000000000000000e+00,2.089999961853027344e+01,3.940499877929687500e+02,1.326200067996978760e-01,1.646999931335449219e+01
5.190000057220458984e+00,0.000000000000000000e+00,2.020000076293945312e+01,3.893999938964843750e+02,3.737999871373176575e-02,6.750000000000000000e+00
5.320000171661376953e+00,5.250000000000000000e+01,1.660000038146972656e+01,3.968999938964843750e+02,3.871000185608863831e-02,7.139999866485595703e+00
1.810000038146972656e+01,0.000000000000000000e+00,2.020000076293945312e+01,3.042099914550781250e+02,7.526010036468505859e+00,1.930999946594238281e+01
6.199999809265136719e+00,0.000000000000000000e+00,1.739999961853027344e+01,3.767500000000000000e+02,3.304499983787536621e-01,1.088000011444091797e+01
5.190000057220458984e+00,0.000000000000000000e+00,2.020000076293945312e+01,3.968999938964843750e+02,3.960999846458435059e-02,8.010000228881835938e+00
6.960000038146972656e+00,2.000000000000000000e+01,1.860000038146972656e+01,3.886499938964843750e+02,2.991600036621093750e-01,1.300000000000000000e+01
1.810000038146972656e+01,0.000000000000000000e+00,2.020000076293945312e+01,5.091999816894531250e+01,4.752369880676269531e+00,1.812999916076660156e+01
6.909999847412109375e+00,0.000000000000000000e+00,1.789999961853027344e+01,3.893900146484375000e+02,1.226899996399879456e-01,9.550000190734863281e+00
2.970000028610229492e+00,9.000000000000000000e+01,1.530000019073486328e+01,3.947200012207031250e+02,9.060000069439411163e-03,7.849999904632568359e+00
4.489999771118164062e+00,0.000000000000000000e+00,1.850000000000000000e+01,3.959899902343750000e+02,5.187999829649925232e-02,1.285999965667724609e+01
1.759999990463256836e+00,8.000000000000000000e+01,1.820000076293945312e+01,3.416000061035156250e+02,1.964999921619892120e-02,1.293000030517578125e+01
1.957999992370605469e+01,0.000000000000000000e+00,1.469999980926513672e+01,3.389200134277343750e+02,1.273460030555725098e+00,5.500000000000000000e+00
1.810000038146972656e+01,0.000000000000000000e+00,2.020000076293945312e+01,1.047999954223632812e+01,4.668829917907714844e+00,1.901000022888183594e+01
1.810000038146972656e+01,0.000000000000000000e+00,2.020000076293945312e+01,3.545499877929687500e+02,3.474280118942260742e+00,5.289999961853027344e+00
3.970000028610229492e+00,2.000000000000000000e+01,1.300000000000000000e+01,3.902999877929687500e+02,5.404999852180480957e-01,3.160000085830688477e+00
9.689999580383300781e+00,0.000000000000000000e+00,1.920000076293945312e+01,3.968999938964843750e+02,2.243800014257431030e-01,1.432999992370605469e+01
8.560000419616699219e+00,0.000000000000000000e+00,2.089999961853027344e+01,3.947600097656250000e+02,1.486600041389465332e-01,9.420000076293945312e+00
9.899999618530273438e+00,0.000000000000000000e+00,1.839999961853027344e+01,3.962399902343750000e+02,3.494000136852264404e-01,9.970000267028808594e+00
7.869999885559082031e+00,1.250000000000000000e+01,1.519999980926513672e+01,3.925199890136718750e+02,2.248899936676025391e-01,2.045000076293945312e+01
5.130000114440917969e+00,2.500000000000000000e+01,1.970000076293945312e+01,3.955799865722656250e+02,1.264999955892562866e-01,9.500000000000000000e+00
1.810000038146972656e+01,0.000000000000000000e+00,2.020000076293945312e+01,3.746799926757812500e+02,4.646890163421630859e+00,1.165999984741210938e+01
2.564999961853027344e+01,0.000000000000000000e+00,1.910000038146972656e+01,3.703099975585937500e+02,1.503800004720687866e-01,2.540999984741210938e+01
1.810000038146972656e+01,0.000000000000000000e+00,2.020000076293945312e+01,3.160299987792968750e+02,3.696949958801269531e+00,1.400000000000000000e+01
9.689999580383300781e+00,0.000000000000000000e+00,1.920000076293945312e+01,3.968999938964843750e+02,2.391200065612792969e-01,1.292000007629394531e+01
1.810000038146972656e+01,0.000000000000000000e+00,2.020000076293945312e+01,8.826999664306640625e+01,4.574610137939453125e+01,3.697999954223632812e+01
6.960000038146972656e+00,2.000000000000000000e+01,1.860000038146972656e+01,3.907699890136718750e+02,2.218800038099288940e-01,6.579999923706054688e+00
1.810000038146972656e+01,0.000000000000000000e+00,2.020000076293945312e+01,3.797000122070312500e+02,1.023299980163574219e+01,1.803000068664550781e+01
1.810000038146972656e+01,0.000000000000000000e+00,2.020000076293945312e+01,2.599999904632568359e+00,5.113579940795898438e+01,1.010999965667724609e+01
1.810000038146972656e+01,0.000000000000000000e+00,2.020000076293945312e+01,3.867300109863281250e+02,9.966540336608886719e+00,1.885000038146972656e+01
1.957999992370605469e+01,0.000000000000000000e+00,1.469999980926513672e+01,3.968999938964843750e+02,2.779740095138549805e+00,2.929000091552734375e+01
1.810000038146972656e+01,0.000000000000000000e+00,2.020000076293945312e+01,3.761099853515625000e+02,9.595709800720214844e+00,2.030999946594238281e+01
7.400000095367431641e-01,8.500000000000000000e+01,1.729999923706054688e+01,3.968999938964843750e+02,2.054999954998493195e-02,5.769999980926513672e+00
8.140000343322753906e+00,0.000000000000000000e+00,2.100000000000000000e+01,3.587699890136718750e+02,1.151720046997070312e+00,1.835000038146972656e+01
1.081000041961669922e+01,0.000000000000000000e+00,1.920000076293945312e+01,3.771700134277343750e+02,1.953900009393692017e-01,7.539999961853027344e+00
1.810000038146972656e+01,0.000000000000000000e+00,2.020000076293945312e+01,3.886199951171875000e+02,3.673670053482055664e+00,1.057999992370605469e+01
1.193000030517578125e+01,0.000000000000000000e+00,2.100000000000000000e+01,3.968999938964843750e+02,6.075999885797500610e-02,5.639999866485595703e+00
1.957999992370605469e+01,0.000000000000000000e+00,1.469999980926513672e+01,3.300400085449218750e+02,2.449529886245727539e+00,1.131999969482421875e+01
4.150000095367431641e+00,8.500000000000000000e+01,1.789999961853027344e+01,3.924299926757812500e+02,1.869999989867210388e-02,6.360000133514404297e+00
5.320000171661376953e+00,5.250000000000000000e+01,1.660000038146972656e+01,3.968999938964843750e+02,4.589999839663505554e-02,7.599999904632568359e+00
3.970000028610229492e+00,2.000000000000000000e+01,1.300000000000000000e+01,3.919299926757812500e+02,6.566500067710876465e-01,6.900000095367431641e+00
1.810000038146972656e+01,0.000000000000000000e+00,2.020000076293945312e+01,3.525799865722656250e+02,8.055789947509765625e+00,1.813999938964843750e+01
4.050000190734863281e+00,0.000000000000000000e+00,1.660000038146972656e+01,3.912699890136718750e+02,6.641999632120132446e-02,6.920000076293945312e+00
9.689999580383300781e+00,0.000000000000000000e+00,1.920000076293945312e+01,3.968999938964843750e+02,2.683799862861633301e-01,1.410000038146972656e+01
1.957999992370605469e+01,0.000000000000000000e+00,1.469999980926513672e+01,3.569899902343750000e+02,2.330990076065063477e+00,2.831999969482421875e+01
1.810000038146972656e+01,0.000000000000000000e+00,2.020000076293945312e+01,3.968999938964843750e+02,7.992479801177978516e+00,2.455999946594238281e+01
1.810000038146972656e+01,0.000000000000000000e+00,2.020000076293945312e+01,3.968999938964843750e+02,4.348790168762207031e+00,1.629000091552734375e+01
2.773999977111816406e+01,0.000000000000000000e+00,2.010000038146972656e+01,3.968999938964843750e+02,1.113199964165687561e-01,1.335000038146972656e+01
1.810000038146972656e+01,0.000000000000000000e+00,2.020000076293945312e+01,3.530400085449218750e+02,4.222390174865722656e+00,1.464000034332275391e+01
2.180000066757202148e+00,0.000000000000000000e+00,1.870000076293945312e+01,3.946300048828125000e+02,3.237000107765197754e-02,2.940000057220458984e+00
9.689999580383300781e+00,0.000000000000000000e+00,1.920000076293945312e+01,3.968999938964843750e+02,2.896000146865844727e-01,2.113999938964843750e+01
2.680000066757202148e+00,9.500000000000000000e+01,1.469999980926513672e+01,3.927799987792968750e+02,3.510000184178352356e-02,3.809999942779541016e+00
1.810000038146972656e+01,0.000000000000000000e+00,2.020000076293945312e+01,3.859599914550781250e+02,9.724180221557617188e+00,1.952000045776367188e+01
5.860000133514404297e+00,2.200000000000000000e+01,1.910000038146972656e+01,3.761400146484375000e+02,1.965699940919876099e-01,1.014999961853027344e+01
2.188999938964843750e+01,0.000000000000000000e+00,2.120000076293945312e+01,3.968999938964843750e+02,5.445200204849243164e-01,1.845999908447265625e+01
2.180000066757202148e+00,3.300000000000000000e+01,1.839999961853027344e+01,3.968999938964843750e+02,7.502999901771545410e-02,6.469999790191650391e+00
5.190000057220458984e+00,0.000000000000000000e+00,2.020000076293945312e+01,3.968999938964843750e+02,3.426999971270561218e-02,9.800000190734863281e+00
1.519999980926513672e+00,3.500000000000000000e+01,1.550000000000000000e+01,3.947399902343750000e+02,1.300999987870454788e-02,5.489999771118164062e+00
1.690000057220458984e+00,6.000000000000000000e+01,1.829999923706054688e+01,3.923299865722656250e+02,7.243999838829040527e-02,7.789999961853027344e+00
6.199999809265136719e+00,0.000000000000000000e+00,1.739999961853027344e+01,3.952399902343750000e+02,4.077099859714508057e-01,2.145999908447265625e+01
1.519999980926513672e+00,8.000000000000000000e+01,1.260000038146972656e+01,3.968999938964843750e+02,4.010999947786331177e-02,4.079999923706054688e+00
1.810000038146972656e+01,0.000000000000000000e+00,2.020000076293945312e+01,3.968999938964843750e+02,5.824009895324707031e+00,1.073999977111816406e+01
1.081000041961669922e+01,0.000000000000000000e+00,1.920000076293945312e+01,3.769400024414062500e+02,1.587599962949752808e-01,9.880000114440917969e+00
5.639999866485595703e+00,2.100000000000000000e+01,1.679999923706054688e+01,3.968999938964843750e+02,4.980999976396560669e-02,8.430000305175781250e+00
9.689999580383300781e+00,0.000000000000000000e+00,1.920000076293945312e+01,3.957699890136718750e+02,1.778299957513809204e-01,1.510000038146972656e+01
1.810000038146972656e+01,0.000000000000000000e+00,2.020000076293945312e+01,1.001900024414062500e+02,5.581069946289062500e+00,1.621999931335449219e+01
1.059000015258789062e+01,0.000000000000000000e+00,1.860000038146972656e+01,3.932500000000000000e+02,1.744599938392639160e-01,1.727000045776367188e+01
2.188999938964843750e+01,0.000000000000000000e+00,2.120000076293945312e+01,3.782500000000000000e+02,3.226400017738342285e-01,1.689999961853027344e+01
1.957999992370605469e+01,0.000000000000000000e+00,1.469999980926513672e+01,3.538900146484375000e+02,1.342839956283569336e+00,6.429999828338623047e+00
1.810000038146972656e+01,0.000000000000000000e+00,2.020000076293945312e+01,3.833200073242187500e+02,1.433370018005371094e+01,1.310999965667724609e+01
1.282999992370605469e+01,0.000000000000000000e+00,1.870000076293945312e+01,3.960599975585937500e+02,8.387000113725662231e-02,9.100000381469726562e+00
1.810000038146972656e+01,0.000000000000000000e+00,2.020000076293945312e+01,4.306000137329101562e+01,1.067179965972900391e+01,2.397999954223632812e+01
2.890000104904174805e+00,0.000000000000000000e+00,1.800000000000000000e+01,3.935299987792968750e+02,8.186999708414077759e-02,3.569999933242797852e+00
8.140000343322753906e+00,0.000000000000000000e+00,2.100000000000000000e+01,3.945400085449218750e+02,9.884300231933593750e-01,1.987999916076660156e+01
6.199999809265136719e+00,0.000000000000000000e+00,1.739999961853027344e+01,3.820000000000000000e+02,5.269299745559692383e-01,4.630000114440917969e+00
8.140000343322753906e+00,0.000000000000000000e+00,2.100000000000000000e+01,2.483099975585937500e+02,1.612820029258728027e+00,2.034000015258789062e+01
7.070000171661376953e+00,0.000000000000000000e+00,1.779999923706054688e+01,3.928299865722656250e+02,2.728999964892864227e-02,4.030000209808349609e+00
5.860000133514404297e+00,2.200000000000000000e+01,1.910000038146972656e+01,3.968999938964843750e+02,3.689399957656860352e-01,3.539999961853027344e+00
6.409999847412109375e+00,4.000000000000000000e+01,1.760000038146972656e+01,3.892500000000000000e+02,1.046900004148483276e-01,6.050000190734863281e+00
1.810000038146972656e+01,0.000000000000000000e+00,2.020000076293945312e+01,1.006299972534179688e+02,1.391339969635009766e+01,1.517000007629394531e+01
1.810000038146972656e+01,0.000000000000000000e+00,2.020000076293945312e+01,3.956900024414062500e+02,5.666369915008544922e+00,1.659000015258789062e+01
1.392000007629394531e+01,0.000000000000000000e+00,1.600000000000000000e+01,3.968999938964843750e+02,1.293199956417083740e-01,6.269999980926513672e+00
3.970000028610229492e+00,2.000000000000000000e+01,1.300000000000000000e+01,3.883699951171875000e+02,5.341200232505798340e-01,7.260000228881835938e+00
2.029999971389770508e+00,8.250000000000000000e+01,1.469999980926513672e+01,3.953800048828125000e+02,2.177000045776367188e-02,3.109999895095825195e+00
8.560000419616699219e+00,0.000000000000000000e+00,2.089999961853027344e+01,3.944700012207031250e+02,2.116100043058395386e-01,1.343999958038330078e+01
1.810000038146972656e+01,0.000000000000000000e+00,2.020000076293945312e+01,2.405200042724609375e+02,1.280230045318603516e+01,2.379000091552734375e+01
6.909999847412109375e+00,0.000000000000000000e+00,1.789999961853027344e+01,3.854100036621093750e+02,1.274400055408477783e-01,4.840000152587890625e+00
1.810000038146972656e+01,0.000000000000000000e+00,2.020000076293945312e+01,3.968999938964843750e+02,1.307509994506835938e+01,1.476000022888183594e+01
1.810000038146972656e+01,0.000000000000000000e+00,2.020000076293945312e+01,3.968999938964843750e+02,8.151740074157714844e+00,2.085000038146972656e+01
6.199999809265136719e+00,0.000000000000000000e+00,1.739999961853027344e+01,3.775100097656250000e+02,2.981899976730346680e-01,3.920000076293945312e+00
1.810000038146972656e+01,0.000000000000000000e+00,2.020000076293945312e+01,3.968999938964843750e+02,1.110809993743896484e+01,3.477000045776367188e+01
1.957999992370605469e+01,0.000000000000000000e+00,1.469999980926513672e+01,2.922900085449218750e+02,1.207419991493225098e+00,1.443000030517578125e+01
3.750000000000000000e+00,9.000000000000000000e+01,1.589999961853027344e+01,3.863399963378906250e+02,1.537999976426362991e-02,3.109999895095825195e+00
1.889999985694885254e+00,0.000000000000000000e+00,1.589999961853027344e+01,3.899599914550781250e+02,2.497999928891658783e-02,8.649999618530273438e+00
3.440000057220458984e+00,4.500000000000000000e+01,1.519999980926513672e+01,3.968999938964843750e+02,8.370000123977661133e-02,5.389999866485595703e+00
2.009999990463256836e+00,8.000000000000000000e+01,1.700000000000000000e+01,3.909400024414062500e+02,1.501000020653009415e-02,5.989999771118164062e+00
6.909999847412109375e+00,0.000000000000000000e+00,1.789999961853027344e+01,3.833699951171875000e+02,1.414999961853027344e-01,5.809999942779541016e+00
5.860000133514404297e+00,2.200000000000000000e+01,1.910000038146972656e+01,3.770700073242187500e+02,2.140900045633316040e-01,3.589999914169311523e+00
2.188999938964843750e+01,0.000000000000000000e+00,2.120000076293945312e+01,3.880799865722656250e+02,2.908999919891357422e-01,2.415999984741210938e+01
1.957999992370605469e+01,0.000000000000000000e+00,1.469999980926513672e+01,3.210199890136718750e+02,1.413849949836730957e+00,1.511999988555908203e+01
1.909999966621398926e+00,8.000000000000000000e+01,2.200000000000000000e+01,3.827999877929687500e+02,4.301000013947486877e-02,8.050000190734863281e+00
5.130000114440917969e+00,2.500000000000000000e+01,1.970000076293945312e+01,3.951099853515625000e+02,1.493200063705444336e-01,1.314999961853027344e+01
1.810000038146972656e+01,0.000000000000000000e+00,2.020000076293945312e+01,2.915499877929687500e+02,1.204819965362548828e+01,1.410000038146972656e+01
2.564999961853027344e+01,0.000000000000000000e+00,1.910000038146972656e+01,3.850199890136718750e+02,1.690199971199035645e-01,1.481000041961669922e+01
3.970000028610229492e+00,2.000000000000000000e+01,1.300000000000000000e+01,3.832900085449218750e+02,6.635100245475769043e-01,7.789999961853027344e+00
1.810000038146972656e+01,0.000000000000000000e+00,2.020000076293945312e+01,3.938200073242187500e+02,5.821149826049804688e+00,1.028999996185302734e+01
3.779999971389770508e+00,5.500000000000000000e+01,1.760000038146972656e+01,3.968999938964843750e+02,2.542999945580959320e-02,7.179999828338623047e+00
1.810000038146972656e+01,0.000000000000000000e+00,2.020000076293945312e+01,3.707300109863281250e+02,2.378570079803466797e+00,1.334000015258789062e+01
1.810000038146972656e+01,0.000000000000000000e+00,2.020000076293945312e+01,3.914299926757812500e+02,3.693109989166259766e+00,1.464999961853027344e+01
6.409999847412109375e+00,4.000000000000000000e+01,1.760000038146972656e+01,3.968999938964843750e+02,5.643999949097633362e-02,3.529999971389770508e+00
1.392000007629394531e+01,0.000000000000000000e+00,1.600000000000000000e+01,3.968999938964843750e+02,8.264999836683273315e-02,8.579999923706054688e+00
2.029999971389770508e+00,8.250000000000000000e+01,1.469999980926513672e+01,3.937699890136718750e+02,3.444999828934669495e-02,7.429999828338623047e+00
6.960000038146972656e+00,2.000000000000000000e+01,1.860000038146972656e+01,3.968999938964843750e+02,1.621100008487701416e-01,6.590000152587890625e+00
5.860000133514404297e+00,2.200000000000000000e+01,1.910000038146972656e+01,3.860899963378906250e+02,8.220999687910079956e-02,3.529999971389770508e+00
2.564999961853027344e+01,0.000000000000000000e+00,1.910000038146972656e+01,3.793800048828125000e+02,9.848999977111816406e-02,1.757999992370605469e+01
8.560000419616699219e+00,0.000000000000000000e+00,2.089999961853027344e+01,3.934899902343750000e+02,1.079299971461296082e-01,1.300000000000000000e+01
6.199999809265136719e+00,0.000000000000000000e+00,1.739999961853027344e+01,3.884500122070312500e+02,5.205799937248229980e-01,9.539999961853027344e+00
8.140000343322753906e+00,0.000000000000000000e+00,2.100000000000000000e+01,3.601700134277343750e+02,1.130810022354125977e+00,2.260000038146972656e+01
1.810000038146972656e+01,0.000000000000000000e+00,2.020000076293945312e+01,1.881999969482421875e+01,3.766189956665039062e+01,1.452000045776367188e+01
3.410000085830688477e+00,0.000000000000000000e+00,1.779999923706054688e+01,3.935499877929687500e+02,3.931999951601028442e-02,8.199999809265136719e+00
1.503999996185302734e+01,2.800000000000000000e+01,1.820000076293945312e+01,3.968999938964843750e+02,4.293999820947647095e-02,1.059000015258789062e+01
6.059999942779541016e+00,3.500000000000000000e+01,1.689999961853027344e+01,3.622500000000000000e+02,3.466000035405158997e-02,7.829999923706054688e+00
1.957999992370605469e+01,0.000000000000000000e+00,1.469999980926513672e+01,8.862999725341796875e+01,2.446680068969726562e+00,1.613999938964843750e+01
1.810000038146972656e+01,0.000000000000000000e+00,2.020000076293945312e+01,3.968999938964843750e+02,7.839320182800292969e+00,1.322000026702880859e+01
1.379999995231628418e+00,1.750000000000000000e+01,1.860000038146972656e+01,3.932399902343750000e+02,1.950999908149242401e-02,8.050000190734863281e+00
6.199999809265136719e+00,0.000000000000000000e+00,1.739999961853027344e+01,3.900700073242187500e+02,5.118299722671508789e-01,4.730000019073486328e+00
2.680000066757202148e+00,9.500000000000000000e+01,1.469999980926513672e+01,3.905499877929687500e+02,2.009000070393085480e-02,2.880000114440917969e+00
2.180000066757202148e+00,0.000000000000000000e+00,1.870000076293945312e+01,3.941199951171875000e+02,2.985000051558017731e-02,5.210000038146972656e+00
5.960000038146972656e+00,0.000000000000000000e+00,1.920000076293945312e+01,3.775599975585937500e+02,9.743999689817428589e-02,1.140999984741210938e+01
1.059000015258789062e+01,0.000000000000000000e+00,1.860000038146972656e+01,3.936300048828125000e+02,1.980199962854385376e-01,9.470000267028808594e+00
2.773999977111816406e+01,0.000000000000000000e+00,2.010000038146972656e+01,3.950899963378906250e+02,1.508599966764450073e-01,1.805999946594238281e+01
1.193000030517578125e+01,0.000000000000000000e+00,2.100000000000000000e+01,3.934500122070312500e+02,1.095900014042854309e-01,6.480000019073486328e+00
2.188999938964843750e+01,0.000000000000000000e+00,2.120000076293945312e+01,3.968999938964843750e+02,8.812500238418579102e-01,1.834000015258789062e+01
3.240000009536743164e+00,0.000000000000000000e+00,1.689999961853027344e+01,3.685700073242187500e+02,4.543999955058097839e-02,9.090000152587890625e+00
1.810000038146972656e+01,0.000000000000000000e+00,2.020000076293945312e+01,3.850899963378906250e+02,5.090169906616210938e+00,1.727000045776367188e+01
1.059000015258789062e+01,0.000000000000000000e+00,1.860000038146972656e+01,3.968999938964843750e+02,1.364199966192245483e-01,1.086999988555908203e+01
1.220000028610229492e+00,9.000000000000000000e+01,1.789999961853027344e+01,3.959299926757812500e+02,1.310999970883131027e-02,4.809999942779541016e+00
5.130000114440917969e+00,2.500000000000000000e+01,1.970000076293945312e+01,3.968999938964843750e+02,1.032800003886222839e-01,9.220000267028808594e+00
4.929999828338623047e+00,3.000000000000000000e+01,1.660000038146972656e+01,3.794100036621093750e+02,8.243999630212783813e-02,6.360000133514404297e+00
1.810000038146972656e+01,0.000000000000000000e+00,2.020000076293945312e+01,8.133000183105468750e+01,1.006229972839355469e+01,1.969000053405761719e+01
3.640000104904174805e+00,8.000000000000000000e+01,1.639999961853027344e+01,3.928900146484375000e+02,4.819000139832496643e-02,6.570000171661376953e+00
1.810000038146972656e+01,0.000000000000000000e+00,2.020000076293945312e+01,3.968999938964843750e+02,1.157789993286132812e+01,2.568000030517578125e+01
2.564999961853027344e+01,0.000000000000000000e+00,1.910000038146972656e+01,3.891499938964843750e+02,6.898999959230422974e-02,1.436999988555908203e+01
7.380000114440917969e+00,0.000000000000000000e+00,1.960000038146972656e+01,3.968999938964843750e+02,3.410899937152862549e-01,6.119999885559082031e+00
2.460000038146972656e+00,0.000000000000000000e+00,1.779999923706054688e+01,3.910000000000000000e+02,8.308000117540359497e-02,1.397999954223632812e+01
1.957999992370605469e+01,0.000000000000000000e+00,1.469999980926513672e+01,3.518500061035156250e+02,2.733969926834106445e+00,2.145000076293945312e+01
4.000000000000000000e+00,7.500000000000000000e+01,2.110000038146972656e+01,3.968999938964843750e+02,1.360000018030405045e-02,1.480000019073486328e+01
1.957999992370605469e+01,0.000000000000000000e+00,1.469999980926513672e+01,3.416000061035156250e+02,1.496320009231567383e+00,1.327999973297119141e+01
3.369999885559082031e+00,8.000000000000000000e+01,1.610000038146972656e+01,3.968999938964843750e+02,4.379000142216682434e-02,1.023999977111816406e+01
3.440000057220458984e+00,4.500000000000000000e+01,1.519999980926513672e+01,3.938699951171875000e+02,7.874999940395355225e-02,6.679999828338623047e+00
1.810000038146972656e+01,0.000000000000000000e+00,2.020000076293945312e+01,3.849700012207031250e+02,6.792079925537109375e+01,2.297999954223632812e+01
4.929999828338623047e+00,3.000000000000000000e+01,1.660000038146972656e+01,3.727500000000000000e+02,1.028999984264373779e-01,1.122000026702880859e+01
2.019999980926513672e+00,9.000000000000000000e+01,1.700000000000000000e+01,3.844599914550781250e+02,1.709000021219253540e-02,4.500000000000000000e+00
7.380000114440917969e+00,0.000000000000000000e+00,1.960000038146972656e+01,3.911300048828125000e+02,2.839199900627136230e-01,1.173999977111816406e+01
1.810000038146972656e+01,0.000000000000000000e+00,2.020000076293945312e+01,1.645000076293945312e+01,7.353410339355468750e+01,2.062000083923339844e+01
2.564999961853027344e+01,0.000000000000000000e+00,1.910000038146972656e+01,3.776700134277343750e+02,7.164999842643737793e-02,1.427000045776367188e+01
1.810000038146972656e+01,0.000000000000000000e+00,2.020000076293945312e+01,3.755199890136718750e+02,4.898220062255859375e+00,3.259999990463256836e+00
1.282999992370605469e+01,0.000000000000000000e+00,1.870000076293945312e+01,3.949200134277343750e+02,7.896000146865844727e-02,6.780000209808349609e+00
6.199999809265136719e+00,0.000000000000000000e+00,1.739999961853027344e+01,3.968999938964843750e+02,6.147000193595886230e-01,7.599999904632568359e+00
1.810000038146972656e+01,0.000000000000000000e+00,2.020000076293945312e+01,2.725000000000000000e+01,1.808460044860839844e+01,2.904999923706054688e+01
8.140000343322753906e+00,0.000000000000000000e+00,2.100000000000000000e+01,3.968999938964843750e+02,1.232470035552978516e+00,1.871999931335449219e+01
3.440000057220458984e+00,4.500000000000000000e+01,1.519999980926513672e+01,3.904899902343750000e+02,8.664000034332275391e-02,2.869999885559082031e+00
4.489999771118164062e+00,0.000000000000000000e+00,1.850000000000000000e+01,3.968999938964843750e+02,5.059000104665756226e-02,9.619999885559082031e+00
1.957999992370605469e+01,0.000000000000000000e+00,1.469999980926513672e+01,2.970899963378906250e+02,2.300400018692016602e+00,1.110000038146972656e+01
1.810000038146972656e+01,0.000000000000000000e+00,2.020000076293945312e+01,3.968999938964843750e+02,8.644760131835937500e+00,1.517000007629394531e+01
1.389000034332275391e+01,0.000000000000000000e+00,1.639999961853027344e+01,3.927799987792968750e+02,7.012999802827835083e-02,9.689999580383300781e+00
1.810000038146972656e+01,0.000000000000000000e+00,2.020000076293945312e+01,8.344999694824218750e+01,8.492130279541015625e+00,1.763999938964843750e+01
9.899999618530273438e+00,0.000000000000000000e+00,1.839999961853027344e+01,3.956900024414062500e+02,3.691999912261962891e-01,9.279999732971191406e+00
1.810000038146972656e+01,0.000000000000000000e+00,2.020000076293945312e+01,3.968999938964843750e+02,8.897619628906250000e+01,1.720999908447265625e+01
2.460000038146972656e+00,0.000000000000000000e+00,1.779999923706054688e+01,3.941199951171875000e+02,9.103000164031982422e-02,4.820000171661376953e+00
1.810000038146972656e+01,0.000000000000000000e+00,2.020000076293945312e+01,3.187500000000000000e+02,1.108740043640136719e+01,1.502000045776367188e+01
1.957999992370605469e+01,0.000000000000000000e+00,1.469999980926513672e+01,3.692999877929687500e+02,2.010190010070800781e+00,3.700000047683715820e+00
6.199999809265136719e+00,0.000000000000000000e+00,1.739999961853027344e+01,3.917000122070312500e+02,3.580900132656097412e-01,9.710000038146972656e+00
7.380000114440917969e+00,0.000000000000000000e+00,1.960000038146972656e+01,3.968999938964843750e+02,1.676000058650970459e-01,7.199999809265136719e+00
5.130000114440917969e+00,2.500000000000000000e+01,1.970000076293945312e+01,3.968999938964843750e+02,1.102700009942054749e-01,6.730000019073486328e+00
1.470000028610229492e+00,9.500000000000000000e+01,1.700000000000000000e+01,3.968999938964843750e+02,3.150000050663948059e-02,4.559999942779541016e+00
2.460000038146972656e+00,0.000000000000000000e+00,1.779999923706054688e+01,3.968999938964843750e+02,6.887999922037124634e-02,9.449999809265136719e+00
3.410000085830688477e+00,0.000000000000000000e+00,1.779999923706054688e+01,3.921799926757812500e+02,4.684000089764595032e-02,8.810000419616699219e+00
3.369999885559082031e+00,8.000000000000000000e+01,1.610000038146972656e+01,3.968999938964843750e+02,3.584000095725059509e-02,4.670000076293945312e+00
1.810000038146972656e+01,0.000000000000000000e+00,2.020000076293945312e+01,3.968999938964843750e+02,2.439380073547363281e+01,2.828000068664550781e+01
1.810000038146972656e+01,0.000000000000000000e+00,2.020000076293945312e+01,3.758699951171875000e+02,8.248089790344238281e+00,1.673999977111816406e+01
2.950000047683715820e+00,7.500000000000000000e+01,1.829999923706054688e+01,3.956300048828125000e+02,2.762999944388866425e-02,4.320000171661376953e+00
3.970000028610229492e+00,2.000000000000000000e+01,1.300000000000000000e+01,3.927999877929687500e+02,5.401099920272827148e-01,9.590000152587890625e+00
1.957999992370605469e+01,0.000000000000000000e+00,1.469999980926513672e+01,1.692700042724609375e+02,2.155050039291381836e+00,1.664999961853027344e+01
8.140000343322753906e+00,0.000000000000000000e+00,2.100000000000000000e+01,3.879400024414062500e+02,7.729899883270263672e-01,1.280000019073486328e+01
8.560000419616699219e+00,0.000000000000000000e+00,2.089999961853027344e+01,3.955799865722656250e+02,1.143200024962425232e-01,7.670000076293945312e+00
1.193000030517578125e+01,0.000000000000000000e+00,2.100000000000000000e+01,3.968999938964843750e+02,4.526999965310096741e-02,9.079999923706054688e+00
5.190000057220458984e+00,0.000000000000000000e+00,2.020000076293945312e+01,3.968999938964843750e+02,5.496999993920326233e-02,9.739999771118164062e+00
1.810000038146972656e+01,0.000000000000000000e+00,2.020000076293945312e+01,3.954299926757812500e+02,5.201769828796386719e+00,1.147999954223632812e+01
9.689999580383300781e+00,0.000000000000000000e+00,1.920000076293945312e+01,3.968999938964843750e+02,2.795700132846832275e-01,1.359000015258789062e+01
9.899999618530273438e+00,0.000000000000000000e+00,1.839999961853027344e+01,3.952099914550781250e+02,4.020200073719024658e-01,1.035999965667724609e+01
5.960000038146972656e+00,0.000000000000000000e+00,1.920000076293945312e+01,3.968999938964843750e+02,8.014000207185745239e-02,8.770000457763671875e+00
1.810000038146972656e+01,0.000000000000000000e+00,2.020000076293945312e+01,9.673000335693359375e+01,7.367109775543212891e+00,2.152000045776367188e+01
2.188999938964843750e+01,0.000000000000000000e+00,2.120000076293945312e+01,3.946700134277343750e+02,5.577800273895263672e-01,1.695999908447265625e+01
9.899999618530273438e+00,0.000000000000000000e+00,1.839999961853027344e+01,3.964200134277343750e+02,2.535600066184997559e-01,1.150000000000000000e+01
7.380000114440917969e+00,0.000000000000000000e+00,1.960000038146972656e+01,3.968999938964843750e+02,3.511399924755096436e-01,7.699999809265136719e+00
2.188999938964843750e+01,0.000000000000000000e+00,2.120000076293945312e+01,3.886900024414062500e+02,3.298200070858001709e-01,1.502999973297119141e+01
1.081000041961669922e+01,0.000000000000000000e+00,1.920000076293945312e+01,3.909100036621093750e+02,9.164000302553176880e-02,5.519999980926513672e+00
1.810000038146972656e+01,0.000000000000000000e+00,2.020000076293945312e+01,9.794999694824218750e+01,6.444049835205078125e+00,1.202999973297119141e+01
2.240000009536743164e+00,7.000000000000000000e+01,1.480000019073486328e+01,3.908599853515625000e+02,4.416999965906143188e-02,6.070000171661376953e+00
1.810000038146972656e+01,0.000000000000000000e+00,2.020000076293945312e+01,3.661499938964843750e+02,9.232299804687500000e+00,9.529999732971191406e+00
6.059999942779541016e+00,3.500000000000000000e+01,1.689999961853027344e+01,3.940199890136718750e+02,5.023000016808509827e-02,1.243000030517578125e+01
1.810000038146972656e+01,0.000000000000000000e+00,2.020000076293945312e+01,3.494800109863281250e+02,1.502340030670166016e+01,2.490999984741210938e+01
8.140000343322753906e+00,0.000000000000000000e+00,2.100000000000000000e+01,3.768800048828125000e+02,6.719099879264831543e-01,1.481000041961669922e+01
1.389000034332275391e+01,0.000000000000000000e+00,1.639999961853027344e+01,3.927999877929687500e+02,4.560000076889991760e-02,1.351000022888183594e+01
8.560000419616699219e+00,0.000000000000000000e+00,2.089999961853027344e+01,3.952399902343750000e+02,1.280200034379959106e-01,1.227000045776367188e+01
1.059000015258789062e+01,0.000000000000000000e+00,1.860000038146972656e+01,3.489299926757812500e+02,2.895500063896179199e-01,2.954999923706054688e+01
8.140000343322753906e+00,0.000000000000000000e+00,2.100000000000000000e+01,3.767300109863281250e+02,1.354719996452331543e+00,1.303999996185302734e+01
1.810000038146972656e+01,0.000000000000000000e+00,2.020000076293945312e+01,3.968999938964843750e+02,9.329090118408203125e+00,1.812999916076660156e+01
1.001000022888183594e+01,0.000000000000000000e+00,1.779999923706054688e+01,3.887399902343750000e+02,1.423099935054779053e-01,1.044999980926513672e+01
1.810000038146972656e+01,0.000000000000000000e+00,2.020000076293945312e+01,1.314199981689453125e+02,1.352219963073730469e+01,1.332999992370605469e+01
