2.063499927520751953e+00,1.810000038146972656e+01,8.792119979858398438e+00,7.059999847412109375e+01,1.715999984741210938e+01,2.020000076293945312e+01
2.399899959564208984e+00,9.689999580383300781e+00,1.778299957513809204e-01,7.350000000000000000e+01,1.510000038146972656e+01,1.920000076293945312e+01
2.452699899673461914e+00,1.810000038146972656e+01,8.248089790344238281e+00,9.930000305175781250e+01,1.673999977111816406e+01,2.020000076293945312e+01
2.597500085830688477e+00,1.810000038146972656e+01,4.812129974365234375e+00,9.000000000000000000e+01,1.642000007629394531e+01,2.020000076293945312e+01
2.640300035476684570e+00,9.899999618530273438e+00,7.904099822044372559e-01,5.279999923706054688e+01,5.980000019073486328e+00,1.839999961853027344e+01
3.132299900054931641e+00,4.050000190734863281e+00,6.663999706506729126e-02,3.309999847412109375e+01,5.329999923706054688e+00,1.660000038146972656e+01
1.358000040054321289e+00,1.810000038146972656e+01,9.823490142822265625e+00,9.880000305175781250e+01,2.123999977111816406e+01,2.020000076293945312e+01
2.295500040054321289e+00,1.810000038146972656e+01,3.836839914321899414e+00,9.109999847412109375e+01,1.418999958038330078e+01,2.020000076293945312e+01
7.317200183868408203e+00,5.320000171661376953e+00,4.297000169754028320e-02,2.289999961853027344e+01,9.510000228881835938e+00,1.660000038146972656e+01
6.465400218963623047e+00,3.779999971389770508e+00,3.048999980092048645e-02,2.810000038146972656e+01,4.610000133514404297e+00,1.760000038146972656e+01
1.129600048065185547e+00,1.810000038146972656e+01,8.267250061035156250e+00,8.959999847412109375e+01,8.880000114440917969e+00,2.020000076293945312e+01
1.633399963378906250e+00,1.810000038146972656e+01,7.672019958496093750e+00,9.890000152587890625e+01,1.992000007629394531e+01,2.020000076293945312e+01
1.316300034523010254e+00,1.810000038146972656e+01,1.960910034179687500e+01,9.790000152587890625e+01,1.343999958038330078e+01,2.020000076293945312e+01
1.979900002479553223e+00,2.188999938964843750e+01,8.812500238418579102e-01,9.469999694824218750e+01,1.834000015258789062e+01,2.120000076293945312e+01
4.453400135040283203e+00,8.140000343322753906e+00,9.557700157165527344e-01,8.880000305175781250e+01,1.728000068664550781e+01,2.100000000000000000e+01
4.428999900817871094e+00,6.960000038146972656e+00,2.991600036621093750e-01,4.209999847412109375e+01,1.300000000000000000e+01,1.860000038146972656e+01
3.976900100708007812e+00,8.140000343322753906e+00,1.232470035552978516e+00,9.169999694824218750e+01,1.871999931335449219e+01,2.100000000000000000e+01
2.002599954605102539e+00,1.810000038146972656e+01,1.442080020904541016e+01,9.330000305175781250e+01,1.804999923706054688e+01,2.020000076293945312e+01
3.048000097274780273e+00,6.199999809265136719e+00,4.077099859714508057e-01,9.130000305175781250e+01,2.145999908447265625e+01,1.739999961853027344e+01
3.991699934005737305e+00,1.810000038146972656e+01,3.673670053482055664e+00,5.190000152587890625e+01,1.057999992370605469e+01,2.020000076293945312e+01
5.287300109863281250e+00,1.081000041961669922e+01,8.826000243425369263e-02,6.599999904632568359e+00,6.719999790191650391e+00,1.920000076293945312e+01
2.429800033569335938e+00,1.810000038146972656e+01,8.055789947509765625e+00,9.540000152587890625e+01,1.813999938964843750e+01,2.020000076293945312e+01
2.124700069427490234e+00,1.810000038146972656e+01,1.116040039062500000e+01,9.459999847412109375e+01,2.327000045776367188e+01,2.020000076293945312e+01
4.100699901580810547e+00,3.329999923706054688e+00,2.103800028562545776e-01,3.220000076293945312e+01,4.849999904632568359e+00,1.489999961853027344e+01
4.090000152587890625e+00,2.309999942779541016e+00,6.320000160485506058e-03,6.519999694824218750e+01,4.980000019073486328e+00,1.530000019073486328e+01
5.491700172424316406e+00,6.090000152587890625e+00,3.536999970674514771e-02,4.040000152587890625e+01,9.500000000000000000e+00,1.610000038146972656e+01
1.736400008201599121e+00,1.957999992370605469e+01,2.446680068969726562e+00,9.400000000000000000e+01,1.613999938964843750e+01,1.469999980926513672e+01
3.587500095367431641e+00,1.059000015258789062e+01,2.895500063896179199e-01,9.800000190734863281e+00,2.954999923706054688e+01,1.860000038146972656e+01
5.869999885559082031e+00,6.909999847412109375e+00,2.538700103759765625e-01,9.530000305175781250e+01,3.080999946594238281e+01,1.789999961853027344e+01
3.377899885177612305e+00,5.960000038146972656e+00,9.743999689817428589e-02,6.140000152587890625e+01,1.140999984741210938e+01,1.920000076293945312e+01
7.309000015258789062e+00,1.519999980926513672e+00,4.010999947786331177e-02,3.409999847412109375e+01,4.079999923706054688e+00,1.260000038146972656e+01
4.238999843597412109e+00,8.140000343322753906e+00,1.002449989318847656e+00,8.730000305175781250e+01,1.197999954223632812e+01,2.100000000000000000e+01
2.004800081253051758e+00,1.810000038146972656e+01,5.666369915008544922e+00,1.000000000000000000e+02,1.659000015258789062e+01,2.020000076293945312e+01
1.386100053787231445e+00,1.810000038146972656e+01,1.786669921875000000e+01,1.000000000000000000e+02,2.178000068664550781e+01,2.020000076293945312e+01
2.197999954223632812e+00,1.810000038146972656e+01,9.924850463867187500e+00,9.659999847412109375e+01,1.644000053405761719e+01,2.020000076293945312e+01
5.287300109863281250e+00,1.081000041961669922e+01,9.164000302553176880e-02,7.800000190734863281e+00,5.519999980926513672e+00,1.920000076293945312e+01
1.591599941253662109e+00,1.957999992370605469e+01,1.496320009231567383e+00,1.000000000000000000e+02,1.327999973297119141e+01,1.469999980926513672e+01
1.589499950408935547e+00,1.810000038146972656e+01,1.433370018005371094e+01,1.000000000000000000e+02,3.062000083923339844e+01,2.020000076293945312e+01
7.827799797058105469e+00,2.240000009536743164e+00,6.465999782085418701e-02,2.010000038146972656e+01,4.969999790191650391e+00,1.480000019073486328e+01
4.399600028991699219e+00,8.140000343322753906e+00,7.502599954605102539e-01,9.409999847412109375e+01,1.629999923706054688e+01,2.100000000000000000e+01
3.532500028610229492e+00,9.899999618530273438e+00,4.020200073719024658e-01,6.719999694824218750e+01,1.035999965667724609e+01,1.839999961853027344e+01
1.426100015640258789e+00,1.810000038146972656e+01,1.681180000305175781e+01,9.809999847412109375e+01,3.080999946594238281e+01,2.020000076293945312e+01
3.665899991989135742e+00,1.503999996185302734e+01,2.875000052154064178e-02,2.889999961853027344e+01,6.210000038146972656e+00,1.820000076293945312e+01
5.400700092315673828e+00,4.860000133514404297e+00,4.112999886274337769e-02,3.350000000000000000e+01,5.289999961853027344e+00,1.900000000000000000e+01
2.801599979400634766e+00,1.810000038146972656e+01,5.821149826049804688e+00,8.990000152587890625e+01,1.028999996185302734e+01,2.020000076293945312e+01
6.269999980926513672e+00,2.029999971389770508e+00,3.444999828934669495e-02,3.840000152587890625e+01,7.429999828338623047e+00,1.469999980926513672e+01
5.415900230407714844e+00,7.380000114440917969e+00,3.034699857234954834e-01,2.889999961853027344e+01,6.150000095367431641e+00,1.960000038146972656e+01
6.346700191497802734e+00,7.869999885559082031e+00,2.248899936676025391e-01,9.430000305175781250e+01,2.045000076293945312e+01,1.519999980926513672e+01
6.336100101470947266e+00,4.929999828338623047e+00,1.061199977993965149e-01,6.509999847412109375e+01,1.239999961853027344e+01,1.660000038146972656e+01
2.065099954605102539e+00,1.810000038146972656e+01,9.724180221557617188e+00,9.719999694824218750e+01,1.952000045776367188e+01,2.020000076293945312e+01
2.548000097274780273e+00,1.001000022888183594e+01,2.221200019121170044e-01,9.540000152587890625e+01,1.709000015258789062e+01,1.779999923706054688e+01
4.427199840545654297e+00,4.489999771118164062e+00,5.187999829649925232e-02,4.509999847412109375e+01,1.285999965667724609e+01,1.850000000000000000e+01
5.118000030517578125e+00,2.680000066757202148e+00,3.510000184178352356e-02,3.320000076293945312e+01,3.809999942779541016e+00,1.469999980926513672e+01
3.615000009536743164e+00,1.503999996185302734e+01,4.293999820947647095e-02,7.730000305175781250e+01,1.059000015258789062e+01,1.820000076293945312e+01
1.935600042343139648e+00,1.810000038146972656e+01,7.367109775543212891e+00,7.809999847412109375e+01,2.152000045776367188e+01,2.020000076293945312e+01
6.226699829101562500e+00,7.869999885559082031e+00,1.174700036644935608e-01,8.290000152587890625e+01,1.327000045776367188e+01,1.519999980926513672e+01
3.797899961471557617e+00,8.140000343322753906e+00,1.251790046691894531e+00,9.809999847412109375e+01,2.102000045776367188e+01,2.100000000000000000e+01
1.345900058746337891e+00,1.957999992370605469e+01,2.779740095138549805e+00,9.780000305175781250e+01,2.929000091552734375e+01,1.469999980926513672e+01
2.197400093078613281e+00,2.564999961853027344e+01,7.164999842643737793e-02,8.409999847412109375e+01,1.427000045776367188e+01,1.910000038146972656e+01
1.212650012969970703e+01,2.019999980926513672e+00,1.709000021219253540e-02,3.609999847412109375e+01,4.500000000000000000e+00,1.700000000000000000e+01
6.062200069427490234e+00,2.180000066757202148e+00,2.985000051558017731e-02,5.870000076293945312e+01,5.210000038146972656e+00,1.870000076293945312e+01
1.951200008392333984e+00,1.810000038146972656e+01,1.433370018005371094e+01,8.800000000000000000e+01,1.310999965667724609e+01,2.020000076293945312e+01
4.967100143432617188e+00,7.070000171661376953e+00,2.731000073254108429e-02,7.890000152587890625e+01,9.140000343322753906e+00,1.779999923706054688e+01
2.006299972534179688e+00,2.564999961853027344e+01,9.848999977111816406e-02,9.580000305175781250e+01,1.757999992370605469e+01,1.910000038146972656e+01
1.658200025558471680e+00,1.810000038146972656e+01,4.574610137939453125e+01,1.000000000000000000e+02,3.697999954223632812e+01,2.020000076293945312e+01
2.496099948883056641e+00,1.810000038146972656e+01,9.513629913330078125e+00,9.409999847412109375e+01,1.870999908447265625e+01,2.020000076293945312e+01
5.502699851989746094e+00,1.392000007629394531e+01,8.264999836683273315e-02,1.839999961853027344e+01,8.579999923706054688e+00,1.600000000000000000e+01
8.792099952697753906e+00,1.250000000000000000e+00,6.210999935865402222e-02,4.440000152587890625e+01,5.980000019073486328e+00,1.970000076293945312e+01
3.651900053024291992e+00,6.199999809265136719e+00,4.479100108146667480e-01,6.650000000000000000e+01,8.050000190734863281e+00,1.739999961853027344e+01
4.502600193023681641e+00,1.282999992370605469e+01,9.511999785900115967e-02,4.500000000000000000e+01,8.939999580383300781e+00,1.870000076293945312e+01
1.071030044555664062e+01,1.690000057220458984e+00,7.949999719858169556e-02,3.590000152587890625e+01,5.489999771118164062e+00,1.829999923706054688e+01
2.432899951934814453e+00,8.560000419616699219e+00,1.280200034379959106e-01,9.709999847412109375e+01,1.227000045776367188e+01,2.089999961853027344e+01
1.794000029563903809e+00,1.810000038146972656e+01,1.181229972839355469e+01,7.650000000000000000e+01,2.273999977111816406e+01,2.020000076293945312e+01
2.779200077056884766e+00,1.810000038146972656e+01,8.200579643249511719e+00,8.030000305175781250e+01,1.694000053405761719e+01,2.020000076293945312e+01
1.668599963188171387e+00,2.188999938964843750e+01,2.497999966144561768e-01,9.819999694824218750e+01,2.131999969482421875e+01,2.120000076293945312e+01
3.066499948501586914e+00,1.810000038146972656e+01,3.163599967956542969e+00,4.820000076293945312e+01,1.413000011444091797e+01,2.020000076293945312e+01
3.796499967575073242e+00,8.140000343322753906e+00,8.027099967002868652e-01,3.659999847412109375e+01,1.168999958038330078e+01,2.100000000000000000e+01
3.945399999618530273e+00,1.059000015258789062e+01,1.405200064182281494e-01,3.229999923706054688e+01,9.380000114440917969e+00,1.860000038146972656e+01
5.491700172424316406e+00,6.090000152587890625e+00,9.266000241041183472e-02,1.839999961853027344e+01,8.670000076293945312e+00,1.610000038146972656e+01
2.421000003814697266e+00,8.560000419616699219e+00,1.395999938249588013e-01,9.000000000000000000e+01,1.232999992370605469e+01,2.089999961853027344e+01
1.613199949264526367e+00,1.810000038146972656e+01,4.555870056152343750e+00,8.790000152587890625e+01,7.119999885559082031e+00,2.020000076293945312e+01
2.747400045394897461e+00,1.001000022888183594e+01,1.509799957275390625e-01,8.259999847412109375e+01,1.030000019073486328e+01,1.779999923706054688e+01
7.653399944305419922e+00,1.470000028610229492e+00,3.150000050663948059e-02,1.530000019073486328e+01,4.559999942779541016e+00,1.700000000000000000e+01
3.917500019073486328e+00,6.960000038146972656e+00,1.146000027656555176e-01,5.870000076293945312e+01,7.730000019073486328e+00,1.860000038146972656e+01
3.262799978256225586e+00,9.899999618530273438e+00,2.693800032138824463e-01,8.280000305175781250e+01,7.900000095367431641e+00,1.839999961853027344e+01
2.798599958419799805e+00,9.689999580383300781e+00,2.896000146865844727e-01,7.290000152587890625e+01,2.113999938964843750e+01,1.920000076293945312e+01
1.386100053787231445e+00,1.810000038146972656e+01,2.364819908142089844e+01,9.619999694824218750e+01,2.369000053405761719e+01,2.020000076293945312e+01
2.421600103378295898e+00,3.970000028610229492e+00,5.783399939537048340e-01,6.700000000000000000e+01,7.440000057220458984e+00,1.300000000000000000e+01
3.363300085067749023e+00,1.389000034332275391e+01,1.142499968409538269e-01,9.240000152587890625e+01,1.050000000000000000e+01,1.639999961853027344e+01
8.013600349426269531e+00,4.389999866485595703e+00,6.162000074982643127e-02,5.229999923706054688e+01,1.267000007629394531e+01,1.879999923706054688e+01
3.944999933242797852e+00,9.899999618530273438e+00,2.535600066184997559e-01,7.769999694824218750e+01,1.150000000000000000e+01,1.839999961853027344e+01
1.862900018692016602e+00,1.810000038146972656e+01,3.766189956665039062e+01,7.869999694824218750e+01,1.452000045776367188e+01,2.020000076293945312e+01
1.868100047111511230e+00,2.773999977111816406e+01,1.057400032877922058e-01,9.880000305175781250e+01,1.806999969482421875e+01,2.010000038146972656e+01
2.714699983596801758e+00,8.560000419616699219e+00,2.287600040435791016e-01,8.540000152587890625e+01,1.063000011444091797e+01,2.089999961853027344e+01
3.112099885940551758e+00,1.389000034332275391e+01,4.560000076889991760e-02,5.600000000000000000e+01,1.351000022888183594e+01,1.639999961853027344e+01
7.225399971008300781e+00,5.130000114440917969e+00,1.493200063705444336e-01,6.619999694824218750e+01,1.314999961853027344e+01,1.970000076293945312e+01
2.072000026702880859e+00,1.810000038146972656e+01,6.288070201873779297e+00,9.640000152587890625e+01,1.779000091552734375e+01,2.020000076293945312e+01
2.100699901580810547e+00,1.810000038146972656e+01,1.502340030670166016e+01,9.730000305175781250e+01,2.490999984741210938e+01,2.020000076293945312e+01
2.409100055694580078e+00,9.689999580383300781e+00,2.391200065612792969e-01,6.530000305175781250e+01,1.292000007629394531e+01,1.920000076293945312e+01
1.858899950981140137e+00,1.810000038146972656e+01,1.108740043640136719e+01,1.000000000000000000e+02,1.502000045776367188e+01,2.020000076293945312e+01
2.596100091934204102e+00,4.050000190734863281e+00,1.391399949789047241e-01,8.850000000000000000e+01,1.468999958038330078e+01,1.660000038146972656e+01
2.425899982452392578e+00,1.957999992370605469e+01,1.800279974937438965e+00,7.919999694824218750e+01,1.214000034332275391e+01,1.469999980926513672e+01
2.846999883651733398e+00,2.460000038146972656e+00,1.000799983739852905e-01,9.559999847412109375e+01,5.679999828338623047e+00,1.779999923706054688e+01
7.309000015258789062e+00,1.519999980926513672e+00,4.665999859571456909e-02,3.659999847412109375e+01,8.609999656677246094e+00,1.260000038146972656e+01
3.414499998092651367e+00,3.410000085830688477e+00,5.302000045776367188e-02,6.309999847412109375e+01,5.699999809265136719e+00,1.779999923706054688e+01
5.214600086212158203e+00,3.240000009536743164e+00,6.723999977111816406e-02,1.720000076293945312e+01,7.340000152587890625e+00,1.689999961853027344e+01
2.118499994277954102e+00,2.188999938964843750e+01,3.400599956512451172e-01,9.890000152587890625e+01,1.260000038146972656e+01,2.120000076293945312e+01
1.951200008392333984e+00,1.810000038146972656e+01,1.204819965362548828e+01,8.759999847412109375e+01,1.410000038146972656e+01,2.020000076293945312e+01
2.646300077438354492e+00,4.050000190734863281e+00,9.177999943494796753e-02,8.409999847412109375e+01,9.039999961853027344e+00,1.660000038146972656e+01
1.849799990653991699e+00,2.188999938964843750e+01,3.523299992084503174e-01,9.840000152587890625e+01,1.459000015258789062e+01,2.120000076293945312e+01
3.554899930953979492e+00,4.050000190734863281e+00,7.022000104188919067e-02,4.720000076293945312e+01,1.010999965667724609e+01,1.660000038146972656e+01
4.721099853515625000e+00,7.380000114440917969e+00,2.839199900627136230e-01,7.430000305175781250e+01,1.173999977111816406e+01,1.960000038146972656e+01
1.668699979782104492e+00,2.188999938964843750e+01,5.445200204849243164e-01,9.790000152587890625e+01,1.845999908447265625e+01,2.120000076293945312e+01
4.098299980163574219e+00,1.810000038146972656e+01,2.818380117416381836e+00,4.029999923706054688e+01,1.042000007629394531e+01,2.020000076293945312e+01
1.997599959373474121e+00,1.810000038146972656e+01,1.224720001220703125e+01,5.970000076293945312e+01,1.568999958038330078e+01,2.020000076293945312e+01
1.607399940490722656e+00,1.810000038146972656e+01,4.152920150756835938e+01,8.540000152587890625e+01,2.737999916076660156e+01,2.020000076293945312e+01
8.696599960327148438e+00,1.220000028610229492e+00,1.310999970883131027e-02,2.189999961853027344e+01,4.809999942779541016e+00,1.789999961853027344e+01
7.396699905395507812e+00,5.860000133514404297e+00,2.140900045633316040e-01,8.899999618530273438e+00,3.589999914169311523e+00,1.910000038146972656e+01
6.189899921417236328e+00,4.929999828338623047e+00,9.251999855041503906e-02,4.220000076293945312e+01,7.369999885559082031e+00,1.660000038146972656e+01
3.331700086593627930e+00,1.810000038146972656e+01,5.708179950714111328e+00,7.490000152587890625e+01,7.739999771118164062e+00,2.020000076293945312e+01
1.525699973106384277e+00,1.957999992370605469e+01,2.733969926834106445e+00,9.490000152587890625e+01,2.145000076293945312e+01,1.469999980926513672e+01
1.178099989891052246e+00,1.810000038146972656e+01,2.071619987487792969e+01,1.000000000000000000e+02,2.334000015258789062e+01,2.020000076293945312e+01
1.529600024223327637e+00,1.957999992370605469e+01,2.330990076065063477e+00,9.380000305175781250e+01,2.831999969482421875e+01,1.469999980926513672e+01
2.106899976730346680e+00,8.560000419616699219e+00,1.326200067996978760e-01,9.669999694824218750e+01,1.646999931335449219e+01,2.089999961853027344e+01
9.187600135803222656e+00,7.400000095367431641e-01,2.054999954998493195e-02,3.570000076293945312e+01,5.769999980926513672e+00,1.729999923706054688e+01
4.812200069427490234e+00,5.190000057220458984e+00,5.496999993920326233e-02,4.540000152587890625e+01,9.739999771118164062e+00,2.020000076293945312e+01
5.720900058746337891e+00,6.909999847412109375e+00,1.274400055408477783e-01,2.900000095367431641e+00,4.840000152587890625e+00,1.789999961853027344e+01
6.219600200653076172e+00,2.930000066757202148e+00,2.187000028789043427e-02,9.899999618530273438e+00,5.030000209808349609e+00,1.560000038146972656e+01
3.375099897384643555e+00,6.199999809265136719e+00,4.417800009250640869e-01,2.139999961853027344e+01,3.759999990463256836e+00,1.739999961853027344e+01
5.415900230407714844e+00,7.380000114440917969e+00,2.410299926996231079e-01,4.370000076293945312e+01,1.278999996185302734e+01,1.960000038146972656e+01
6.611499786376953125e+00,3.369999885559082031e+00,3.584000095725059509e-02,1.779999923706054688e+01,4.670000076293945312e+00,1.610000038146972656e+01
7.317200183868408203e+00,5.320000171661376953e+00,4.589999839663505554e-02,4.559999847412109375e+01,7.599999904632568359e+00,1.660000038146972656e+01
5.985300064086914062e+00,5.190000057220458984e+00,3.960999846458435059e-02,3.450000000000000000e+01,8.010000228881835938e+00,2.020000076293945312e+01
2.122400045394897461e+00,8.560000419616699219e+00,1.311700046062469482e-01,8.519999694824218750e+01,1.409000015258789062e+01,2.089999961853027344e+01
2.167500019073486328e+00,1.193000030517578125e+01,6.075999885797500610e-02,9.100000000000000000e+01,5.639999866485595703e+00,2.100000000000000000e+01
2.861700057983398438e+00,6.199999809265136719e+00,3.580900132656097412e-01,8.850000000000000000e+01,9.710000038146972656e+00,1.739999961853027344e+01
7.035500049591064453e+00,4.929999828338623047e+00,1.028999984264373779e-01,5.290000152587890625e+01,1.122000026702880859e+01,1.660000038146972656e+01
2.435800075531005859e+00,1.810000038146972656e+01,4.752369880676269531e+00,8.650000000000000000e+01,1.812999916076660156e+01,2.020000076293945312e+01
2.518199920654296875e+00,1.810000038146972656e+01,4.541920185089111328e+00,8.800000000000000000e+01,7.789999961853027344e+00,2.020000076293945312e+01
2.052700042724609375e+00,1.810000038146972656e+01,8.492130279541015625e+00,8.609999847412109375e+01,1.763999938964843750e+01,2.020000076293945312e+01
2.256500005722045898e+00,1.001000022888183594e+01,1.423099935054779053e-01,8.419999694824218750e+01,1.044999980926513672e+01,1.779999923706054688e+01
2.798599958419799805e+00,9.689999580383300781e+00,1.789900064468383789e-01,2.879999923706054688e+01,1.760000038146972656e+01,1.920000076293945312e+01
6.062200069427490234e+00,2.180000066757202148e+00,6.904999911785125732e-02,5.420000076293945312e+01,5.329999923706054688e+00,1.870000076293945312e+01
3.033400058746337891e+00,1.810000038146972656e+01,4.348790168762207031e+00,8.400000000000000000e+01,1.629000091552734375e+01,2.020000076293945312e+01
1.589400053024291992e+00,1.810000038146972656e+01,2.865579986572265625e+01,1.000000000000000000e+02,2.007999992370605469e+01,2.020000076293945312e+01
4.862800121307373047e+00,6.409999847412109375e+00,6.126999855041503906e-02,2.760000038146972656e+01,4.159999847412109375e+00,1.760000038146972656e+01
3.747600078582763672e+00,4.489999771118164062e+00,7.151000201702117920e-02,5.679999923706054688e+01,8.439999580383300781e+00,1.850000000000000000e+01
1.639000058174133301e+00,1.810000038146972656e+01,9.595709800720214844e+00,1.000000000000000000e+02,2.030999946594238281e+01,2.020000076293945312e+01
2.040699958801269531e+00,1.957999992370605469e+01,1.833770036697387695e+00,9.819999694824218750e+01,1.919999957084655762e+00,1.469999980926513672e+01
8.343999862670898438e+00,2.009999990463256836e+00,1.501000020653009415e-02,2.970000076293945312e+01,5.989999771118164062e+00,1.700000000000000000e+01
4.077600002288818359e+00,6.409999847412109375e+00,5.643999949097633362e-02,3.290000152587890625e+01,3.529999971389770508e+00,1.760000038146972656e+01
3.099200010299682617e+00,2.180000066757202148e+00,7.502999901771545410e-02,7.190000152587890625e+01,6.469999790191650391e+00,1.839999961853027344e+01
5.450900077819824219e+00,7.869999885559082031e+00,9.378000348806381226e-02,3.900000000000000000e+01,1.571000003814697266e+01,1.519999980926513672e+01
1.728099942207336426e+00,1.810000038146972656e+01,8.151740074157714844e+00,9.890000152587890625e+01,2.085000038146972656e+01,2.020000076293945312e+01
3.671499967575073242e+00,6.199999809265136719e+00,4.629600048065185547e-01,7.690000152587890625e+01,5.250000000000000000e+00,1.739999961853027344e+01
5.100399971008300781e+00,6.909999847412109375e+00,1.714199930429458618e-01,3.379999923706054688e+01,1.021000003814697266e+01,1.789999961853027344e+01
6.818500041961669922e+00,5.130000114440917969e+00,1.717099994421005249e-01,9.340000152587890625e+01,1.443999958038330078e+01,1.970000076293945312e+01
4.239200115203857422e+00,1.059000015258789062e+01,1.358699947595596313e-01,5.909999847412109375e+01,1.465999984741210938e+01,1.860000038146972656e+01
1.071030044555664062e+01,1.690000057220458984e+00,7.243999838829040527e-02,1.850000000000000000e+01,7.789999961853027344e+00,1.829999923706054688e+01
2.170500040054321289e+00,1.810000038146972656e+01,1.023299980163574219e+01,9.669999694824218750e+01,1.803000068664550781e+01,2.020000076293945312e+01
2.777800083160400391e+00,8.560000419616699219e+00,1.079299971461296082e-01,5.440000152587890625e+01,1.300000000000000000e+01,2.089999961853027344e+01
7.653399944305419922e+00,1.470000028610229492e+00,1.778000034391880035e-02,1.389999961853027344e+01,4.449999809265136719e+00,1.700000000000000000e+01
1.416499972343444824e+00,1.810000038146972656e+01,8.897619628906250000e+01,9.190000152587890625e+01,1.720999908447265625e+01,2.020000076293945312e+01
7.319699764251708984e+00,4.000000000000000000e+00,1.360000018030405045e-02,4.759999847412109375e+01,1.480000019073486328e+01,2.110000038146972656e+01
2.597899913787841797e+00,2.460000038146972656e+00,6.887999922037124634e-02,6.220000076293945312e+01,9.449999809265136719e+00,1.779999923706054688e+01
2.161999940872192383e+00,1.957999992370605469e+01,1.519019961357116699e+00,9.390000152587890625e+01,3.319999933242797852e+00,1.469999980926513672e+01
2.509099960327148438e+00,1.810000038146972656e+01,4.261310100555419922e+00,8.130000305175781250e+01,1.267000007629394531e+01,2.020000076293945312e+01
4.354899883270263672e+00,1.059000015258789062e+01,2.519899904727935791e-01,7.269999694824218750e+01,1.805999946594238281e+01,1.860000038146972656e+01
6.498000144958496094e+00,6.070000171661376953e+00,1.355399936437606812e-01,3.679999923706054688e+01,1.309000015258789062e+01,1.889999961853027344e+01
2.086899995803833008e+00,2.564999961853027344e+01,9.299000352621078491e-02,9.290000152587890625e+01,1.793000030517578125e+01,1.910000038146972656e+01
2.915299892425537109e+00,4.050000190734863281e+00,6.641999632120132446e-02,7.440000152587890625e+01,6.920000076293945312e+00,1.660000038146972656e+01
5.116700172424316406e+00,4.949999809265136719e+00,3.615000098943710327e-02,2.339999961853027344e+01,4.699999809265136719e+00,1.920000076293945312e+01
6.640699863433837891e+00,6.059999942779541016e+00,3.466000035405158997e-02,2.329999923706054688e+01,7.829999923706054688e+00,1.689999961853027344e+01
3.099299907684326172e+00,1.810000038146972656e+01,4.038410186767578125e+00,9.069999694824218750e+01,1.286999988555908203e+01,2.020000076293945312e+01
6.320000171661376953e+00,1.392000007629394531e+01,1.410299986600875854e-01,5.800000000000000000e+01,1.584000015258789062e+01,1.600000000000000000e+01
5.116700172424316406e+00,4.949999809265136719e+00,7.885999977588653564e-02,2.770000076293945312e+01,3.559999942779541016e+00,1.920000076293945312e+01
2.425899982452392578e+00,1.957999992370605469e+01,1.207419991493225098e+00,9.459999847412109375e+01,1.443000030517578125e+01,1.469999980926513672e+01
2.987900018692016602e+00,2.460000038146972656e+00,8.308000117540359497e-02,8.980000305175781250e+01,1.397999954223632812e+01,1.779999923706054688e+01
7.826499938964843750e+00,5.860000133514404297e+00,1.907300055027008057e-01,1.750000000000000000e+01,6.559999942779541016e+00,1.910000038146972656e+01
1.765900015830993652e+00,1.957999992370605469e+01,1.425019979476928711e+00,1.000000000000000000e+02,7.389999866485595703e+00,1.469999980926513672e+01
2.122200012207031250e+00,1.810000038146972656e+01,8.982959747314453125e+00,9.740000152587890625e+01,1.760000038146972656e+01,2.020000076293945312e+01
6.266900062561035156e+00,1.889999985694885254e+00,2.497999928891658783e-02,5.970000076293945312e+01,8.649999618530273438e+00,1.589999961853027344e+01
5.401100158691406250e+00,2.950000047683715820e+00,2.762999944388866425e-02,2.179999923706054688e+01,4.320000171661376953e+00,1.829999923706054688e+01
9.089200019836425781e+00,1.759999990463256836e+00,1.964999921619892120e-02,3.150000000000000000e+01,1.293000030517578125e+01,1.820000076293945312e+01
2.469899892807006836e+00,2.188999938964843750e+01,3.298200070858001709e-01,9.540000152587890625e+01,1.502999973297119141e+01,2.120000076293945312e+01
1.169100046157836914e+00,1.810000038146972656e+01,9.232299804687500000e+00,1.000000000000000000e+02,9.529999732971191406e+00,2.020000076293945312e+01
1.618000030517578125e+00,1.957999992370605469e+01,1.656599998474121094e+00,9.730000305175781250e+01,1.410000038146972656e+01,1.469999980926513672e+01
5.100399971008300781e+00,6.909999847412109375e+00,1.883600056171417236e-01,3.329999923706054688e+01,1.414999961853027344e+01,1.789999961853027344e+01
6.087699890136718750e+00,6.909999847412109375e+00,2.197699993848800659e-01,6.200000000000000000e+01,1.620000076293945312e+01,1.789999961853027344e+01
2.315799951553344727e+00,1.810000038146972656e+01,5.581069946289062500e+00,8.790000152587890625e+01,1.621999931335449219e+01,2.020000076293945312e+01
1.702800035476684570e+00,1.810000038146972656e+01,2.480170059204101562e+01,9.600000000000000000e+01,1.977000045776367188e+01,2.020000076293945312e+01
6.479800224304199219e+00,3.440000057220458984e+00,9.068000316619873047e-02,2.150000000000000000e+01,5.099999904632568359e+00,1.519999980926513672e+01
1.174200057983398438e+00,1.810000038146972656e+01,1.110809993743896484e+01,1.000000000000000000e+02,3.477000045776367188e+01,2.020000076293945312e+01
1.425400018692016602e+00,1.810000038146972656e+01,6.792079925537109375e+01,1.000000000000000000e+02,2.297999954223632812e+01,2.020000076293945312e+01
2.532900094985961914e+00,1.810000038146972656e+01,4.646890163421630859e+00,6.759999847412109375e+01,1.165999984741210938e+01,2.020000076293945312e+01
1.749400019645690918e+00,1.957999992370605469e+01,1.413849949836730957e+00,9.600000000000000000e+01,1.511999988555908203e+01,1.469999980926513672e+01
4.012300014495849609e+00,8.140000343322753906e+00,8.520399928092956543e-01,8.919999694824218750e+01,1.382999992370605469e+01,2.100000000000000000e+01
3.877099990844726562e+00,1.059000015258789062e+01,1.744599938392639160e-01,9.209999847412109375e+01,1.727000045776367188e+01,1.860000038146972656e+01
6.082099914550781250e+00,7.869999885559082031e+00,2.112399935722351074e-01,1.000000000000000000e+02,2.993000030517578125e+01,1.519999980926513672e+01
2.463099956512451172e+00,1.001000022888183594e+01,1.713400036096572876e-01,8.819999694824218750e+01,1.576000022888183594e+01,1.779999923706054688e+01
4.498600006103515625e+00,8.140000343322753906e+00,6.273900270462036133e-01,5.650000000000000000e+01,8.470000267028808594e+00,2.100000000000000000e+01
2.421999931335449219e+00,1.957999992370605469e+01,2.242360115051269531e+00,9.180000305175781250e+01,1.164000034332275391e+01,1.469999980926513672e+01
6.498000144958496094e+00,6.070000171661376953e+00,1.281599998474121094e-01,3.300000000000000000e+01,8.789999961853027344e+00,1.889999961853027344e+01
1.894600033760070801e+00,3.970000028610229492e+00,6.635100245475769043e-01,1.000000000000000000e+02,7.789999961853027344e+00,1.300000000000000000e+01
5.960400104522705078e+00,1.392000007629394531e+01,5.372000113129615784e-02,5.100000000000000000e+01,7.389999866485595703e+00,1.600000000000000000e+01
6.062200069427490234e+00,2.180000066757202148e+00,3.237000107765197754e-02,4.579999923706054688e+01,2.940000057220458984e+00,1.870000076293945312e+01
1.356699943542480469e+00,1.810000038146972656e+01,5.669980049133300781e+00,9.680000305175781250e+01,3.730000019073486328e+00,2.020000076293945312e+01
1.987900018692016602e+00,1.810000038146972656e+01,1.067179965972900391e+01,9.480000305175781250e+01,2.397999954223632812e+01,2.020000076293945312e+01
4.031700134277343750e+00,9.899999618530273438e+00,2.452200055122375488e-01,7.169999694824218750e+01,1.593999958038330078e+01,1.839999961853027344e+01
1.611899971961975098e+00,2.188999938964843750e+01,2.908999919891357422e-01,9.359999847412109375e+01,2.415999984741210938e+01,2.120000076293945312e+01
7.309000015258789062e+00,1.519999980926513672e+00,3.768000006675720215e-02,3.829999923706054688e+01,6.619999885559082031e+00,1.260000038146972656e+01
3.495199918746948242e+00,2.890000104904174805e+00,1.208299994468688965e-01,7.600000000000000000e+01,4.210000038146972656e+00,1.800000000000000000e+01
2.355200052261352539e+00,1.810000038146972656e+01,5.441140174865722656e+00,9.819999694824218750e+01,1.772999954223632812e+01,2.020000076293945312e+01
3.495199918746948242e+00,2.890000104904174805e+00,6.859999895095825195e-02,6.250000000000000000e+01,6.190000057220458984e+00,1.800000000000000000e+01
7.035500049591064453e+00,4.929999828338623047e+00,1.275700032711029053e-01,7.800000190734863281e+00,5.190000057220458984e+00,1.660000038146972656e+01
2.519399881362915039e+00,9.899999618530273438e+00,2.635479927062988281e+00,3.779999923706054688e+01,1.264000034332275391e+01,1.839999961853027344e+01
2.478600025177001953e+00,1.193000030517578125e+01,6.262999773025512695e-02,6.909999847412109375e+01,9.670000076293945312e+00,2.100000000000000000e+01
4.454599857330322266e+00,8.140000343322753906e+00,8.405399918556213379e-01,8.569999694824218750e+01,1.651000022888183594e+01,2.100000000000000000e+01
4.502600193023681641e+00,1.282999992370605469e+01,8.387000113725662231e-02,3.659999847412109375e+01,9.100000381469726562e+00,1.870000076293945312e+01
7.317200183868408203e+00,5.320000171661376953e+00,3.871000185608863831e-02,3.129999923706054688e+01,7.139999866485595703e+00,1.660000038146972656e+01
5.614999771118164062e+00,5.190000057220458984e+00,3.040999919176101685e-02,5.959999847412109375e+01,1.056000041961669922e+01,2.020000076293945312e+01
1.518399953842163086e+00,1.810000038146972656e+01,2.259709930419921875e+01,8.950000000000000000e+01,3.198999977111816406e+01,2.020000076293945312e+01
1.202399969100952148e+00,1.810000038146972656e+01,6.538760185241699219e+00,9.750000000000000000e+01,2.960000038146972656e+00,2.020000076293945312e+01
6.458399772644042969e+00,5.190000057220458984e+00,3.737999871373176575e-02,3.850000000000000000e+01,6.750000000000000000e+00,2.020000076293945312e+01
1.834699988365173340e+00,1.810000038146972656e+01,1.808460044860839844e+01,1.000000000000000000e+02,2.904999923706054688e+01,2.020000076293945312e+01
1.800999999046325684e+00,3.970000028610229492e+00,6.115400195121765137e-01,8.690000152587890625e+01,5.119999885559082031e+00,1.300000000000000000e+01
3.998600006103515625e+00,9.899999618530273438e+00,3.182699978351593018e-01,8.319999694824218750e+01,1.832999992370605469e+01,1.839999961853027344e+01
2.010699987411499023e+00,3.970000028610229492e+00,6.566500067710876465e-01,1.000000000000000000e+02,6.900000095367431641e+00,1.300000000000000000e+01
5.214600086212158203e+00,3.240000009536743164e+00,6.616999953985214233e-02,2.579999923706054688e+01,9.970000267028808594e+00,1.689999961853027344e+01
5.732100009918212891e+00,3.779999971389770508e+00,2.542999945580959320e-02,5.640000152587890625e+01,7.179999828338623047e+00,1.760000038146972656e+01
2.021800041198730469e+00,1.810000038146972656e+01,7.050419807434082031e+00,8.509999847412109375e+01,2.329000091552734375e+01,2.020000076293945312e+01
1.519199967384338379e+00,1.810000038146972656e+01,1.587440013885498047e+01,9.909999847412109375e+01,2.107999992370605469e+01,2.020000076293945312e+01
6.269999980926513672e+00,2.029999971389770508e+00,2.177000045776367188e-02,1.569999980926513672e+01,3.109999895095825195e+00,1.469999980926513672e+01
3.875000000000000000e+00,1.059000015258789062e+01,4.357100129127502441e-01,1.000000000000000000e+02,2.309000015258789062e+01,1.860000038146972656e+01
3.759799957275390625e+00,8.140000343322753906e+00,1.612820029258728027e+00,9.690000152587890625e+01,2.034000015258789062e+01,2.100000000000000000e+01
4.052199840545654297e+00,1.282999992370605469e+01,1.015300005674362183e-01,7.450000000000000000e+01,1.197000026702880859e+01,1.870000076293945312e+01
5.950500011444091797e+00,7.869999885559082031e+00,1.445499956607818604e-01,9.609999847412109375e+01,1.914999961853027344e+01,1.519999980926513672e+01
1.285199999809265137e+00,1.810000038146972656e+01,1.195110034942626953e+01,1.000000000000000000e+02,1.213000011444091797e+01,2.020000076293945312e+01
1.788300037384033203e+00,2.188999938964843750e+01,2.591499984264373779e-01,9.600000000000000000e+01,1.719000053405761719e+01,2.120000076293945312e+01
1.757300019264221191e+00,1.957999992370605469e+01,1.342839956283569336e+00,1.000000000000000000e+02,6.429999828338623047e+00,1.469999980926513672e+01
1.992900013923645020e+00,2.564999961853027344e+01,1.690199971199035645e-01,8.840000152587890625e+01,1.481000041961669922e+01,1.910000038146972656e+01
5.491700172424316406e+00,6.090000152587890625e+00,1.000000014901161194e-01,1.770000076293945312e+01,4.860000133514404297e+00,1.610000038146972656e+01
1.782099962234497070e+00,1.810000038146972656e+01,1.335980033874511719e+01,9.469999694824218750e+01,1.635000038146972656e+01,2.020000076293945312e+01
4.540400028228759766e+00,7.380000114440917969e+00,1.815900057554244995e-01,5.429999923706054688e+01,6.869999885559082031e+00,1.960000038146972656e+01
4.232999801635742188e+00,8.140000343322753906e+00,1.130810022354125977e+00,9.409999847412109375e+01,2.260000038146972656e+01,2.100000000000000000e+01
6.479800224304199219e+00,3.440000057220458984e+00,6.910999864339828491e-02,3.079999923706054688e+01,4.690000057220458984e+00,1.519999980926513672e+01
4.694699764251708984e+00,3.329999923706054688e+00,3.578000143170356750e-02,6.450000000000000000e+01,3.759999990463256836e+00,1.489999961853027344e+01
5.689400196075439453e+00,6.909999847412109375e+00,2.292699962854385376e-01,8.550000000000000000e+01,1.879999923706054688e+01,1.789999961853027344e+01
2.871999979019165039e+00,3.970000028610229492e+00,5.404999852180480957e-01,5.259999847412109375e+01,3.160000085830688477e+00,1.300000000000000000e+01
3.369999885559082031e+00,2.180000066757202148e+00,5.479000136256217957e-02,5.809999847412109375e+01,8.930000305175781250e+00,1.839999961853027344e+01
2.327399969100952148e+00,2.188999938964843750e+01,5.900499820709228516e-01,9.790000152587890625e+01,1.111999988555908203e+01,2.120000076293945312e+01
1.944399952888488770e+00,2.564999961853027344e+01,1.503800004720687866e-01,9.700000000000000000e+01,2.540999984741210938e+01,1.910000038146972656e+01
8.324799537658691406e+00,1.320000052452087402e+00,1.432000007480382919e-02,4.050000000000000000e+01,3.950000047683715820e+00,1.510000038146972656e+01
2.545099973678588867e+00,8.560000419616699219e+00,2.636300027370452881e-01,9.119999694824218750e+01,1.555000019073486328e+01,2.089999961853027344e+01
2.109899997711181641e+00,2.773999977111816406e+01,1.113199964165687561e-01,8.350000000000000000e+01,1.335000038146972656e+01,2.010000038146972656e+01
2.045900106430053711e+00,1.957999992370605469e+01,2.010190010070800781e+00,9.619999694824218750e+01,3.700000047683715820e+00,1.469999980926513672e+01
2.498199939727783203e+00,9.689999580383300781e+00,2.243800014257431030e-01,7.969999694824218750e+01,1.432999992370605469e+01,1.920000076293945312e+01
6.592100143432617188e+00,7.869999885559082031e+00,1.700399965047836304e-01,8.590000152587890625e+01,1.710000038146972656e+01,1.519999980926513672e+01
2.894399881362915039e+00,6.199999809265136719e+00,5.269299745559692383e-01,8.300000000000000000e+01,4.630000114440917969e+00,1.739999961853027344e+01
4.540400028228759766e+00,7.380000114440917969e+00,1.676000058650970459e-01,5.229999923706054688e+01,7.199999809265136719e+00,1.960000038146972656e+01
1.874600052833557129e+00,1.810000038146972656e+01,7.022590160369873047e+00,9.530000305175781250e+01,1.569999980926513672e+01,2.020000076293945312e+01
6.336100101470947266e+00,4.929999828338623047e+00,1.132899969816207886e-01,5.429999923706054688e+01,1.138000011444091797e+01,1.660000038146972656e+01
1.745499968528747559e+00,1.957999992370605469e+01,3.535010099411010742e+00,8.259999847412109375e+01,1.502000045776367188e+01,1.469999980926513672e+01
4.566699981689453125e+00,3.440000057220458984e+00,8.370000123977661133e-02,3.890000152587890625e+01,5.389999866485595703e+00,1.519999980926513672e+01
1.904700040817260742e+00,1.810000038146972656e+01,4.222390174865722656e+00,8.900000000000000000e+01,1.464000034332275391e+01,2.020000076293945312e+01
7.827799797058105469e+00,2.240000009536743164e+00,5.561000108718872070e-02,1.000000000000000000e+01,4.739999771118164062e+00,1.480000019073486328e+01
7.307300090789794922e+00,2.970000028610229492e+00,9.060000069439411163e-03,2.079999923706054688e+01,7.849999904632568359e+00,1.530000019073486328e+01
7.954899787902832031e+00,5.860000133514404297e+00,2.060800045728683472e-01,7.650000000000000000e+01,1.250000000000000000e+01,1.910000038146972656e+01
3.317500114440917969e+00,9.899999618530273438e+00,4.929800033569335938e-01,8.250000000000000000e+01,4.539999961853027344e+00,1.839999961853027344e+01
1.454699993133544922e+00,1.810000038146972656e+01,7.403890132904052734e+00,9.790000152587890625e+01,2.639999961853027344e+01,2.020000076293945312e+01
9.220299720764160156e+00,3.640000104904174805e+00,3.548000007867813110e-02,1.910000038146972656e+01,9.250000000000000000e+00,1.639999961853027344e+01
1.419100046157836914e+00,1.957999992370605469e+01,2.379339933395385742e+00,1.000000000000000000e+02,2.779999923706054688e+01,1.469999980926513672e+01
3.847300052642822266e+00,5.960000038146972656e+00,1.750500053167343140e-01,3.020000076293945312e+01,1.013000011444091797e+01,1.920000076293945312e+01
4.251500129699707031e+00,1.282999992370605469e+01,7.896000146865844727e-02,6.000000000000000000e+00,6.780000209808349609e+00,1.870000076293945312e+01
2.288500070571899414e+00,3.970000028610229492e+00,5.201399922370910645e-01,9.150000000000000000e+01,5.909999847412109375e+00,1.300000000000000000e+01
2.856100082397460938e+00,8.560000419616699219e+00,1.143200024962425232e-01,7.130000305175781250e+01,7.670000076293945312e+00,2.089999961853027344e+01
1.822600007057189941e+00,2.773999977111816406e+01,2.074600011110305786e-01,9.800000000000000000e+01,2.968000030517578125e+01,2.010000038146972656e+01
2.305299997329711914e+00,1.810000038146972656e+01,4.871409893035888672e+00,9.359999847412109375e+01,1.868000030517578125e+01,2.020000076293945312e+01
2.167799949645996094e+00,1.810000038146972656e+01,5.293049812316894531e+00,8.250000000000000000e+01,1.876000022888183594e+01,2.020000076293945312e+01
3.092099905014038086e+00,3.410000085830688477e+00,3.931999951601028442e-02,7.390000152587890625e+01,8.199999809265136719e+00,1.779999923706054688e+01
3.360300064086914062e+00,5.960000038146972656e+00,6.417000293731689453e-02,6.819999694824218750e+01,9.680000305175781250e+00,1.920000076293945312e+01
3.279700040817260742e+00,2.460000038146972656e+00,6.046999990940093994e-02,6.880000305175781250e+01,1.314999961853027344e+01,1.779999923706054688e+01
8.792099952697753906e+00,1.250000000000000000e+00,2.899000048637390137e-02,3.450000000000000000e+01,5.889999866485595703e+00,1.970000076293945312e+01
2.894399881362915039e+00,6.199999809265136719e+00,3.153299987316131592e-01,7.830000305175781250e+01,4.139999866485595703e+00,1.739999961853027344e+01
1.411800026893615723e+00,1.957999992370605469e+01,4.097400188446044922e+00,1.000000000000000000e+02,2.642000007629394531e+01,1.469999980926513672e+01
7.827799797058105469e+00,2.240000009536743164e+00,4.416999965906143188e-02,4.740000152587890625e+01,6.070000171661376953e+00,1.480000019073486328e+01
2.283400058746337891e+00,1.957999992370605469e+01,2.924000024795532227e+00,9.300000000000000000e+01,9.810000419616699219e+00,1.469999980926513672e+01
1.533100008964538574e+00,1.810000038146972656e+01,7.992479801177978516e+00,1.000000000000000000e+02,2.455999946594238281e+01,2.020000076293945312e+01
3.652600049972534180e+00,1.059000015258789062e+01,2.171899974346160889e-01,5.379999923706054688e+01,1.603000068664550781e+01,1.860000038146972656e+01
2.889300107955932617e+00,1.389000034332275391e+01,1.106899976730346680e-01,9.380000305175781250e+01,1.792000007629394531e+01,1.639999961853027344e+01
3.651900053024291992e+00,6.199999809265136719e+00,3.314700126647949219e-01,7.040000152587890625e+01,3.950000047683715820e+00,1.739999961853027344e+01
2.714699983596801758e+00,8.560000419616699219e+00,2.116100043058395386e-01,8.740000152587890625e+01,1.343999958038330078e+01,2.089999961853027344e+01
2.257699966430664062e+00,2.564999961853027344e+01,6.898999959230422974e-02,6.969999694824218750e+01,1.436999988555908203e+01,1.910000038146972656e+01
6.640699863433837891e+00,6.059999942779541016e+00,5.023000016808509827e-02,2.839999961853027344e+01,1.243000030517578125e+01,1.689999961853027344e+01
2.368200063705444336e+00,1.810000038146972656e+01,5.090169906616210938e+00,9.180000305175781250e+01,1.727000045776367188e+01,2.020000076293945312e+01
1.574100017547607422e+00,1.810000038146972656e+01,1.423620033264160156e+01,1.000000000000000000e+02,2.031999969482421875e+01,2.020000076293945312e+01
2.388900041580200195e+00,1.193000030517578125e+01,1.095900014042854309e-01,8.930000305175781250e+01,6.480000019073486328e+00,2.100000000000000000e+01
3.838399887084960938e+00,6.199999809265136719e+00,5.752900242805480957e-01,7.330000305175781250e+01,2.470000028610229492e+00,1.739999961853027344e+01
1.553900003433227539e+00,1.810000038146972656e+01,1.881100082397460938e+01,1.000000000000000000e+02,3.436999893188476562e+01,2.020000076293945312e+01
2.777800083160400391e+00,8.560000419616699219e+00,1.486600041389465332e-01,7.990000152587890625e+01,9.420000076293945312e+00,2.089999961853027344e+01
2.677500009536743164e+00,1.001000022888183594e+01,1.008400022983551025e-01,8.159999847412109375e+01,1.015999984741210938e+01,1.779999923706054688e+01
6.479800224304199219e+00,3.440000057220458984e+00,8.664000034332275391e-02,2.629999923706054688e+01,2.869999885559082031e+00,1.519999980926513672e+01
3.215699911117553711e+00,6.199999809265136719e+00,4.123800098896026611e-01,7.990000152587890625e+01,6.360000133514404297e+00,1.739999961853027344e+01
1.647500038146972656e+00,1.810000038146972656e+01,2.594059944152832031e+01,8.909999847412109375e+01,2.663999938964843750e+01,2.020000076293945312e+01
3.934200048446655273e+00,5.960000038146972656e+00,8.014000207185745239e-02,4.150000000000000000e+01,8.770000457763671875e+00,1.920000076293945312e+01
2.184999942779541016e+00,1.810000038146972656e+01,7.526010036468505859e+00,9.830000305175781250e+01,1.930999946594238281e+01,2.020000076293945312e+01
4.967100143432617188e+00,7.070000171661376953e+00,2.728999964892864227e-02,6.109999847412109375e+01,4.030000209808349609e+00,1.779999923706054688e+01
3.602299928665161133e+00,9.899999618530273438e+00,3.691999912261962891e-01,8.730000305175781250e+01,9.279999732971191406e+00,1.839999961853027344e+01
2.222199916839599609e+00,1.810000038146972656e+01,1.391339969635009766e+01,9.500000000000000000e+01,1.517000007629394531e+01,2.020000076293945312e+01
1.812500000000000000e+00,2.188999938964843750e+01,3.254300057888031006e-01,9.880000305175781250e+01,1.539000034332275391e+01,2.120000076293945312e+01
1.909600019454956055e+00,1.810000038146972656e+01,1.586030006408691406e+01,9.540000152587890625e+01,2.438999938964843750e+01,2.020000076293945312e+01
4.140299797058105469e+00,6.409999847412109375e+00,7.977999746799468994e-02,3.209999847412109375e+01,7.190000057220458984e+00,1.760000038146972656e+01
9.222900390625000000e+00,1.379999995231628418e+00,1.950999908149242401e-02,5.950000000000000000e+01,8.050000190734863281e+00,1.860000038146972656e+01
2.834000110626220703e+00,9.899999618530273438e+00,2.616899907588958740e-01,9.040000152587890625e+01,1.172000026702880859e+01,1.839999961853027344e+01
5.720900058746337891e+00,6.909999847412109375e+00,1.593600064516067505e-01,6.500000000000000000e+00,7.440000057220458984e+00,1.789999961853027344e+01
1.467200040817260742e+00,1.810000038146972656e+01,2.439380073547363281e+01,1.000000000000000000e+02,2.828000068664550781e+01,2.020000076293945312e+01
2.908400058746337891e+00,1.810000038146972656e+01,1.557569980621337891e+01,7.100000000000000000e+01,1.812999916076660156e+01,2.020000076293945312e+01
3.787199974060058594e+00,8.140000343322753906e+00,1.151720046997070312e+00,9.500000000000000000e+01,1.835000038146972656e+01,2.100000000000000000e+01
9.220299720764160156e+00,3.640000104904174805e+00,4.819000139832496643e-02,3.200000000000000000e+01,6.570000171661376953e+00,1.639999961853027344e+01
5.231100082397460938e+00,5.190000057220458984e+00,3.426999971270561218e-02,4.629999923706054688e+01,9.800000190734863281e+00,2.020000076293945312e+01
1.970900058746337891e+00,1.957999992370605469e+01,1.463359951972961426e+00,9.080000305175781250e+01,1.730000019073486328e+00,1.469999980926513672e+01
2.567100048065185547e+00,1.810000038146972656e+01,3.693109989166259766e+00,8.840000152587890625e+01,1.464999961853027344e+01,2.020000076293945312e+01
1.895599961280822754e+00,1.810000038146972656e+01,1.280230045318603516e+01,9.659999847412109375e+01,2.379000091552734375e+01,2.020000076293945312e+01
4.366499900817871094e+00,6.960000038146972656e+00,2.218800038099288940e-01,5.179999923706054688e+01,6.579999923706054688e+00,1.860000038146972656e+01
1.877300024032592773e+00,1.957999992370605469e+01,1.223580002784729004e+00,9.740000152587890625e+01,4.590000152587890625e+00,1.469999980926513672e+01
1.914199948310852051e+00,1.810000038146972656e+01,1.517720031738281250e+01,1.000000000000000000e+02,2.645000076293945312e+01,2.020000076293945312e+01
1.516600012779235840e+00,1.957999992370605469e+01,2.155050039291381836e+00,1.000000000000000000e+02,1.664999961853027344e+01,1.469999980926513672e+01
1.802600026130676270e+00,1.810000038146972656e+01,7.353410339355468750e+01,1.000000000000000000e+02,2.062000083923339844e+01,2.020000076293945312e+01
2.270999908447265625e+00,2.188999938964843750e+01,1.192939996719360352e+00,9.769999694824218750e+01,1.226000022888183594e+01,2.120000076293945312e+01
5.873600006103515625e+00,3.240000009536743164e+00,4.543999955058097839e-02,3.220000076293945312e+01,9.090000152587890625e+00,1.689999961853027344e+01
2.505199909210205078e+00,1.810000038146972656e+01,3.849699974060058594e+00,9.100000000000000000e+01,1.327000045776367188e+01,2.020000076293945312e+01
1.623200058937072754e+00,1.957999992370605469e+01,2.149179935455322266e+00,9.850000000000000000e+01,1.578999996185302734e+01,1.469999980926513672e+01
1.344900012016296387e+00,1.810000038146972656e+01,1.528800010681152344e+01,9.330000305175781250e+01,2.323999977111816406e+01,2.020000076293945312e+01
4.090499877929687500e+00,1.282999992370605469e+01,8.707000315189361572e-02,4.579999923706054688e+01,1.027000045776367188e+01,1.870000076293945312e+01
1.978399991989135742e+00,1.810000038146972656e+01,9.966540336608886719e+00,1.000000000000000000e+02,1.885000038146972656e+01,2.020000076293945312e+01
1.926499962806701660e+00,1.810000038146972656e+01,6.962150096893310547e+00,9.700000000000000000e+01,1.711000061035156250e+01,2.020000076293945312e+01
1.510599970817565918e+00,1.810000038146972656e+01,1.352219963073730469e+01,1.000000000000000000e+02,1.332999992370605469e+01,2.020000076293945312e+01
3.545900106430053711e+00,1.810000038146972656e+01,5.691750049591064453e+00,7.980000305175781250e+01,1.497999954223632812e+01,2.020000076293945312e+01
1.136999964714050293e+00,1.810000038146972656e+01,1.849819946289062500e+01,1.000000000000000000e+02,3.797000122070312500e+01,2.020000076293945312e+01
4.095200061798095703e+00,8.140000343322753906e+00,9.884300231933593750e-01,1.000000000000000000e+02,1.987999916076660156e+01,2.100000000000000000e+01
6.336100101470947266e+00,3.750000000000000000e+00,1.537999976426362991e-02,3.420000076293945312e+01,3.109999895095825195e+00,1.589999961853027344e+01
1.819499969482421875e+00,1.810000038146972656e+01,1.083419990539550781e+01,9.080000305175781250e+01,2.579000091552734375e+01,2.020000076293945312e+01
2.580600023269653320e+00,1.810000038146972656e+01,4.668829917907714844e+00,8.790000152587890625e+01,1.901000022888183594e+01,2.020000076293945312e+01
5.287300109863281250e+00,1.081000041961669922e+01,1.953900009393692017e-01,6.199999809265136719e+00,7.539999961853027344e+00,1.920000076293945312e+01
3.495199918746948242e+00,2.890000104904174805e+00,1.220400035381317139e-01,5.779999923706054688e+01,6.650000095367431641e+00,1.800000000000000000e+01
2.740999937057495117e+00,2.460000038146972656e+00,6.588000059127807617e-02,8.330000305175781250e+01,7.559999942779541016e+00,1.779999923706054688e+01
5.648399829864501953e+00,4.600000083446502686e-01,1.381000038236379623e-02,3.200000000000000000e+01,2.970000028610229492e+00,1.439999961853027344e+01
4.454699993133544922e+00,8.140000343322753906e+00,7.729899883270263672e-01,9.440000152587890625e+01,1.280000019073486328e+01,2.100000000000000000e+01
5.118000030517578125e+00,2.680000066757202148e+00,2.009000070393085480e-02,3.189999961853027344e+01,2.880000114440917969e+00,1.469999980926513672e+01
3.272099971771240234e+00,6.199999809265136719e+00,6.235600113868713379e-01,7.769999694824218750e+01,9.930000305175781250e+00,1.739999961853027344e+01
2.505000114440917969e+00,1.193000030517578125e+01,4.741000011563301086e-02,8.080000305175781250e+01,7.880000114440917969e+00,2.100000000000000000e+01
1.580399990081787109e+00,1.810000038146972656e+01,9.187020301818847656e+00,1.000000000000000000e+02,2.360000038146972656e+01,2.020000076293945312e+01
7.814799785614013672e+00,5.130000114440917969e+00,1.544499993324279785e-01,2.920000076293945312e+01,6.860000133514404297e+00,1.970000076293945312e+01
8.906700134277343750e+00,5.860000133514404297e+00,8.220999687910079956e-02,6.800000190734863281e+00,3.529999971389770508e+00,1.910000038146972656e+01
6.458399772644042969e+00,5.190000057220458984e+00,5.082999914884567261e-02,3.809999847412109375e+01,5.679999828338623047e+00,2.020000076293945312e+01
2.734400033950805664e+00,1.810000038146972656e+01,6.654920101165771484e+00,8.300000000000000000e+01,1.398999977111816406e+01,2.020000076293945312e+01
3.945399999618530273e+00,1.059000015258789062e+01,1.364199966192245483e-01,2.229999923706054688e+01,1.086999988555908203e+01,1.860000038146972656e+01
3.092299938201904297e+00,3.410000085830688477e+00,4.684000089764595032e-02,6.609999847412109375e+01,8.810000419616699219e+00,1.779999923706054688e+01
4.257900238037109375e+00,8.140000343322753906e+00,7.842000126838684082e-01,8.169999694824218750e+01,1.467000007629394531e+01,2.100000000000000000e+01
6.189899921417236328e+00,4.929999828338623047e+00,8.243999630212783813e-02,1.850000000000000000e+01,6.360000133514404297e+00,1.660000038146972656e+01
4.779399871826171875e+00,4.489999771118164062e+00,5.059000104665756226e-02,4.800000000000000000e+01,9.619999885559082031e+00,1.850000000000000000e+01
5.400700092315673828e+00,4.860000133514404297e+00,3.550999984145164490e-02,4.670000076293945312e+01,7.510000228881835938e+00,1.900000000000000000e+01
2.722700119018554688e+00,1.810000038146972656e+01,5.201769828796386719e+00,8.340000152587890625e+01,1.147999954223632812e+01,2.020000076293945312e+01
1.610200047492980957e+00,1.957999992370605469e+01,1.126579999923706055e+00,8.800000000000000000e+01,1.211999988555908203e+01,1.469999980926513672e+01
1.904700040817260742e+00,1.810000038146972656e+01,3.474280118942260742e+00,8.290000152587890625e+01,5.289999961853027344e+00,2.020000076293945312e+01
1.527500033378601074e+00,1.810000038146972656e+01,1.405070018768310547e+01,1.000000000000000000e+02,2.121999931335449219e+01,2.020000076293945312e+01
2.477499961853027344e+00,1.001000022888183594e+01,1.305799931287765503e-01,7.309999847412109375e+01,1.536999988555908203e+01,1.779999923706054688e+01
2.353399991989135742e+00,1.001000022888183594e+01,1.232900023460388184e-01,9.290000152587890625e+01,1.620999908447265625e+01,1.779999923706054688e+01
6.814700126647949219e+00,5.639999866485595703e+00,4.337000101804733276e-02,6.300000000000000000e+01,9.430000305175781250e+00,1.679999923706054688e+01
2.078799962997436523e+00,3.970000028610229492e+00,8.252599835395812988e-01,9.450000000000000000e+01,1.125000000000000000e+01,1.300000000000000000e+01
2.828999996185302734e+00,2.460000038146972656e+00,5.779999867081642151e-02,5.840000152587890625e+01,5.039999961853027344e+00,1.779999923706054688e+01
7.396699905395507812e+00,5.860000133514404297e+00,1.403000056743621826e-01,1.300000000000000000e+01,5.900000095367431641e+00,1.910000038146972656e+01
1.489599943161010742e+00,1.810000038146972656e+01,3.835179901123046875e+01,1.000000000000000000e+02,3.059000015258789062e+01,2.020000076293945312e+01
2.540299892425537109e+00,1.810000038146972656e+01,4.422279834747314453e+00,9.450000000000000000e+01,2.131999969482421875e+01,2.020000076293945312e+01
5.885000228881835938e+00,1.210000038146972656e+00,1.501000020653009415e-02,2.479999923706054688e+01,3.160000085830688477e+00,1.360000038146972656e+01
3.651900053024291992e+00,6.199999809265136719e+00,3.304499983787536621e-01,6.150000000000000000e+01,1.088000011444091797e+01,1.739999961853027344e+01
3.788599967956542969e+00,3.440000057220458984e+00,7.874999940395355225e-02,4.109999847412109375e+01,6.679999828338623047e+00,1.519999980926513672e+01
1.058570003509521484e+01,1.909999966621398926e+00,4.301000013947486877e-02,2.189999961853027344e+01,8.050000190734863281e+00,2.200000000000000000e+01
2.730099916458129883e+00,1.001000022888183594e+01,1.315799951553344727e-01,7.250000000000000000e+01,1.203999996185302734e+01,1.779999923706054688e+01
2.103600025177001953e+00,1.810000038146972656e+01,3.678220033645629883e+00,9.619999694824218750e+01,1.018999958038330078e+01,2.020000076293945312e+01
6.498000144958496094e+00,6.070000171661376953e+00,5.789000168442726135e-02,2.139999961853027344e+01,8.100000381469726562e+00,1.889999961853027344e+01
2.823699951171875000e+00,1.810000038146972656e+01,1.307509994506835938e+01,5.670000076293945312e+01,1.476000022888183594e+01,2.020000076293945312e+01
4.354899883270263672e+00,1.059000015258789062e+01,2.296900004148483276e-01,5.250000000000000000e+01,1.097000026702880859e+01,1.860000038146972656e+01
2.783099889755249023e+00,1.810000038146972656e+01,7.752230167388916016e+00,8.369999694824218750e+01,1.622999954223632812e+01,2.020000076293945312e+01
3.671499967575073242e+00,6.199999809265136719e+00,5.370000004768371582e-01,6.809999847412109375e+01,1.164999961853027344e+01,1.739999961853027344e+01
2.287499904632568359e+00,1.193000030517578125e+01,4.526999965310096741e-02,7.669999694824218750e+01,9.079999923706054688e+00,2.100000000000000000e+01
1.058570003509521484e+01,1.909999966621398926e+00,1.065900027751922607e-01,1.950000000000000000e+01,5.570000171661376953e+00,2.200000000000000000e+01
5.400700092315673828e+00,4.860000133514404297e+00,3.658999875187873840e-02,3.220000076293945312e+01,6.719999790191650391e+00,1.900000000000000000e+01
8.535300254821777344e+00,4.150000095367431641e+00,1.869999989867210388e-02,2.770000076293945312e+01,6.360000133514404297e+00,1.789999961853027344e+01
1.820600032806396484e+00,1.810000038146972656e+01,1.367809963226318359e+01,8.790000152587890625e+01,3.402000045776367188e+01,2.020000076293945312e+01
2.896500110626220703e+00,1.810000038146972656e+01,3.568680047988891602e+00,7.500000000000000000e+01,1.435999965667724609e+01,2.020000076293945312e+01
1.752300024032592773e+00,1.810000038146972656e+01,3.696949958801269531e+00,9.140000152587890625e+01,1.400000000000000000e+01,2.020000076293945312e+01
2.262500047683715820e+00,1.957999992370605469e+01,2.449529886245727539e+00,9.519999694824218750e+01,1.131999969482421875e+01,1.469999980926513672e+01
3.424200057983398438e+00,1.810000038146972656e+01,5.824009895324707031e+00,6.469999694824218750e+01,1.073999977111816406e+01,2.020000076293945312e+01
1.930099964141845703e+00,3.970000028610229492e+00,5.500699877738952637e-01,9.159999847412109375e+01,8.100000381469726562e+00,1.300000000000000000e+01
4.707499980926513672e+00,8.140000343322753906e+00,6.297600269317626953e-01,6.179999923706054688e+01,8.260000228881835938e+00,2.100000000000000000e+01
2.110699892044067383e+00,2.188999938964843750e+01,5.577800273895263672e-01,9.819999694824218750e+01,1.695999908447265625e+01,2.120000076293945312e+01
2.963399887084960938e+00,1.810000038146972656e+01,7.839320182800292969e+00,6.540000152587890625e+01,1.322000026702880859e+01,2.020000076293945312e+01
2.700599908828735352e+00,2.460000038146972656e+00,9.103000164031982422e-02,9.219999694824218750e+01,4.820000171661376953e+00,1.779999923706054688e+01
1.866199970245361328e+00,1.810000038146972656e+01,2.205109977722167969e+01,9.240000152587890625e+01,2.211000061035156250e+01,2.020000076293945312e+01
6.611499786376953125e+00,3.369999885559082031e+00,4.379000142216682434e-02,3.110000038146972656e+01,1.023999977111816406e+01,1.610000038146972656e+01
7.954899787902832031e+00,5.860000133514404297e+00,1.913300007581710815e-01,7.019999694824218750e+01,1.845999908447265625e+01,1.910000038146972656e+01
5.401100158691406250e+00,2.950000047683715820e+00,3.359000012278556824e-02,1.580000019073486328e+01,1.980000019073486328e+00,1.829999923706054688e+01
1.725700020790100098e+00,1.810000038146972656e+01,8.716750144958496094e+00,9.880000305175781250e+01,1.712000083923339844e+01,2.020000076293945312e+01
3.990000009536743164e+00,8.140000343322753906e+00,1.387989997863769531e+00,8.200000000000000000e+01,2.770999908447265625e+01,2.100000000000000000e+01
1.412999987602233887e+00,1.810000038146972656e+01,5.113579940795898438e+01,1.000000000000000000e+02,1.010999965667724609e+01,2.020000076293945312e+01
1.791200041770935059e+00,1.810000038146972656e+01,8.644760131835937500e+00,9.259999847412109375e+01,1.517000007629394531e+01,2.020000076293945312e+01
1.460800051689147949e+00,1.957999992370605469e+01,2.368619918823242188e+00,9.569999694824218750e+01,2.953000068664550781e+01,1.469999980926513672e+01
1.676800012588500977e+00,1.810000038146972656e+01,5.872049808502197266e+00,9.600000000000000000e+01,1.937000083923339844e+01,2.020000076293945312e+01
1.966899991035461426e+00,2.188999938964843750e+01,3.226400017738342285e-01,9.350000000000000000e+01,1.689999961853027344e+01,2.120000076293945312e+01
6.932000160217285156e+00,5.130000114440917969e+00,1.032800003886222839e-01,4.720000076293945312e+01,9.220000267028808594e+00,1.970000076293945312e+01
2.206000089645385742e+00,1.810000038146972656e+01,6.393119812011718750e+00,9.740000152587890625e+01,2.410000038146972656e+01,2.020000076293945312e+01
5.502699851989746094e+00,1.392000007629394531e+01,8.199000358581542969e-02,4.229999923706054688e+01,1.039999961853027344e+01,1.600000000000000000e+01
1.798400044441223145e+00,1.957999992370605469e+01,1.273460030555725098e+00,9.259999847412109375e+01,5.500000000000000000e+00,1.469999980926513672e+01
2.381700038909912109e+00,9.689999580383300781e+00,1.733099967241287231e-01,5.400000000000000000e+01,1.201000022888183594e+01,1.920000076293945312e+01
2.871500015258789062e+00,1.810000038146972656e+01,3.774980068206787109e+00,8.469999694824218750e+01,1.714999961853027344e+01,2.020000076293945312e+01
1.755399942398071289e+00,2.773999977111816406e+01,1.833699941635131836e-01,9.830000305175781250e+01,2.396999931335449219e+01,2.010000038146972656e+01
2.701900005340576172e+00,4.050000190734863281e+00,8.446999639272689819e-02,6.869999694824218750e+01,9.640000343322753906e+00,1.660000038146972656e+01
3.182699918746948242e+00,2.180000066757202148e+00,4.932000115513801575e-02,7.030000305175781250e+01,7.530000209808349609e+00,1.839999961853027344e+01
4.001900196075439453e+00,9.899999618530273438e+00,4.754700064659118652e-01,5.879999923706054688e+01,1.272999954223632812e+01,1.839999961853027344e+01
2.099999904632568359e+00,1.957999992370605469e+01,2.300400018692016602e+00,9.609999847412109375e+01,1.110000038146972656e+01,1.469999980926513672e+01
6.814700126647949219e+00,5.639999866485595703e+00,5.359999835491180420e-02,2.110000038146972656e+01,5.280000209808349609e+00,1.679999923706054688e+01
3.796499967575073242e+00,8.140000343322753906e+00,7.257999777793884277e-01,6.950000000000000000e+01,1.127999973297119141e+01,2.100000000000000000e+01
6.219600200653076172e+00,2.930000066757202148e+00,1.439000014215707779e-02,1.879999923706054688e+01,4.380000114440917969e+00,1.560000038146972656e+01
5.014100074768066406e+00,1.282999992370605469e+01,5.646000057458877563e-02,5.370000076293945312e+01,1.234000015258789062e+01,1.870000076293945312e+01
1.769999980926513672e+00,1.810000038146972656e+01,1.157789993286132812e+01,9.700000000000000000e+01,2.568000030517578125e+01,2.020000076293945312e+01
4.682000160217285156e+00,8.140000343322753906e+00,6.719099879264831543e-01,9.030000305175781250e+01,1.481000041961669922e+01,2.100000000000000000e+01
3.495199918746948242e+00,2.890000104904174805e+00,8.186999708414077759e-02,3.690000152587890625e+01,3.569999933242797852e+00,1.800000000000000000e+01
5.720900058746337891e+00,6.909999847412109375e+00,1.414999961853027344e-01,6.599999904632568359e+00,5.809999942779541016e+00,1.789999961853027344e+01
2.200400114059448242e+00,1.810000038146972656e+01,6.444049835205078125e+00,7.480000305175781250e+01,1.202999973297119141e+01,2.020000076293945312e+01
2.139800071716308594e+00,3.970000028610229492e+00,5.341200232505798340e-01,8.940000152587890625e+01,7.260000228881835938e+00,1.300000000000000000e+01
3.665899991989135742e+00,1.503999996185302734e+01,4.202999919652938843e-02,5.359999847412109375e+01,8.159999847412109375e+00,1.820000076293945312e+01
3.664999961853027344e+00,1.059000015258789062e+01,3.757799863815307617e-01,8.859999847412109375e+01,2.397999954223632812e+01,1.860000038146972656e+01
1.500399947166442871e+00,1.810000038146972656e+01,9.916549682617187500e+00,7.780000305175781250e+01,2.996999931335449219e+01,2.020000076293945312e+01
3.421700000762939453e+00,3.410000085830688477e+00,5.660000070929527283e-02,8.630000305175781250e+01,5.500000000000000000e+00,1.779999923706054688e+01
5.287300109863281250e+00,1.081000041961669922e+01,1.587599962949752808e-01,1.750000000000000000e+01,9.880000114440917969e+00,1.920000076293945312e+01
4.498600006103515625e+00,8.140000343322753906e+00,1.053930044174194336e+00,2.929999923706054688e+01,6.579999923706054688e+00,2.100000000000000000e+01
2.388700008392333984e+00,1.957999992370605469e+01,2.313899993896484375e+00,9.730000305175781250e+01,1.202999973297119141e+01,1.469999980926513672e+01
4.428999900817871094e+00,6.960000038146972656e+00,1.621100008487701416e-01,1.629999923706054688e+01,6.590000152587890625e+00,1.860000038146972656e+01
5.960400104522705078e+00,1.392000007629394531e+01,1.293199956417083740e-01,3.110000038146972656e+01,6.269999980926513672e+00,1.600000000000000000e+01
3.410599946975708008e+00,1.810000038146972656e+01,5.731160163879394531e+00,7.700000000000000000e+01,7.010000228881835938e+00,2.020000076293945312e+01
4.267300128936767578e+00,6.409999847412109375e+00,9.604000300168991089e-02,4.279999923706054688e+01,2.980000019073486328e+00,1.760000038146972656e+01
3.102499961853027344e+00,9.899999618530273438e+00,3.494000136852264404e-01,7.669999694824218750e+01,9.970000267028808594e+00,1.839999961853027344e+01
5.116700172424316406e+00,4.949999809265136719e+00,3.502000123262405396e-02,2.789999961853027344e+01,3.329999923706054688e+00,1.920000076293945312e+01
2.088200092315673828e+00,1.810000038146972656e+01,1.006229972839355469e+01,9.430000305175781250e+01,1.969000053405761719e+01,2.020000076293945312e+01
4.021999835968017578e+00,2.180000066757202148e+00,5.514999851584434509e-02,4.109999847412109375e+01,6.929999828338623047e+00,1.839999961853027344e+01
3.375099897384643555e+00,6.199999809265136719e+00,2.981899976730346680e-01,1.700000000000000000e+01,3.920000076293945312e+00,1.739999961853027344e+01
1.439399957656860352e+00,2.188999938964843750e+01,1.628640055656433105e+00,1.000000000000000000e+02,3.440999984741210938e+01,2.120000076293945312e+01
8.906700134277343750e+00,5.860000133514404297e+00,3.689399957656860352e-01,8.399999618530273438e+00,3.539999961853027344e+00,1.910000038146972656e+01
2.112099885940551758e+00,3.970000028610229492e+00,5.401099920272827148e-01,8.180000305175781250e+01,9.590000152587890625e+00,1.300000000000000000e+01
3.317500114440917969e+00,4.050000190734863281e+00,5.424999818205833435e-02,7.340000152587890625e+01,6.289999961853027344e+00,1.660000038146972656e+01
4.461900234222412109e+00,8.140000343322753906e+00,6.379600167274475098e-01,8.450000000000000000e+01,1.026000022888183594e+01,2.100000000000000000e+01
3.495199918746948242e+00,2.890000104904174805e+00,1.150399968028068542e-01,6.959999847412109375e+01,1.134000015258789062e+01,1.800000000000000000e+01
2.759200096130371094e+00,1.001000022888183594e+01,1.447599977254867554e-01,6.519999694824218750e+01,1.360999965667724609e+01,1.779999923706054688e+01
1.439499974250793457e+00,1.810000038146972656e+01,2.008489990234375000e+01,9.119999694824218750e+01,3.062999916076660156e+01,2.020000076293945312e+01
4.147999763488769531e+00,6.199999809265136719e+00,5.205799937248229980e-01,7.650000000000000000e+01,9.539999961853027344e+00,1.739999961853027344e+01
2.381700038909912109e+00,9.689999580383300781e+00,2.795700132846832275e-01,4.259999847412109375e+01,1.359000015258789062e+01,1.920000076293945312e+01
4.721099853515625000e+00,7.380000114440917969e+00,3.511399924755096436e-01,4.990000152587890625e+01,7.699999809265136719e+00,1.960000038146972656e+01
3.723999977111816406e+00,1.810000038146972656e+01,2.378570079803466797e+00,4.190000152587890625e+01,1.334000015258789062e+01,2.020000076293945312e+01
1.321599960327148438e+00,1.957999992370605469e+01,3.321049928665161133e+00,1.000000000000000000e+02,2.681999969482421875e+01,1.469999980926513672e+01
1.817199945449829102e+00,1.810000038146972656e+01,9.390629768371582031e+00,9.390000152587890625e+01,2.287999916076660156e+01,2.020000076293945312e+01
2.323600053787231445e+00,1.810000038146972656e+01,6.717720031738281250e+00,9.259999847412109375e+01,1.744000053405761719e+01,2.020000076293945312e+01
7.225500106811523438e+00,5.130000114440917969e+00,1.102700009942054749e-01,6.780000305175781250e+01,6.730000019073486328e+00,1.970000076293945312e+01
4.175000190734863281e+00,8.140000343322753906e+00,1.354719996452331543e+00,1.000000000000000000e+02,1.303999996185302734e+01,2.100000000000000000e+01
5.560500144958496094e+00,7.869999885559082031e+00,8.828999847173690796e-02,6.659999847412109375e+01,1.243000030517578125e+01,1.519999980926513672e+01
3.272099971771240234e+00,6.199999809265136719e+00,6.147000193595886230e-01,8.080000305175781250e+01,7.599999904632568359e+00,1.739999961853027344e+01
4.437699794769287109e+00,4.489999771118164062e+00,5.734999850392341614e-02,5.609999847412109375e+01,6.530000209808349609e+00,1.850000000000000000e+01
1.968199968338012695e+00,1.810000038146972656e+01,9.338890075683593750e+00,9.559999847412109375e+01,2.407999992370605469e+01,2.020000076293945312e+01
1.588799953460693359e+00,1.810000038146972656e+01,2.504610061645507812e+01,1.000000000000000000e+02,2.677000045776367188e+01,2.020000076293945312e+01
2.892699956893920898e+00,9.689999580383300781e+00,2.683799862861633301e-01,7.059999847412109375e+01,1.410000038146972656e+01,1.920000076293945312e+01
4.721099853515625000e+00,7.380000114440917969e+00,3.410899937152862549e-01,4.009999847412109375e+01,6.119999885559082031e+00,1.960000038146972656e+01
6.814700126647949219e+00,5.639999866485595703e+00,4.980999976396560669e-02,2.139999961853027344e+01,8.430000305175781250e+00,1.679999923706054688e+01
4.812200069427490234e+00,5.190000057220458984e+00,3.305999934673309326e-02,3.729999923706054688e+01,8.510000228881835938e+00,2.020000076293945312e+01
3.421099901199340820e+00,1.389000034332275391e+01,7.012999802827835083e-02,8.509999847412109375e+01,9.689999580383300781e+00,1.639999961853027344e+01
4.787199974060058594e+00,6.409999847412109375e+00,1.046900004148483276e-01,4.900000000000000000e+01,6.050000190734863281e+00,1.760000038146972656e+01
3.199199914932250977e+00,2.460000038146972656e+00,5.601999908685684204e-02,5.359999847412109375e+01,4.449999809265136719e+00,1.779999923706054688e+01
3.917500019073486328e+00,6.960000038146972656e+00,9.064999967813491821e-02,6.150000000000000000e+01,1.364999961853027344e+01,1.860000038146972656e+01
1.820899963378906250e+00,2.773999977111816406e+01,1.508599966764450073e-01,9.269999694824218750e+01,1.805999946594238281e+01,2.010000038146972656e+01
1.465499997138977051e+00,1.810000038146972656e+01,1.443830013275146484e+01,1.000000000000000000e+02,1.978000068664550781e+01,2.020000076293945312e+01
5.244699954986572266e+00,3.329999923706054688e+00,3.705000132322311401e-02,3.720000076293945312e+01,4.590000152587890625e+00,1.489999961853027344e+01
8.055500030517578125e+00,5.860000133514404297e+00,3.398300111293792725e-01,3.490000152587890625e+01,9.159999847412109375e+00,1.910000038146972656e+01
2.345999956130981445e+00,2.188999938964843750e+01,9.761700034141540527e-01,9.840000152587890625e+01,1.730999946594238281e+01,2.120000076293945312e+01
5.211900234222412109e+00,3.329999923706054688e+00,6.128999963402748108e-02,4.970000076293945312e+01,3.009999990463256836e+00,1.489999961853027344e+01
7.307300090789794922e+00,2.250000000000000000e+00,1.095999963581562042e-02,3.189999961853027344e+01,8.229999542236328125e+00,1.530000019073486328e+01
5.415900230407714844e+00,7.380000114440917969e+00,1.918600052595138550e-01,1.469999980926513672e+01,5.079999923706054688e+00,1.960000038146972656e+01
8.055500030517578125e+00,5.860000133514404297e+00,1.965699940919876099e-01,7.919999694824218750e+01,1.014999961853027344e+01,1.910000038146972656e+01
4.812200069427490234e+00,5.190000057220458984e+00,6.151000037789344788e-02,5.850000000000000000e+01,9.289999961853027344e+00,2.020000076293945312e+01
2.210999965667724609e+00,8.560000419616699219e+00,1.712000072002410889e-01,9.190000152587890625e+01,1.865999984741210938e+01,2.089999961853027344e+01
1.757200002670288086e+00,2.564999961853027344e+01,3.873499929904937744e-01,9.559999847412109375e+01,2.726000022888183594e+01,1.910000038146972656e+01
7.980899810791015625e+00,5.130000114440917969e+00,1.264999955892562866e-01,4.340000152587890625e+01,9.500000000000000000e+00,1.970000076293945312e+01
5.720900058746337891e+00,6.909999847412109375e+00,1.226899996399879456e-01,4.000000000000000000e+01,9.550000190734863281e+00,1.789999961853027344e+01
2.132899999618530273e+00,3.970000028610229492e+00,7.857000231742858887e-01,8.459999847412109375e+01,1.478999996185302734e+01,1.300000000000000000e+01
3.215699911117553711e+00,6.199999809265136719e+00,3.821400105953216553e-01,8.650000000000000000e+01,3.130000114440917969e+00,1.739999961853027344e+01
3.945399999618530273e+00,1.059000015258789062e+01,1.980199962854385376e-01,4.240000152587890625e+01,9.470000267028808594e+00,1.860000038146972656e+01
2.717499971389770508e+00,1.810000038146972656e+01,6.801169872283935547e+00,8.440000152587890625e+01,1.469999980926513672e+01,2.020000076293945312e+01
5.400700092315673828e+00,4.860000133514404297e+00,4.461999982595443726e-02,7.040000152587890625e+01,7.219999790191650391e+00,1.900000000000000000e+01
1.986500024795532227e+00,3.970000028610229492e+00,7.616199851036071777e-01,6.279999923706054688e+01,1.044999980926513672e+01,1.300000000000000000e+01
4.566699981689453125e+00,3.440000057220458984e+00,1.257899999618530273e-01,2.910000038146972656e+01,4.559999942779541016e+00,1.519999980926513672e+01
7.037899971008300781e+00,1.519999980926513672e+00,1.300999987870454788e-02,4.929999923706054688e+01,5.489999771118164062e+00,1.550000000000000000e+01
2.261600017547607422e+00,1.810000038146972656e+01,9.329090118408203125e+00,9.869999694824218750e+01,1.812999916076660156e+01,2.020000076293945312e+01
3.152299880981445312e+00,1.810000038146972656e+01,4.835669994354248047e+00,5.320000076293945312e+01,1.144999980926513672e+01,2.020000076293945312e+01
4.147999763488769531e+00,6.199999809265136719e+00,5.118299722671508789e-01,7.159999847412109375e+01,4.730000019073486328e+00,1.739999961853027344e+01
1.332499980926513672e+00,1.810000038146972656e+01,4.898220062255859375e+00,1.000000000000000000e+02,3.259999990463256836e+00,2.020000076293945312e+01
6.814700126647949219e+00,5.639999866485595703e+00,8.872999995946884155e-02,4.570000076293945312e+01,1.344999980926513672e+01,1.679999923706054688e+01
8.013600349426269531e+00,4.389999866485595703e+00,3.112999908626079559e-02,4.850000000000000000e+01,1.052999973297119141e+01,1.879999923706054688e+01
7.826499938964843750e+00,5.860000133514404297e+00,1.643899977207183838e-01,4.909999847412109375e+01,9.520000457763671875e+00,1.910000038146972656e+01
