,temp,location,clouds,pressure,rain,time_stamp,humidity,wind
0,42.42,0,1.0,1012.14,0.1228,1545003901,0.77,11.25
1,42.43,1,1.0,1012.15,0.1846,1545003901,0.76,11.32
2,42.5,2,1.0,1012.15,0.1089,1545003901,0.76,11.07
3,42.11,3,1.0,1012.13,0.0969,1545003901,0.77,11.09
4,43.13,4,1.0,1012.14,0.1786,1545003901,0.75,11.49
5,42.34,5,1.0,1012.15,0.2068,1545003901,0.77,11.49
6,42.36,6,1.0,1012.15,0.2088,1545003901,0.77,11.46
7,42.21,7,1.0,1012.16,0.2069,1545003901,0.77,11.37
8,42.07,8,1.0,1012.12,0.102,1545003901,0.78,11.28
9,43.05,9,1.0,1012.12,0.1547,1545003901,0.75,11.58
10,42.09,10,1.0,1012.13,0.1428,1545003901,0.78,11.41
20,43.31,9,0.8,990.8,0.0023,1543347920,0.71,8.36
23,43.92,7,1.0,1006.29,0.0409,1543277833,0.9,10.09
24,43.87,8,1.0,1006.24,0.0284,1543277833,0.91,9.74
251,44.29,0,1.0,998.12,0.0113,1543297520,0.89,14.24
252,44.28,1,1.0,998.13,0.011,1543297520,0.89,14.34
253,44.37,2,1.0,998.14,0.0073,1543297520,0.89,14.08
254,44.03,3,1.0,998.12,0.0107,1543297520,0.9,14.1
255,43.3,4,1.0,998.65,0.016,1543297520,0.9,10.17
256,44.18,5,1.0,998.13,0.0117,1543297520,0.89,14.44
257,43.12,6,1.0,998.67,0.012,1543297520,0.91,10.21
258,44.09,7,1.0,998.14,0.0097,1543297520,0.9,14.41
259,43.99,8,1.0,998.11,0.0127,1543297520,0.9,14.16
260,44.64,9,1.0,998.11,0.018,1543297520,0.88,14.42
261,43.06,10,1.0,998.65,0.0147,1543297520,0.91,10.15
262,44.04,11,1.0,998.14,0.0103,1543297520,0.9,14.38
305,44.09,0,0.99,1005.3,0.1577,1543281514,0.9,11.25
306,44.11,1,0.99,1005.33,0.1881,1543281514,0.9,11.3
307,44.07,2,0.99,1005.27,0.1301,1543281514,0.9,11.13
308,43.87,3,0.99,1005.25,0.1231,1543281514,0.91,11.15
309,44.87,4,0.99,1005.34,0.2125,1543281514,0.87,11.38
310,44.12,5,0.99,1005.36,0.2232,1543281514,0.9,11.37
311,44.17,6,0.99,1005.37,0.2349,1543281514,0.9,11.39
312,44.07,7,0.99,1005.36,0.2178,1543281514,0.9,11.35
313,43.88,8,0.99,1005.26,0.1303,1543281514,0.91,11.2
314,44.84,9,0.99,1005.33,0.204,1543281514,0.88,11.38
315,43.99,10,0.99,1005.32,0.1872,1543281514,0.9,11.33
316,44.01,11,0.99,1005.35,0.2043,1543281514,0.9,11.33
552,39.26,0,1.0,1019.52,0.0293,1543740774,0.86,3.99
553,39.26,1,1.0,1019.53,0.0294,1543740774,0.86,4.03
554,39.08,3,1.0,1019.5,0.0299,1543740774,0.87,3.91
555,39.28,4,1.0,1019.54,0.0322,1543740774,0.86,4.1
556,39.29,5,1.0,1019.54,0.0315,1543740774,0.86,4.08
557,39.33,6,1.0,1019.54,0.0325,1543740774,0.86,4.1
558,39.24,7,1.0,1019.54,0.0295,1543740774,0.86,4.06
559,39.13,8,1.0,1019.51,0.03,1543740774,0.87,3.96
560,39.26,9,1.0,1019.53,0.032,1543740774,0.86,4.11
561,39.19,10,1.0,1019.53,0.0313,1543740774,0.87,4.06
562,39.19,11,1.0,1019.54,0.0294,1543740774,0.86,4.05
725,44.28,1,1.0,998.2,0.0098,1543297497,0.89,14.65
726,44.07,3,1.0,998.19,0.0088,1543297497,0.9,14.42
728,40.37,2,1.0,1010.95,0.015,1545011102,0.9,10.18
729,41.35,9,1.0,1010.94,0.026,1545011102,0.87,10.69
730,40.2,11,1.0,1010.97,0.025,1545011102,0.9,10.49
895,37.54,1,0.47,998.84,0.0019,1543466398,0.72,10.14
899,37.47,5,0.48,998.83,0.0019,1543466398,0.72,10.2
900,37.51,6,0.48,998.83,0.0019,1543466398,0.72,10.22
901,37.37,7,0.48,998.83,0.0019,1543466398,0.72,10.17
905,37.31,11,0.47,998.84,0.0019,1543466398,0.72,10.15
990,41.76,1,1.0,1011.52,0.051,1545007502,0.83,10.8
991,41.77,2,0.95,1011.24,0.061,1545007502,0.83,10.49
992,41.55,3,0.96,1011.23,0.063,1545007502,0.84,10.58
993,42.79,4,1.0,1011.51,0.047,1545007502,0.8,10.96
994,41.61,8,0.95,1011.22,0.0599,1545007502,0.84,10.68
995,42.68,9,0.95,1011.19,0.047,1545007502,0.81,10.93
996,41.6,11,1.0,1011.53,0.05,1545007502,0.84,10.8
1042,49.48,0,0.88,1000.11,0.0044,1543841574,0.92,4.49
1043,49.31,1,0.89,1000.1,0.0084,1543841574,0.93,4.48
1044,49.4,2,0.88,1000.11,0.005,1543841574,0.92,4.45
1045,49.63,3,0.88,1000.12,0.0039,1543841574,0.92,4.48
1046,51.16,4,0.89,1000.1,0.0073,1543841574,0.87,4.52
1047,49.38,5,0.89,1000.1,0.0114,1543841574,0.92,4.49
1048,49.38,6,0.89,1000.1,0.0115,1543841574,0.92,4.5
1049,49.4,7,0.89,1000.1,0.0124,1543841574,0.92,4.48
1050,49.67,8,0.88,1000.11,0.0032,1543841574,0.92,4.5
1051,51.24,9,0.89,1000.1,0.0062,1543841574,0.86,4.53
1052,49.54,10,0.89,1000.11,0.0062,1543841574,0.92,4.51
1053,49.4,11,0.89,1000.1,0.0113,1543841574,0.92,4.48
1070,42.19,0,0.89,1015.01,0.0062,1543239310,0.91,3.61
1071,42.2,1,0.89,1015.01,0.0053,1543239310,0.92,3.64
1074,42.33,4,0.89,1015.01,0.0072,1543239310,0.91,3.63
1075,42.3,5,0.89,1015.01,0.0052,1543239310,0.91,3.66
1076,42.36,6,0.89,1015.01,0.0052,1543239310,0.91,3.66
1077,42.23,7,0.89,1015.01,0.0052,1543239310,0.92,3.67
1079,42.31,9,0.89,1015.01,0.0075,1543239310,0.91,3.62
1080,42.19,10,0.89,1015.01,0.0063,1543239310,0.92,3.62
1081,42.16,11,0.89,1015.01,0.0052,1543239310,0.92,3.66
1146,46.45,9,0.89,1021.79,0.002,1544874302,0.88,4.54
1148,41.72,7,0.93,1015.39,0.004,1543237510,0.91,3.55
1178,44.92,0,0.99,1008.4,0.0093,1543269909,0.87,7.47
1179,44.91,1,0.99,1008.41,0.0066,1543269909,0.87,7.51
1180,44.81,2,0.98,1008.39,0.0149,1543269909,0.87,7.3
1181,44.8,3,0.98,1008.38,0.013,1543269909,0.87,7.36
1182,45.47,4,0.99,1008.41,0.0045,1543269909,0.85,7.63
1183,44.96,5,0.99,1008.42,0.0045,1543269909,0.86,7.57
1184,45.0,6,0.99,1008.42,0.0043,1543269909,0.86,7.6
1185,44.92,7,0.99,1008.42,0.0055,1543269909,0.87,7.53
1186,44.9,10,0.99,1008.4,0.0065,1543269909,0.87,7.58
1187,44.88,11,0.99,1008.42,0.0056,1543269909,0.87,7.52
1228,43.76,10,0.99,1002.57,0.1354,1543286721,0.9,11.53
1229,44.51,10,1.0,1008.4,0.029,1543273935,0.88,9.51
1288,44.3,0,1.0,998.19,0.0099,1543297498,0.89,14.56
1289,44.39,2,1.0,998.21,0.0059,1543297498,0.89,14.4
1290,44.69,4,1.0,998.19,0.0128,1543297498,0.88,14.75
1291,44.17,5,1.0,998.21,0.0099,1543297498,0.89,14.75
1292,44.21,6,1.0,998.21,0.0099,1543297498,0.89,14.78
1293,44.09,7,1.0,998.21,0.0089,1543297498,0.9,14.72
1294,44.02,8,1.0,998.18,0.0109,1543297498,0.9,14.48
1295,44.64,9,1.0,998.1,0.0148,1543297498,0.88,14.79
1296,44.0,10,1.0,998.1,0.0129,1543297498,0.9,14.73
1324,44.49,3,0.97,1008.08,0.033,1543271718,0.88,9.1
1325,45.48,9,0.97,1008.13,0.0664,1543271718,0.84,9.34
1349,43.42,0,1.0,996.36,0.011,1543302920,0.91,10.83
1350,43.38,1,1.0,996.38,0.0117,1543302920,0.91,10.89
1351,43.41,2,1.0,996.37,0.0093,1543302920,0.91,10.74
1352,43.38,3,1.0,996.34,0.0103,1543302920,0.91,10.73
1353,43.74,4,1.0,996.37,0.0103,1543302920,0.9,10.94
1354,43.39,5,1.0,996.39,0.011,1543302920,0.91,10.96
1355,43.41,6,1.0,996.39,0.011,1543302920,0.91,10.98
1356,43.37,7,1.0,996.4,0.011,1543302920,0.91,10.95
1357,43.39,8,1.0,996.33,0.01,1543302920,0.91,10.76
1358,43.74,9,1.0,996.36,0.0103,1543302920,0.9,10.92
1359,43.37,10,1.0,996.36,0.011,1543302920,0.92,10.89
1360,43.34,11,1.0,996.39,0.011,1543302920,0.91,10.93
1409,42.54,0,1.0,1014.0,0.003,1544993102,0.74,9.8
1410,42.2,1,0.96,1014.08,0.003,1544993102,0.76,9.79
1411,42.3,2,0.97,1014.07,0.003,1544993102,0.76,9.55
1412,42.05,3,0.91,1013.91,0.003,1544993102,0.76,9.62
1415,42.12,7,0.96,1014.09,0.003,1544993102,0.77,9.8
1416,42.03,8,0.91,1013.9,0.003,1544993102,0.76,9.72
1419,42.0,11,0.96,1014.08,0.0029,1544993102,0.77,9.79
1474,43.96,0,1.0,1006.26,0.0497,1543277834,0.9,9.86
1475,43.93,1,1.0,1006.28,0.0288,1543277834,0.9,9.99
1476,43.98,2,1.0,1006.25,0.0272,1543277834,0.9,9.63
1477,43.88,3,1.0,1006.24,0.0521,1543277834,0.9,9.64
1478,44.84,4,1.0,1006.28,0.0298,1543277834,0.87,10.13
1479,43.94,5,1.0,1006.29,0.0425,1543277834,0.9,10.12
1480,43.97,6,1.0,1006.29,0.0323,1543277834,0.9,10.16
1481,44.82,9,1.0,1006.27,0.0423,1543277834,0.87,10.11
1482,43.88,10,1.0,1006.27,0.044,1543277834,0.91,10.03
1483,43.88,11,1.0,1006.29,0.0298,1543277834,0.91,10.05
1502,43.83,0,0.97,1005.9,0.2173,1543279333,0.91,10.93
1503,43.79,1,0.97,1005.92,0.1402,1543279333,0.91,11.07
1504,43.89,2,0.98,1005.89,0.2112,1543279333,0.91,10.64
1505,43.71,3,0.98,1005.87,0.2002,1543279333,0.92,10.68
1506,45.03,4,0.97,1005.92,0.1298,1543279333,0.87,11.24
1507,43.76,5,0.97,1005.94,0.139,1543279333,0.92,11.22
1508,43.79,6,0.97,1005.94,0.1386,1543279333,0.92,11.27
1509,43.73,7,0.97,1005.94,0.1438,1543279333,0.92,11.17
1510,43.68,8,0.98,1005.87,0.1407,1543279333,0.92,10.81
1511,45.0,9,0.97,1005.92,0.1252,1543279333,0.87,11.24
1512,43.67,10,0.97,1005.91,0.2231,1543279333,0.92,11.13
1513,43.69,11,0.97,1005.93,0.2361,1543279333,0.92,11.12
1561,42.73,9,0.9,1018.83,0.007,1544978707,0.73,9.71
1562,42.12,0,1.0,1013.08,0.005,1544996701,0.76,10.68
1563,41.95,1,0.95,1013.19,0.005,1544996701,0.77,10.64
1564,42.17,2,0.96,1013.18,0.003,1544996701,0.76,10.38
1565,41.96,3,1.0,1013.06,0.004,1544996701,0.77,10.57
1566,43.15,4,0.95,1013.18,0.004,1544996701,0.73,10.81
1567,41.99,5,0.95,1013.2,0.004,1544996701,0.77,10.71
1568,42.07,6,1.0,1013.11,0.004,1544996701,0.76,10.79
1569,41.97,7,1.0,1013.11,0.004,1544996701,0.76,10.7
1570,41.91,8,0.95,1013.15,0.005,1544996701,0.77,10.61
1571,43.13,9,1.0,1013.08,0.004,1544996701,0.73,10.9
1572,41.87,10,1.0,1013.08,0.005,1544996701,0.77,10.82
1573,41.87,11,1.0,1013.11,0.005,1544996701,0.77,10.69
1580,45.0,0,1.0,1012.21,0.003,1543765974,0.94,6.13
1581,45.01,1,1.0,1012.22,0.003,1543765974,0.94,6.24
1582,44.95,2,1.0,1012.2,0.003,1543765974,0.94,5.92
1583,44.86,3,1.0,1012.2,0.003,1543765974,0.95,5.94
1584,45.08,4,1.0,1012.22,0.003,1543765974,0.94,6.37
1585,44.99,5,1.0,1012.22,0.003,1543765974,0.95,6.36
1586,45.03,6,1.0,1012.22,0.003,1543765974,0.94,6.4
1587,44.95,7,1.0,1012.22,0.003,1543765974,0.95,6.33
1588,44.95,8,1.0,1012.2,0.003,1543765974,0.95,6.02
1589,45.1,9,1.0,1012.21,0.003,1543765974,0.94,6.35
1590,44.94,10,1.0,1012.21,0.003,1543765974,0.95,6.27
1591,44.9,11,1.0,1012.22,0.003,1543765974,0.95,6.29
1640,44.64,0,0.97,1008.11,0.048,1543271721,0.87,9.19
1641,44.64,1,0.97,1008.13,0.069,1543271721,0.87,9.21
1642,45.51,4,0.97,1008.13,0.073,1543271721,0.84,9.32
1643,44.68,5,0.97,1008.14,0.0866,1543271721,0.87,9.26
1644,44.63,7,0.97,1008.14,0.0866,1543271721,0.87,9.22
1645,44.51,8,0.97,1008.09,0.0332,1543271721,0.88,9.19
1646,44.59,10,0.97,1008.12,0.0607,1543271721,0.87,9.29
1647,44.59,11,0.97,1008.14,0.0782,1543271721,0.87,9.21
1660,44.55,0,0.91,1009.01,0.004,1543268108,0.86,9.41
1661,44.32,3,0.91,1008.99,0.003,1543268108,0.87,9.36
1662,45.31,4,0.91,1009.03,0.0003,1543268108,0.83,9.5
1663,44.48,7,0.92,1009.04,0.0003,1543268108,0.86,9.41
1664,44.33,8,0.91,1008.99,0.0041,1543268108,0.87,9.42
1665,45.27,9,0.91,1009.02,0.003,1543268108,0.83,9.52
1666,44.42,11,0.92,1009.03,0.0031,1543268108,0.86,9.41
1836,37.42,0,0.93,1017.88,0.002,1543625574,0.67,3.03
1837,37.4,1,0.93,1017.88,0.002,1543625574,0.67,3.08
1840,37.39,4,0.93,1017.88,0.002,1543625574,0.67,3.18
1841,37.41,5,0.93,1017.88,0.002,1543625574,0.67,3.15
1842,37.45,6,0.93,1017.88,0.002,1543625574,0.67,3.18
1843,37.37,7,0.93,1017.88,0.002,1543625574,0.67,3.13
1845,37.37,9,0.93,1017.88,0.0029,1543625574,0.67,3.18
1846,37.32,10,0.93,1017.88,0.0039,1543625574,0.67,3.12
1847,37.32,11,0.93,1017.88,0.0002,1543625574,0.67,3.11
1859,42.33,0,0.92,1018.9,0.013,1544978701,0.73,9.38
1860,42.35,5,0.91,1018.92,0.008,1544978701,0.73,9.47
1861,42.38,6,0.91,1018.92,0.008,1544978701,0.73,9.5
1862,42.35,10,0.92,1018.9,0.007,1544978701,0.73,9.48
1904,38.43,6,0.51,997.87,0.0015,1543457206,0.7,10.44
1905,38.36,7,0.51,997.88,0.002,1543457206,0.7,10.37
1909,38.31,11,0.51,997.88,0.0015,1543457206,0.7,10.36
1917,42.55,0,0.91,1014.84,0.0088,1543241109,0.91,2.25
1918,42.54,1,0.91,1014.85,0.004,1543241109,0.91,2.24
1919,42.39,2,0.92,1014.84,0.0189,1543241109,0.91,2.25
1920,42.37,3,0.91,1014.84,0.0156,1543241109,0.91,2.25
1921,42.27,4,0.91,1014.84,0.0022,1543241109,0.92,2.24
1922,42.59,7,0.91,1014.85,0.003,1543241109,0.9,2.23
1923,42.44,8,0.91,1014.84,0.0088,1543241109,0.91,2.25
1924,42.54,10,0.91,1014.84,0.003,1543241109,0.91,2.24
1925,42.53,11,0.91,1014.85,0.003,1543241109,0.91,2.24
1997,38.56,0,0.58,997.64,0.002,1543456300,0.7,9.88
1998,38.51,1,0.58,997.63,0.002,1543456300,0.7,9.92
2001,38.49,4,0.58,997.62,0.002,1543456300,0.7,10.02
2002,38.52,5,0.57,997.62,0.002,1543456300,0.7,9.98
2003,38.55,6,0.57,997.61,0.002,1543456300,0.7,10.0
2004,38.49,7,0.57,997.62,0.0007,1543456300,0.7,9.95
2006,38.45,9,0.58,997.62,0.002,1543456300,0.7,10.03
2007,38.41,10,0.58,997.63,0.0013,1543456300,0.7,9.98
2008,38.44,11,0.57,997.62,0.002,1543456300,0.7,9.93
2019,44.16,0,1.0,995.96,0.0153,1543304720,0.91,12.27
2020,44.14,1,1.0,995.98,0.016,1543304720,0.91,12.42
2021,44.15,2,1.0,995.97,0.017,1543304720,0.91,12.06
2022,44.05,3,1.0,995.95,0.0133,1543304720,0.92,12.05
2023,44.75,4,1.0,995.97,0.0107,1543304720,0.9,12.54
2024,44.12,5,1.0,995.99,0.0143,1543304720,0.92,12.56
2025,44.14,6,1.0,995.99,0.0133,1543304720,0.91,12.6
2026,44.08,7,1.0,995.99,0.0163,1543304720,0.92,12.53
2027,42.95,8,1.0,995.83,0.012,1543304720,0.92,9.55
2028,44.73,9,1.0,995.96,0.0097,1543304720,0.9,12.51
2029,44.05,10,1.0,995.96,0.0117,1543304720,0.92,12.43
2030,42.89,11,1.0,995.86,0.017,1543304720,0.92,9.68
2031,47.33,0,1.0,1007.49,0.007,1543773174,0.96,4.96
2032,47.32,1,1.0,1007.49,0.0069,1543773174,0.96,5.1
2033,47.28,2,1.0,1007.51,0.0061,1543773174,0.95,4.72
2034,47.25,3,1.0,1007.5,0.0052,1543773174,0.96,4.74
2035,46.91,4,1.0,1007.48,0.0059,1543773174,0.98,5.27
2036,47.39,5,1.0,1007.49,0.0058,1543773174,0.96,5.25
2037,47.42,6,1.0,1007.48,0.0049,1543773174,0.96,5.3
2038,47.36,7,1.0,1007.49,0.0058,1543773174,0.96,5.2
2039,47.32,8,1.0,1007.49,0.0052,1543773174,0.96,4.84
2040,46.94,9,1.0,1007.48,0.005,1543773174,0.97,5.25
2041,47.36,10,1.0,1007.48,0.0059,1543773174,0.96,5.15
2042,47.32,11,1.0,1007.49,0.0068,1543773174,0.96,5.16
2055,44.31,1,1.0,1003.15,0.1547,1543284920,0.9,13.65
2056,44.29,2,1.0,1003.11,0.121,1543284920,0.9,13.53
2057,44.65,4,1.0,1003.15,0.162,1543284920,0.89,13.73
2058,44.31,5,1.0,1003.17,0.1123,1543284920,0.9,13.69
2059,44.36,6,1.0,1003.18,0.147,1543284920,0.9,13.7
2060,44.12,8,1.0,1003.08,0.175,1543284920,0.91,13.64
2061,44.62,9,1.0,1003.13,0.1147,1543284920,0.9,13.74
2062,44.19,10,1.0,1003.13,0.1653,1543284920,0.91,13.7
2063,44.2,11,1.0,1003.17,0.144,1543284920,0.91,13.65
2064,41.31,1,0.91,991.52,0.002,1543424782,0.63,9.32
2065,41.48,3,0.91,991.53,0.002,1543424782,0.62,9.29
2079,44.75,2,0.96,989.75,0.002,1543319120,0.97,2.95
2092,44.11,0,1.0,993.16,0.0197,1543310120,0.94,9.07
2093,44.08,1,1.0,993.18,0.0213,1543310120,0.95,9.18
2094,44.09,2,1.0,993.17,0.0247,1543310120,0.94,9.04
2095,44.01,3,1.0,993.15,0.0237,1543310120,0.95,8.97
2096,44.67,4,1.0,993.17,0.0203,1543310120,0.93,9.18
2097,44.1,5,1.0,993.18,0.023,1543310120,0.94,9.27
2098,44.13,6,1.0,993.18,0.023,1543310120,0.94,9.29
2099,44.06,7,1.0,993.19,0.0233,1543310120,0.94,9.28
2100,44.04,8,1.0,993.15,0.0213,1543310120,0.95,8.95
2101,44.68,9,1.0,993.16,0.0193,1543310120,0.93,9.13
2102,44.06,10,1.0,993.16,0.0193,1543310120,0.95,9.11
2103,44.02,11,1.0,993.18,0.0223,1543310120,0.95,9.24
2182,42.49,5,1.0,1013.99,0.003,1544993101,0.74,9.92
2291,40.99,0,0.1,1006.2,0.003,1543499574,0.59,10.45
2292,40.91,1,0.11,1006.2,0.003,1543499574,0.6,10.46
2293,40.94,2,0.1,1006.21,0.003,1543499574,0.59,10.34
2294,41.02,3,0.1,1006.21,0.003,1543499574,0.59,10.39
2295,40.92,4,0.11,1006.19,0.0027,1543499574,0.6,10.54
2296,40.97,5,0.11,1006.19,0.0027,1543499574,0.59,10.49
2297,40.99,6,0.11,1006.19,0.0027,1543499574,0.59,10.51
2298,40.99,7,0.11,1006.19,0.003,1543499574,0.59,10.46
2299,41.03,8,0.1,1006.21,0.003,1543499574,0.59,10.46
2301,40.96,11,0.11,1006.19,0.003,1543499574,0.59,10.46
2320,44.61,0,1.0,996.84,0.023,1543301120,0.91,13.05
2321,44.6,1,1.0,996.86,0.026,1543301120,0.91,13.17
2322,44.64,2,1.0,996.83,0.019,1543301120,0.91,12.9
2323,44.44,3,1.0,996.81,0.018,1543301120,0.92,12.89
2324,43.1,4,1.0,997.09,0.0253,1543301120,0.91,9.57
2325,44.55,5,1.0,996.87,0.0277,1543301120,0.91,13.28
2326,44.58,6,1.0,996.88,0.0277,1543301120,0.91,13.32
2327,44.49,7,1.0,996.88,0.0287,1543301120,0.91,13.27
2328,44.44,8,1.0,996.81,0.02,1543301120,0.92,12.94
2329,43.12,9,1.0,997.08,0.025,1543301120,0.91,9.57
2330,44.44,10,1.0,996.85,0.025,1543301120,0.92,13.17
2331,44.45,11,1.0,996.87,0.0277,1543301120,0.91,13.23
2335,42.18,11,1.0,1012.16,0.2006,1545003902,0.77,11.34
2404,40.36,0,1.0,1010.94,0.021,1545011101,0.9,10.43
2405,40.39,1,1.0,1010.96,0.025,1545011101,0.9,10.48
2406,40.15,3,1.0,1010.91,0.0151,1545011101,0.91,10.08
2407,41.36,4,1.0,1010.95,0.026,1545011101,0.87,10.66
2408,40.32,5,1.0,1010.97,0.026,1545011101,0.9,10.57
2409,40.37,6,1.0,1010.97,0.026,1545011101,0.9,10.6
2410,40.25,7,1.0,1010.98,0.025,1545011101,0.9,10.5
2411,40.18,8,1.0,1010.9,0.018,1545011101,0.91,10.21
2412,40.21,10,1.0,1010.94,0.026,1545011101,0.91,10.6
2472,44.84,8,0.99,1008.38,0.0103,1543269908,0.87,7.45
2473,45.46,9,0.99,1008.4,0.0053,1543269908,0.85,7.65
2555,44.3,0,0.96,1007.81,0.1477,1543275733,0.89,9.64
2556,44.27,1,0.96,1007.82,0.1273,1543275733,0.89,9.75
2557,44.27,2,0.96,1007.8,0.1648,1543275733,0.89,9.37
2558,44.21,3,0.96,1007.8,0.1637,1543275733,0.89,9.43
2559,45.48,4,0.96,1007.83,0.1148,1543275733,0.85,9.92
2560,44.3,5,0.96,1007.84,0.1081,1543275733,0.89,9.88
2561,44.33,6,0.96,1007.84,0.1039,1543275733,0.89,9.92
2562,44.27,7,0.96,1007.84,0.1101,1543275733,0.89,9.82
2563,44.2,8,0.96,1007.8,0.1551,1543275733,0.89,9.55
2564,45.46,9,0.96,1007.83,0.117,1543275733,0.85,9.93
2565,44.24,10,0.96,1007.82,0.129,1543275733,0.89,9.83
2566,44.24,11,0.96,1007.83,0.1183,1543275733,0.89,9.79
2591,41.39,0,0.96,991.48,0.003,1543428129,0.63,9.5
2592,41.32,1,0.96,991.47,0.003,1543428129,0.63,9.5
2593,41.49,4,0.95,991.47,0.0022,1543428129,0.62,9.52
2594,41.38,5,0.96,991.46,0.0022,1543428129,0.63,9.51
2595,41.4,6,0.96,991.46,0.003,1543428129,0.63,9.51
2596,41.37,7,0.96,991.47,0.0022,1543428129,0.63,9.5
2597,41.37,8,0.95,991.48,0.003,1543428129,0.63,9.5
2598,41.34,10,0.95,991.47,0.0005,1543428129,0.63,9.52
2599,41.33,11,0.96,991.47,0.0022,1543428129,0.63,9.5
2608,43.5,0,1.0,995.01,0.0073,1543306520,0.92,10.01
2609,43.46,1,1.0,995.03,0.006,1543306520,0.92,10.1
2610,43.47,2,1.0,995.03,0.0117,1543306520,0.92,9.9
2611,43.43,3,1.0,995.01,0.01,1543306520,0.93,9.89
2612,43.93,4,1.0,995.02,0.007,1543306520,0.91,10.16
2613,43.47,5,1.0,995.04,0.007,1543306520,0.92,10.17
2614,43.49,6,1.0,995.04,0.006,1543306520,0.92,10.2
2615,43.44,7,1.0,995.04,0.0073,1543306520,0.92,10.16
2616,43.44,8,1.0,994.99,0.009,1543306520,0.93,9.93
2617,43.92,9,1.0,995.01,0.006,1543306520,0.91,10.14
2618,43.43,10,1.0,995.01,0.0063,1543306520,0.93,10.1
2619,43.41,11,1.0,995.04,0.006,1543306520,0.93,10.13
2643,43.82,0,0.97,1005.87,0.2039,1543279419,0.91,11.02
2644,43.66,10,0.97,1005.88,0.2154,1543279419,0.92,11.22
2687,44.56,0,0.99,990.78,0.0213,1543313720,0.96,5.87
2688,44.53,1,0.99,990.79,0.029,1543313720,0.96,5.98
2689,44.51,2,0.99,990.77,0.023,1543313720,0.96,5.64
2690,44.49,3,0.99,990.77,0.019,1543313720,0.96,5.68
2691,45.34,4,0.99,990.79,0.0297,1543313720,0.93,6.13
2692,44.59,5,0.99,990.79,0.0347,1543313720,0.95,6.1
2693,44.62,6,0.99,990.79,0.035,1543313720,0.95,6.15
2694,44.57,7,0.99,990.79,0.0367,1543313720,0.95,6.06
2695,44.55,8,0.99,990.77,0.0173,1543313720,0.96,5.79
2696,45.36,9,0.99,990.79,0.026,1543313720,0.93,6.13
2697,44.58,10,0.99,990.79,0.0243,1543313720,0.96,6.03
2698,44.53,11,0.99,990.79,0.0337,1543313720,0.96,6.02
2699,43.79,2,0.99,1006.08,0.1622,1543279521,0.91,9.59
2700,45.06,4,0.97,1005.86,0.2082,1543279521,0.87,11.44
2701,43.79,5,0.98,1006.14,0.2122,1543279521,0.91,9.79
2702,43.82,6,0.98,1006.15,0.2149,1543279521,0.91,9.81
2709,34.43,0,1.0,1003.71,0.005,1545047101,0.92,9.17
2711,35.21,4,1.0,1003.69,0.014,1545047101,0.9,9.39
2712,34.25,5,1.0,1003.7,0.012,1545047101,0.93,9.32
2713,34.27,6,1.0,1003.7,0.014,1545047101,0.93,9.35
2714,34.23,7,1.0,1003.71,0.01,1545047101,0.93,9.26
2715,34.2,8,1.0,1003.71,0.004,1545047101,0.93,9.14
2716,35.15,9,1.0,1003.69,0.014,1545047101,0.9,9.41
2942,34.98,0,1.0,1004.07,0.002,1545043501,0.92,9.88
2943,34.78,1,1.0,1003.93,0.003,1545043501,0.93,10.01
2944,34.88,2,1.0,1003.96,0.003,1545043501,0.92,9.72
2945,34.82,3,1.0,1004.08,0.002,1545043501,0.92,9.72
2946,35.75,4,1.0,1003.91,0.003,1545043501,0.89,10.17
2947,34.87,5,1.0,1004.06,0.003,1545043501,0.92,10.03
2948,34.89,6,1.0,1004.05,0.003,1545043501,0.92,10.06
2949,34.71,7,1.0,1003.93,0.003,1545043501,0.93,10.04
2950,34.68,8,1.0,1003.93,0.002,1545043501,0.93,9.92
2951,35.69,9,1.0,1003.91,0.003,1545043501,0.9,10.19
2952,34.7,10,1.0,1004.05,0.003,1545043501,0.93,10.04
2953,34.75,11,1.0,1004.06,0.003,1545043501,0.93,9.95
2991,43.53,0,1.0,1014.17,0.0071,1543762374,0.95,6.59
2992,43.45,1,1.0,1014.17,0.0081,1543762374,0.95,6.67
2993,43.23,2,1.0,1014.19,0.0051,1543762374,0.96,6.42
2994,43.6,3,1.0,1014.18,0.0052,1543762374,0.94,6.45
2995,43.91,4,1.0,1014.16,0.0092,1543762374,0.94,6.78
2996,43.63,5,1.0,1014.16,0.009,1543762374,0.94,6.75
2997,43.65,6,1.0,1014.16,0.009,1543762374,0.94,6.78
2998,43.67,7,1.0,1014.17,0.008,1543762374,0.94,6.72
2999,43.66,8,1.0,1014.17,0.0062,1543762374,0.94,6.53
3000,43.94,9,1.0,1014.15,0.0092,1543762374,0.93,6.77
3001,43.68,10,1.0,1014.16,0.0082,1543762374,0.94,6.71
3002,43.63,11,1.0,1014.17,0.0081,1543762374,0.94,6.7
3018,44.25,0,0.99,1001.47,0.2573,1543288520,0.89,12.16
3019,44.22,1,0.99,1001.49,0.2583,1543288520,0.89,12.3
3020,44.22,2,0.99,1001.47,0.274,1543288520,0.89,11.74
3021,44.08,3,0.99,1001.45,0.241,1543288520,0.89,11.85
3022,44.42,4,0.99,1001.48,0.2203,1543288520,0.88,12.58
3023,44.24,5,0.99,1001.5,0.2323,1543288520,0.89,12.49
3024,44.27,6,0.99,1001.5,0.221,1543288520,0.88,12.56
3025,44.18,7,0.99,1001.5,0.242,1543288520,0.89,12.4
3026,44.08,8,0.99,1001.45,0.229,1543288520,0.89,12.05
3027,44.39,9,0.99,1001.47,0.2197,1543288520,0.88,12.59
3028,44.12,10,0.99,1001.47,0.235,1543288520,0.89,12.44
3029,44.13,11,0.99,1001.5,0.253,1543288520,0.89,12.35
3078,44.08,0,0.99,1005.41,0.1183,1543281320,0.9,11.02
3079,44.09,1,0.99,1005.44,0.114,1543281320,0.9,11.07
3080,44.06,2,0.99,1005.38,0.1017,1543281320,0.9,10.91
3081,43.86,3,0.99,1005.36,0.11,1543281320,0.91,10.92
3082,44.83,4,0.99,1005.45,0.128,1543281320,0.88,11.14
3083,44.11,5,0.98,1005.47,0.1117,1543281320,0.9,11.14
3084,44.16,6,0.98,1005.47,0.1107,1543281320,0.9,11.16
3085,44.06,7,0.98,1005.47,0.104,1543281320,0.9,11.12
3086,43.88,8,0.99,1005.37,0.1183,1543281320,0.91,10.97
3087,44.8,9,0.99,1005.44,0.1347,1543281320,0.88,11.14
3088,43.98,10,0.99,1005.43,0.129,1543281320,0.9,11.1
3089,44.0,11,0.99,1005.46,0.1087,1543281320,0.9,11.1
3090,38.02,0,1.0,1020.06,0.0182,1543737174,0.86,1.87
3091,38.03,1,1.0,1020.07,0.0183,1543737174,0.86,1.91
3092,37.94,2,1.0,1020.06,0.0142,1543737174,0.86,1.74
3093,37.82,3,1.0,1020.06,0.0164,1543737174,0.86,1.79
3094,38.03,4,1.0,1020.06,0.021,1543737174,0.86,2.01
3095,38.05,5,1.0,1020.07,0.0193,1543737174,0.86,1.96
3096,38.09,6,1.0,1020.07,0.0201,1543737174,0.86,1.98
3097,38.0,7,1.0,1020.07,0.0183,1543737174,0.86,1.93
3098,37.88,8,1.0,1020.05,0.0193,1543737174,0.86,1.85
3099,38.01,9,1.0,1020.06,0.0209,1543737174,0.86,2.02
3100,37.94,10,1.0,1020.06,0.0201,1543737174,0.86,1.96
3101,37.94,11,1.0,1020.07,0.0183,1543737174,0.86,1.92
3102,43.82,0,0.97,1005.89,0.2154,1543279347,0.91,10.94
3103,43.79,1,0.97,1005.92,0.2274,1543279347,0.91,11.08
3104,43.88,2,0.98,1005.88,0.2072,1543279347,0.91,10.66
3105,43.71,3,0.98,1005.87,0.1525,1543279347,0.92,10.7
3106,45.03,4,0.97,1005.92,0.2215,1543279347,0.87,11.26
3107,43.76,5,0.97,1005.93,0.2318,1543279347,0.92,11.23
3108,43.79,6,0.97,1005.94,0.1391,1543279347,0.92,11.28
3109,43.73,7,0.97,1005.94,0.2364,1543279347,0.92,11.18
3110,43.68,8,0.98,1005.87,0.2046,1543279347,0.92,10.82
3111,45.0,9,0.97,1005.91,0.2204,1543279347,0.87,11.25
3112,43.67,10,0.97,1005.9,0.2217,1543279347,0.92,11.14
3113,43.69,11,0.97,1005.93,0.234,1543279347,0.92,11.14
3128,43.05,7,0.9,1014.56,0.004,1543242909,0.91,3.81
3295,42.2,1,0.89,1012.46,0.0591,1545000302,0.77,11.1
3296,41.94,3,0.87,1012.44,0.1072,1545000302,0.78,10.92
3297,43.08,4,0.89,1012.5,0.0514,1545000302,0.75,11.15
3298,42.01,7,0.89,1012.52,0.0471,1545000302,0.78,11.0
3299,41.86,8,0.9,1012.43,0.1011,1545000302,0.78,11.04
3300,42.9,9,0.89,1012.69,0.0594,1545000302,0.73,11.34
3301,41.97,11,0.89,1012.51,0.0521,1545000302,0.78,10.98
3338,44.77,0,1.0,999.76,0.0143,1543292120,0.9,15.08
3339,44.75,1,1.0,999.77,0.0143,1543292120,0.9,15.2
3340,44.78,2,1.0,999.79,0.0127,1543292120,0.9,14.81
3341,44.63,3,1.0,999.76,0.0133,1543292120,0.9,14.86
3342,44.93,4,1.0,999.75,0.0167,1543292120,0.89,15.37
3343,44.76,5,1.0,999.77,0.0153,1543292120,0.89,15.33
3344,44.79,6,1.0,999.77,0.022,1543292120,0.89,15.38
3345,44.73,7,1.0,999.78,0.021,1543292120,0.9,15.28
3346,44.61,8,1.0,999.75,0.0143,1543292120,0.9,14.98
3347,44.89,9,1.0,999.74,0.0173,1543292120,0.89,15.37
3348,44.63,10,1.0,999.75,0.016,1543292120,0.9,15.27
3349,44.67,11,1.0,999.78,0.0143,1543292120,0.9,15.24
3364,44.56,0,1.0,1008.38,0.0345,1543273934,0.87,9.47
3365,44.51,1,1.0,1008.4,0.035,1543273934,0.88,9.49
3366,44.52,2,1.0,1008.36,0.0428,1543273934,0.88,9.41
3367,44.51,3,1.0,1008.36,0.036,1543273934,0.88,9.42
3368,45.14,4,1.0,1008.41,0.0282,1543273934,0.85,9.52
3369,44.55,5,1.0,1008.42,0.033,1543273934,0.87,9.51
3370,44.57,6,1.0,1008.42,0.0328,1543273934,0.87,9.51
3371,44.54,7,1.0,1008.42,0.0358,1543273934,0.87,9.49
3372,44.51,8,1.0,1008.37,0.032,1543273934,0.88,9.45
3373,45.14,9,1.0,1008.41,0.0262,1543273934,0.86,9.53
3374,44.51,11,1.0,1008.41,0.036,1543273934,0.88,9.49
3377,44.95,0,0.99,990.87,0.0087,1543315520,0.97,6.14
3378,44.95,1,0.99,990.88,0.008,1543315520,0.97,6.27
3379,44.88,2,0.99,990.86,0.01,1543315520,0.97,5.85
3380,44.83,3,0.99,990.86,0.0123,1543315520,0.97,5.92
3381,46.08,4,0.99,990.88,0.008,1543315520,0.93,6.47
3382,45.03,5,0.99,990.88,0.005,1543315520,0.97,6.43
3383,45.06,6,0.99,990.89,0.0063,1543315520,0.97,6.49
3384,45.0,7,0.99,990.88,0.007,1543315520,0.97,6.37
3385,44.66,8,1.0,990.31,0.0087,1543315520,0.95,4.6
3386,46.1,9,0.99,990.88,0.0087,1543315520,0.93,6.46
3387,44.97,10,0.99,990.88,0.008,1543315520,0.97,6.35
3388,44.94,11,0.99,990.88,0.0073,1543315520,0.97,6.32
3552,34.89,0,0.82,1001.77,0.0191,1545111901,0.65,11.71
3553,34.86,1,0.83,1001.67,0.0401,1545111901,0.65,12.25
3554,34.96,2,0.91,1002.05,0.0152,1545111901,0.65,11.94
3555,34.84,3,0.83,1001.72,0.0081,1545111901,0.65,11.87
3556,34.8,5,0.81,1001.73,0.031,1545111901,0.65,11.96
3557,34.9,6,0.83,1001.64,0.028,1545111901,0.64,12.44
3558,34.82,7,0.83,1001.66,0.032,1545111901,0.65,12.36
3559,34.77,10,0.83,1001.67,0.0272,1545111901,0.65,12.28
3563,41.69,0,1.0,1011.51,0.055,1545007501,0.84,10.77
3564,41.72,5,1.0,1011.53,0.047,1545007501,0.84,10.87
3565,41.77,6,1.0,1011.53,0.045,1545007501,0.83,10.9
3566,41.64,7,1.0,1011.54,0.048,1545007501,0.84,10.81
3567,41.4,10,1.0,1011.46,0.05,1545007501,0.85,10.95
3568,39.25,7,1.0,1010.09,0.006,1545014702,0.93,10.47
3569,39.2,11,1.0,1010.08,0.006,1545014702,0.94,10.45
3570,43.84,0,0.99,1002.56,0.147,1543286720,0.89,11.3
3571,43.79,1,0.99,1002.58,0.115,1543286720,0.89,11.42
3572,43.8,2,0.99,1002.57,0.1597,1543286720,0.89,10.97
3573,43.74,3,0.99,1002.55,0.179,1543286720,0.9,11.06
3574,43.85,4,0.99,1002.57,0.1207,1543286720,0.89,11.64
3575,43.82,5,0.99,1002.59,0.0997,1543286720,0.89,11.57
3576,43.85,6,0.99,1002.59,0.0973,1543286720,0.89,11.63
3577,43.79,7,0.99,1002.59,0.0947,1543286720,0.89,11.5
3578,43.75,8,0.99,1002.55,0.181,1543286720,0.9,11.22
3579,43.84,9,0.99,1002.57,0.134,1543286720,0.89,11.65
3580,43.74,11,0.99,1002.59,0.1033,1543286720,0.9,11.47
3581,35.29,4,0.9,1001.97,0.0322,1545111902,0.64,12.45
3582,34.82,8,0.83,1001.71,0.0051,1545111902,0.65,11.97
3583,35.28,9,0.81,1001.73,0.0273,1545111902,0.64,11.96
3584,34.72,11,0.81,1001.74,0.0371,1545111902,0.65,11.88
3717,44.18,0,1.0,1004.18,0.6364,1543283122,0.91,12.39
3718,44.27,1,1.0,1004.45,0.693,1543283122,0.9,13.31
3719,44.24,2,1.0,1004.39,0.552,1543283122,0.9,13.03
3720,44.04,3,1.0,1004.15,0.5337,1543283122,0.91,12.34
3721,44.32,4,1.0,1004.2,0.7753,1543283122,0.9,12.47
3722,44.26,5,1.0,1004.48,0.7625,1543283122,0.9,13.4
3723,44.21,6,1.0,1004.23,0.7807,1543283122,0.91,12.47
3724,44.19,7,1.0,1004.48,0.7247,1543283122,0.9,13.36
3725,44.05,8,1.0,1004.15,0.5659,1543283122,0.91,12.38
3726,44.31,9,1.0,1004.19,0.7505,1543283122,0.9,12.48
3727,44.09,10,1.0,1004.19,0.7222,1543283122,0.91,12.45
3728,44.09,11,1.0,1004.22,0.7103,1543283122,0.91,12.42
3748,43.98,0,1.0,1006.36,0.0358,1543277533,0.9,9.53
3749,43.93,1,1.0,1006.37,0.037,1543277533,0.9,9.66
3750,43.98,2,1.0,1006.35,0.0318,1543277533,0.9,9.31
3751,43.9,3,1.0,1006.34,0.0393,1543277533,0.9,9.31
3752,44.78,4,1.0,1006.37,0.0587,1543277533,0.88,9.79
3753,43.95,5,1.0,1006.38,0.054,1543277533,0.9,9.79
3754,43.98,6,1.0,1006.38,0.055,1543277533,0.9,9.83
3755,43.94,7,1.0,1006.38,0.0502,1543277533,0.9,9.75
3756,43.89,8,1.0,1006.34,0.0348,1543277533,0.9,9.41
3757,44.77,9,1.0,1006.37,0.0583,1543277533,0.88,9.78
3758,43.9,10,1.0,1006.36,0.0555,1543277533,0.91,9.69
3759,43.9,11,1.0,1006.38,0.038,1543277533,0.9,9.71
3775,38.29,2,1.0,1020.7,0.0029,1543733574,0.83,2.62
3789,46.17,4,1.0,1010.16,0.0002,1543769574,0.95,7.16
3790,46.37,5,1.0,1010.17,0.0003,1543769574,0.94,7.13
3791,46.4,6,1.0,1010.17,0.0021,1543769574,0.94,7.17
3792,46.33,7,1.0,1010.17,0.0003,1543769574,0.94,7.1
3886,44.31,0,1.0,994.57,0.014,1543308320,0.93,11.08
3887,44.29,1,1.0,994.59,0.011,1543308320,0.93,11.19
3888,44.3,2,1.0,994.58,0.0203,1543308320,0.93,10.94
3889,44.18,3,1.0,994.56,0.0187,1543308320,0.94,10.92
3890,43.68,4,1.0,993.89,0.0093,1543308320,0.93,8.8
3891,44.28,5,1.0,994.6,0.009,1543308320,0.93,11.29
3892,44.31,6,1.0,994.6,0.008,1543308320,0.93,11.33
3893,44.23,7,1.0,994.6,0.0097,1543308320,0.93,11.28
3894,44.18,8,1.0,994.56,0.017,1543308320,0.94,10.97
3895,43.69,9,1.0,993.88,0.0093,1543308320,0.93,8.78
3896,44.2,10,1.0,994.57,0.011,1543308320,0.94,11.19
3897,44.2,11,1.0,994.6,0.0107,1543308320,0.93,11.24
4038,48.26,0,0.99,1006.03,0.004,1543776774,0.94,4.04
4039,48.2,1,0.99,1006.02,0.0039,1543776774,0.94,4.08
4040,48.14,2,0.99,1006.05,0.0059,1543776774,0.94,3.93
4041,48.35,3,0.99,1006.04,0.0059,1543776774,0.93,3.95
4042,48.56,4,0.99,1006.01,0.003,1543776774,0.93,4.14
4043,48.31,5,0.99,1006.02,0.003,1543776774,0.94,4.13
4044,48.33,6,0.99,1006.01,0.003,1543776774,0.94,4.14
4045,48.34,7,0.99,1006.02,0.003,1543776774,0.94,4.11
4046,48.46,8,0.99,1006.04,0.0049,1543776774,0.93,4.0
4047,48.86,9,0.99,1005.88,0.003,1543776774,0.93,3.95
4048,48.45,10,0.99,1006.02,0.003,1543776774,0.93,4.11
4049,48.64,11,0.99,1005.89,0.003,1543776774,0.94,3.93
4050,42.69,0,1.0,1016.13,0.002,1544985901,0.75,9.84
4051,42.58,1,1.0,1016.14,0.003,1544985901,0.75,9.85
4054,43.29,4,1.0,1016.14,0.003,1544985901,0.73,9.95
4055,42.7,5,1.0,1016.15,0.004,1544985901,0.75,9.89
4056,42.68,6,1.0,1016.15,0.004,1544985901,0.75,9.91
4057,42.82,7,1.0,1016.15,0.005,1544985901,0.75,9.85
4059,43.36,9,1.0,1016.14,0.002,1544985901,0.73,9.97
4060,42.88,10,1.0,1016.13,0.002,1544985901,0.75,9.92
4061,42.8,11,1.0,1016.15,0.004,1544985901,0.75,9.85
4112,39.37,0,1.0,1010.05,0.006,1545014701,0.93,10.38
4113,39.76,1,1.0,1009.79,0.006,1545014701,0.92,10.28
4114,39.37,2,1.0,1010.07,0.007,1545014701,0.93,10.11
4115,39.48,3,1.0,1009.76,0.007,1545014701,0.93,10.11
4116,40.65,4,1.0,1009.77,0.006,1545014701,0.89,10.43
4117,39.35,5,1.0,1010.08,0.006,1545014701,0.93,10.53
4118,39.44,6,1.0,1010.07,0.006,1545014701,0.93,10.36
4119,39.48,8,1.0,1009.74,0.007,1545014701,0.93,10.23
4120,40.27,9,1.0,1010.04,0.006,1545014701,0.9,10.66
4121,39.17,10,1.0,1010.04,0.006,1545014701,0.94,10.56
4177,42.85,2,0.63,991.54,0.0023,1543351520,0.71,8.22
4178,42.74,3,0.63,991.55,0.0027,1543351520,0.71,8.24
4183,42.73,8,0.63,991.56,0.003,1543351520,0.71,8.28
4208,43.94,0,1.0,997.46,0.0127,1543299320,0.91,11.28
4209,43.89,1,1.0,997.48,0.0127,1543299320,0.91,11.37
4210,43.99,2,1.0,997.45,0.0127,1543299320,0.91,11.25
4211,43.84,3,1.0,997.44,0.0127,1543299320,0.91,11.19
4212,44.15,4,1.0,997.48,0.0127,1543299320,0.9,11.37
4213,43.83,5,1.0,997.49,0.013,1543299320,0.91,11.44
4214,43.86,6,1.0,997.49,0.013,1543299320,0.91,11.46
4215,43.79,7,1.0,997.49,0.013,1543299320,0.91,11.45
4216,43.83,8,1.0,997.44,0.0127,1543299320,0.92,11.19
4217,44.14,9,1.0,997.47,0.012,1543299320,0.9,11.34
4218,43.77,10,1.0,997.47,0.0127,1543299320,0.92,11.32
4219,43.75,11,1.0,997.49,0.013,1543299320,0.91,11.42
4232,43.95,10,0.98,1005.98,0.1884,1543280329,0.9,9.95
4235,44.57,0,1.0,992.96,0.0057,1543311920,0.96,9.44
4236,44.56,1,1.0,992.97,0.006,1543311920,0.96,9.57
4237,44.56,2,1.0,992.96,0.0087,1543311920,0.96,9.25
4238,44.42,3,1.0,992.95,0.0073,1543311920,0.97,9.25
4239,44.74,4,1.0,991.41,0.005,1543311920,0.92,6.65
4240,44.58,5,1.0,992.97,0.006,1543311920,0.96,9.7
4241,44.61,6,1.0,992.97,0.0067,1543311920,0.96,9.74
4242,44.54,7,1.0,992.98,0.006,1543311920,0.96,9.68
4243,44.45,8,1.0,992.94,0.0057,1543311920,0.97,9.32
4244,45.56,9,1.0,992.96,0.0047,1543311920,0.93,9.66
4245,44.5,10,1.0,992.96,0.005,1543311920,0.97,9.58
4246,44.24,11,1.0,991.41,0.006,1543311920,0.94,6.59
4272,49.95,0,0.42,1000.87,0.004,1543873974,0.52,7.55
4273,49.92,1,0.41,1000.86,0.004,1543873974,0.52,7.55
4274,49.93,2,0.43,1000.87,0.004,1543873974,0.52,7.46
4275,49.83,3,0.43,1000.88,0.003,1543873974,0.53,7.51
4276,50.43,4,0.4,1000.86,0.004,1543873974,0.52,7.63
4277,49.94,5,0.4,1000.85,0.0039,1543873974,0.52,7.58
4278,49.97,6,0.4,1000.85,0.0031,1543873974,0.52,7.6
4279,49.9,7,0.4,1000.85,0.004,1543873974,0.52,7.56
4280,49.84,8,0.42,1000.88,0.004,1543873974,0.53,7.56
4281,50.41,9,0.4,1000.86,0.003,1543873974,0.52,7.65
4282,49.85,10,0.41,1000.86,0.0039,1543873974,0.53,7.61
4283,49.85,11,0.4,1000.85,0.004,1543873974,0.53,7.55
4297,44.55,2,0.97,1008.09,0.0395,1543271719,0.88,9.04
4298,44.72,6,0.97,1008.15,0.0938,1543271719,0.87,9.28
4445,39.16,0,1.0,1008.35,0.002,1545018301,0.92,11.42
4446,39.19,1,1.0,1008.37,0.002,1545018301,0.91,11.45
4447,39.17,2,1.0,1008.36,0.002,1545018301,0.91,11.19
4449,39.94,4,0.99,1008.36,0.003,1545018301,0.89,11.62
4450,39.12,5,0.99,1008.38,0.003,1545018301,0.92,11.52
4451,39.17,6,0.99,1008.38,0.003,1545018301,0.92,11.55
4452,39.01,7,0.99,1008.38,0.003,1545018301,0.92,11.46
4453,38.84,8,1.0,1008.33,0.002,1545018301,0.93,11.41
4454,39.88,9,0.99,1008.35,0.002,1545018301,0.89,11.65
4455,38.9,10,0.99,1008.35,0.002,1545018301,0.93,11.56
4456,38.95,11,1.0,1008.38,0.003,1545018301,0.92,11.45
4457,44.57,0,0.97,1007.93,0.0092,1543272145,0.88,9.6
4458,44.48,2,0.97,1007.91,0.0082,1543272145,0.88,9.47
4459,44.61,5,0.97,1007.97,0.0179,1543272145,0.87,9.65
4460,44.65,6,0.97,1007.98,0.0195,1543272145,0.87,9.67
4461,44.56,7,0.97,1007.97,0.0205,1543272145,0.88,9.61
4462,45.49,9,0.97,1007.96,0.0092,1543272145,0.84,9.74
4463,44.51,10,0.97,1007.95,0.0092,1543272145,0.88,9.69
4533,44.94,0,1.0,1000.73,0.13,1543290320,0.89,15.43
4534,44.22,1,1.0,1000.8,0.145,1543290320,0.9,13.62
4535,44.25,2,1.0,1000.82,0.1307,1543290320,0.9,13.28
4536,44.71,3,1.0,1000.72,0.1257,1543290320,0.89,15.15
4537,45.38,4,1.0,1000.74,0.1493,1543290320,0.87,15.81
4538,44.94,5,1.0,1000.76,0.163,1543290320,0.89,15.75
4539,44.98,6,1.0,1000.77,0.1677,1543290320,0.89,15.82
4540,44.25,7,1.0,1000.81,0.1617,1543290320,0.9,13.7
4541,44.18,8,1.0,1000.78,0.1207,1543290320,0.91,13.43
4542,45.33,9,1.0,1000.73,0.1407,1543290320,0.88,15.81
4543,44.77,10,1.0,1000.73,0.137,1543290320,0.89,15.68
4544,44.2,11,1.0,1000.81,0.1553,1543290320,0.9,13.67
4596,44.07,7,0.99,1005.4,0.2946,1543281442,0.9,11.26
4610,38.41,1,0.51,997.9,0.0006,1543457238,0.7,10.35
4614,38.4,5,0.51,997.89,0.002,1543457238,0.7,10.42
4615,38.43,6,0.51,997.88,0.0006,1543457238,0.7,10.44
4616,38.35,7,0.5,997.89,0.002,1543457238,0.7,10.38
4620,38.31,11,0.51,997.89,0.002,1543457238,0.7,10.37
4752,41.13,3,0.98,991.73,0.0021,1543429927,0.64,10.2
4770,43.78,1,0.97,1005.89,0.2187,1543279417,0.91,11.15
4771,43.88,2,0.98,1005.85,0.1887,1543279417,0.91,10.73
4772,43.7,3,0.98,1005.84,0.1791,1543279417,0.92,10.77
4773,45.04,4,0.97,1005.89,0.2202,1543279417,0.87,11.33
4774,43.76,5,0.97,1005.91,0.2259,1543279417,0.92,11.3
4775,43.78,6,0.97,1005.91,0.2262,1543279417,0.92,11.35
4776,43.72,7,0.97,1005.91,0.2277,1543279417,0.92,11.25
4777,43.67,8,0.98,1005.84,0.1881,1543279417,0.92,10.9
4778,45.01,9,0.97,1005.89,0.2195,1543279417,0.87,11.32
4779,43.68,11,0.97,1005.9,0.2247,1543279417,0.92,11.21
4780,43.46,0,1.0,999.83,0.0937,1543293920,0.9,12.35
4781,43.42,1,1.0,999.83,0.0813,1543293920,0.9,12.42
4782,43.46,2,1.0,999.85,0.1223,1543293920,0.9,12.18
4783,43.35,3,1.0,999.84,0.119,1543293920,0.9,12.22
4784,45.4,4,1.0,998.94,0.0667,1543293920,0.88,17.16
4785,43.41,5,1.0,999.82,0.07,1543293920,0.9,12.51
4786,43.44,6,1.0,999.82,0.0673,1543293920,0.9,12.54
4787,44.94,7,1.0,998.97,0.074,1543293920,0.89,17.01
4788,44.75,8,1.0,998.92,0.1053,1543293920,0.9,16.71
4789,43.45,9,1.0,999.81,0.0667,1543293920,0.9,12.54
4790,43.33,10,1.0,999.82,0.0743,1543293920,0.9,12.47
4791,44.88,11,1.0,998.97,0.0777,1543293920,0.9,16.97
4845,41.37,0,0.91,991.52,0.002,1543424783,0.63,9.31
4846,41.35,2,0.91,991.53,0.002,1543424783,0.63,9.28
4848,41.38,5,0.91,991.51,0.002,1543424783,0.63,9.34
4849,41.39,6,0.91,991.51,0.0008,1543424783,0.63,9.34
4850,41.42,7,0.91,991.51,0.002,1543424783,0.63,9.33
4851,41.52,8,0.91,991.53,0.002,1543424783,0.62,9.3
4852,41.47,10,0.91,991.52,0.002,1543424783,0.63,9.34
4853,41.39,11,0.91,991.51,0.002,1543424783,0.63,9.33
4884,44.57,1,0.97,1007.95,0.0134,1543272144,0.88,9.61
4885,44.42,3,0.97,1007.91,0.0062,1543272144,0.88,9.53
4886,45.52,4,0.97,1007.96,0.0118,1543272144,0.84,9.72
4887,44.44,8,0.97,1007.91,0.0056,1543272144,0.88,9.61
4888,44.52,11,0.97,1007.96,0.017,1543272144,0.88,9.61
4915,44.02,0,0.98,1005.96,0.1784,1543280328,0.9,9.89
4916,44.02,1,0.98,1005.98,0.1602,1543280328,0.9,9.94
4917,43.99,2,0.98,1005.93,0.1662,1543280328,0.9,9.82
4918,43.85,3,0.98,1005.92,0.167,1543280328,0.91,9.82
4919,44.6,4,0.98,1005.99,0.196,1543280328,0.88,9.98
4920,44.05,5,0.98,1006.01,0.1588,1543280328,0.9,9.99
4921,44.09,6,0.98,1006.01,0.161,1543280328,0.9,10.0
4922,44.02,7,0.98,1006.01,0.1378,1543280328,0.9,9.98
4923,43.87,8,0.98,1005.93,0.1624,1543280328,0.91,9.85
4924,44.58,9,0.98,1005.98,0.2002,1543280328,0.88,9.97
4925,43.96,11,0.98,1006.0,0.1468,1543280328,0.9,9.96
4926,40.98,10,0.11,1006.2,0.003,1543499575,0.59,10.52
5057,34.29,1,1.0,1003.71,0.007,1545047102,0.93,9.23
5058,34.57,2,1.0,1003.72,0.0029,1545047102,0.92,8.93
5059,34.1,10,1.0,1003.7,0.01,1545047102,0.94,9.32
5060,34.18,11,1.0,1003.71,0.009,1545047102,0.93,9.24
5137,44.02,0,0.98,1005.95,0.1731,1543280353,0.9,9.91
5138,43.99,2,0.98,1005.92,0.1675,1543280353,0.9,9.84
5139,43.84,3,0.98,1005.91,0.1495,1543280353,0.91,9.84
5140,44.6,4,0.98,1005.99,0.1935,1543280353,0.88,10.0
5141,44.05,5,0.98,1006.0,0.1736,1543280353,0.9,10.01
5142,44.09,6,0.98,1006.01,0.1774,1543280353,0.9,10.02
5143,44.02,7,0.98,1006.0,0.1554,1543280353,0.9,9.99
5144,44.58,9,0.98,1005.98,0.1898,1543280353,0.88,9.99
5145,43.95,10,0.98,1005.97,0.1813,1543280353,0.9,9.96
5146,43.96,11,0.98,1005.99,0.1631,1543280353,0.9,9.98
5192,44.0,0,1.0,998.83,0.041,1543295720,0.9,13.61
5193,43.97,1,1.0,998.84,0.0753,1543295720,0.9,13.69
5194,44.03,2,1.0,998.85,0.0527,1543295720,0.89,13.43
5195,43.83,3,1.0,998.84,0.0317,1543295720,0.9,13.47
5196,44.12,4,1.0,998.82,0.0677,1543295720,0.89,13.81
5197,43.93,5,1.0,998.84,0.113,1543295720,0.9,13.78
5198,43.96,6,1.0,998.83,0.1223,1543295720,0.9,13.81
5199,43.86,7,1.0,998.84,0.1277,1543295720,0.9,13.75
5200,43.81,8,1.0,998.82,0.0237,1543295720,0.9,13.55
5201,44.09,9,1.0,998.81,0.049,1543295720,0.89,13.8
5202,43.8,10,1.0,998.82,0.047,1543295720,0.9,13.73
5203,43.81,11,1.0,998.84,0.104,1543295720,0.9,13.72
5218,41.36,0,1.0,1016.48,0.0278,1543755174,0.92,8.44
5219,41.32,1,1.0,1016.49,0.0299,1543755174,0.93,8.51
5220,41.21,2,1.0,1016.48,0.0392,1543755174,0.93,8.29
5221,41.32,3,1.0,1016.48,0.0313,1543755174,0.92,8.33
5222,41.45,4,1.0,1016.48,0.0283,1543755174,0.92,8.61
5223,41.45,5,1.0,1016.49,0.0311,1543755174,0.92,8.59
5224,41.48,6,1.0,1016.49,0.0313,1543755174,0.92,8.62
5225,41.46,7,1.0,1016.49,0.032,1543755174,0.92,8.56
5226,41.38,8,1.0,1016.48,0.0257,1543755174,0.92,8.39
5227,41.46,9,1.0,1016.48,0.0273,1543755174,0.92,8.61
5228,41.44,10,1.0,1016.48,0.0262,1543755174,0.92,8.55
5229,41.41,11,1.0,1016.49,0.031,1543755174,0.92,8.53
5234,42.98,1,0.9,1014.56,0.003,1543242908,0.91,3.75
5235,42.71,2,0.9,1014.55,0.0017,1543242908,0.91,3.56
5237,43.03,4,0.9,1014.56,0.0039,1543242908,0.91,3.8
5238,43.12,5,0.9,1014.56,0.0031,1543242908,0.91,3.82
5239,43.17,6,0.9,1014.56,0.004,1543242908,0.9,3.85
5241,43.02,9,0.9,1014.56,0.003,1543242908,0.91,3.79
5242,43.03,10,0.9,1014.56,0.003,1543242908,0.91,3.75
5243,42.98,11,0.9,1014.56,0.003,1543242908,0.91,3.79
5264,44.7,0,1.0,1009.11,0.003,1543272310,0.87,8.33
5265,44.65,1,1.0,1009.12,0.003,1543272310,0.87,8.32
5266,44.66,2,1.0,1009.09,0.003,1543272310,0.87,8.32
5267,44.68,3,1.0,1009.08,0.003,1543272310,0.87,8.33
5268,45.02,4,1.0,1009.13,0.003,1543272310,0.86,8.33
5269,44.69,5,1.0,1009.14,0.0038,1543272310,0.87,8.32
5270,44.71,6,1.0,1009.14,0.0038,1543272310,0.87,8.32
5271,44.69,7,1.0,1009.14,0.0038,1543272310,0.87,8.31
5272,44.69,8,1.0,1009.09,0.003,1543272310,0.87,8.33
5273,45.03,9,1.0,1009.13,0.003,1543272310,0.86,8.34
5274,44.68,10,1.0,1009.12,0.003,1543272310,0.87,8.33
5275,44.66,11,1.0,1009.13,0.0038,1543272310,0.87,8.32
5361,38.38,0,1.0,1005.21,0.002,1545032702,0.91,10.65
5374,43.8,0,0.99,1006.1,0.1816,1543279522,0.91,9.68
5375,43.76,1,0.98,1006.12,0.2002,1543279522,0.91,9.73
5376,43.69,3,0.99,1006.07,0.1561,1543279522,0.91,9.6
5377,43.77,7,0.98,1006.14,0.212,1543279522,0.91,9.77
5378,43.7,8,0.99,1006.07,0.1637,1543279522,0.92,9.64
5379,44.22,9,0.98,1006.12,0.206,1543279522,0.9,9.79
5380,43.72,10,0.98,1006.11,0.1986,1543279522,0.91,9.75
5381,43.72,11,0.98,1006.13,0.2072,1543279522,0.91,9.76
5425,44.09,0,0.99,1005.34,0.19,1543281441,0.9,11.16
5426,44.1,1,0.99,1005.37,0.2398,1543281441,0.9,11.22
5427,44.07,2,0.99,1005.31,0.1655,1543281441,0.9,11.04
5428,43.86,3,0.99,1005.29,0.1556,1543281441,0.91,11.06
5429,44.85,4,0.99,1005.38,0.2733,1543281441,0.87,11.29
5430,44.12,5,0.99,1005.4,0.2997,1543281441,0.9,11.28
5431,44.16,6,0.99,1005.41,0.313,1543281441,0.9,11.3
5432,43.88,8,0.99,1005.3,0.1672,1543281441,0.91,11.11
5433,44.82,9,0.99,1005.37,0.2591,1543281441,0.88,11.29
5434,43.98,10,0.99,1005.36,0.2353,1543281441,0.9,11.24
5435,44.01,11,0.99,1005.39,0.2724,1543281441,0.9,11.24
5455,38.57,0,1.0,1019.05,0.0041,1543744374,0.91,2.96
5456,38.56,1,1.0,1019.06,0.005,1543744374,0.91,3.0
5457,38.47,2,1.0,1019.04,0.0058,1543744374,0.91,2.86
5458,38.4,3,1.0,1019.03,0.0049,1543744374,0.91,2.89
5459,38.6,4,1.0,1019.06,0.0051,1543744374,0.91,3.07
5460,38.59,5,1.0,1019.06,0.0051,1543744374,0.91,3.05
5461,38.64,6,1.0,1019.07,0.0051,1543744374,0.91,3.07
5462,38.54,7,1.0,1019.06,0.0051,1543744374,0.91,3.03
5463,38.45,8,1.0,1019.04,0.0049,1543744374,0.91,2.94
5464,38.57,9,1.0,1019.05,0.005,1543744374,0.91,3.08
5465,38.5,10,1.0,1019.05,0.0041,1543744374,0.91,3.03
5466,38.49,11,1.0,1019.06,0.005,1543744374,0.91,3.01
5467,38.28,2,1.0,1005.26,0.003,1545032701,0.91,10.45
5468,38.06,3,1.0,1005.24,0.003,1545032701,0.92,10.51
5472,38.29,7,1.0,1005.2,0.002,1545032701,0.92,10.75
5473,38.12,8,1.0,1005.21,0.003,1545032701,0.92,10.6
5539,44.56,1,0.91,1009.02,0.0032,1543268109,0.86,9.42
5540,44.52,2,0.91,1008.99,0.0052,1543268109,0.86,9.3
5542,44.6,6,0.92,1009.04,0.003,1543268109,0.86,9.46
5543,44.39,10,0.91,1009.02,0.003,1543268109,0.86,9.48
5544,42.63,5,0.91,1014.85,0.003,1543241108,0.9,2.23
5545,42.67,6,0.91,1014.85,0.003,1543241108,0.9,2.23
5546,42.26,9,0.91,1014.84,0.0021,1543241108,0.92,2.24
5583,44.58,0,0.97,1007.95,0.011,1543272100,0.88,9.56
5584,44.58,1,0.97,1007.97,0.017,1543272100,0.88,9.57
5585,44.49,2,0.97,1007.93,0.0103,1543272100,0.88,9.42
5586,44.43,3,0.97,1007.92,0.0077,1543272100,0.88,9.49
5587,45.52,4,0.97,1007.98,0.0137,1543272100,0.84,9.68
5588,44.62,5,0.97,1007.99,0.0227,1543272100,0.87,9.61
5589,44.66,6,0.97,1008.0,0.024,1543272100,0.87,9.63
5590,44.57,7,0.97,1007.99,0.0253,1543272100,0.88,9.57
5591,44.44,8,0.97,1007.93,0.0067,1543272100,0.88,9.56
5592,45.49,9,0.97,1007.97,0.011,1543272100,0.84,9.7
5593,44.52,10,0.97,1007.97,0.011,1543272100,0.88,9.65
5594,44.53,11,0.97,1007.98,0.0217,1543272100,0.88,9.57
5623,44.32,0,1.0,1003.12,0.1144,1543284922,0.9,13.64
5624,44.11,3,1.0,1003.08,0.117,1543284922,0.91,13.58
5625,44.25,7,1.0,1003.18,0.1408,1543284922,0.91,13.66
5630,42.68,0,1.0,1015.04,0.024,1543758774,0.93,7.68
5631,42.63,1,1.0,1015.04,0.0241,1543758774,0.93,7.66
5632,42.57,2,1.0,1015.03,0.0249,1543758774,0.93,7.71
5633,42.72,3,1.0,1015.03,0.0249,1543758774,0.93,7.7
5634,42.86,4,1.0,1015.05,0.025,1543758774,0.92,7.64
5635,42.71,5,1.0,1015.05,0.025,1543758774,0.93,7.65
5636,42.73,6,1.0,1015.05,0.025,1543758774,0.93,7.64
5637,42.74,7,1.0,1015.05,0.025,1543758774,0.93,7.66
5638,42.78,8,1.0,1015.03,0.025,1543758774,0.92,7.68
5639,42.9,9,1.0,1015.05,0.025,1543758774,0.92,7.64
5640,42.77,10,1.0,1015.04,0.0241,1543758774,0.93,7.65
5641,42.7,11,1.0,1015.05,0.0241,1543758774,0.93,7.66
5705,42.24,0,0.89,1012.49,0.0801,1545000301,0.77,10.94
5706,42.11,5,0.89,1012.47,0.0431,1545000301,0.77,11.18
5707,42.13,6,0.89,1012.51,0.0391,1545000301,0.77,11.09
5708,41.89,10,0.89,1012.49,0.0622,1545000301,0.78,11.09
5709,39.01,0,0.99,1018.26,0.033,1543747974,0.92,5.22
5710,38.99,1,0.99,1018.26,0.0343,1543747974,0.92,5.25
5711,38.93,2,0.99,1018.25,0.0457,1543747974,0.92,5.12
5712,38.86,3,0.99,1018.25,0.04,1543747974,0.93,5.16
5713,41.34,4,0.99,1018.26,0.034,1543747974,0.84,5.31
5714,39.04,5,0.99,1018.27,0.0371,1543747974,0.92,5.29
5715,39.08,6,0.99,1018.27,0.037,1543747974,0.92,5.3
5716,39.0,7,0.99,1018.27,0.0373,1543747974,0.92,5.26
5717,38.89,8,0.99,1018.25,0.0336,1543747974,0.93,5.21
5718,41.34,9,0.99,1018.26,0.0329,1543747974,0.84,5.32
5719,38.95,10,0.99,1018.26,0.0331,1543747974,0.93,5.28
5720,38.95,11,0.99,1018.27,0.0354,1543747974,0.92,5.25
5767,44.04,11,1.0,998.21,0.0089,1543297499,0.9,14.69
5769,42.32,1,0.9,1018.8,0.0109,1544978702,0.74,9.6
5770,42.32,2,0.92,1018.89,0.0259,1544978702,0.73,9.23
5771,42.19,3,0.91,1018.76,0.0209,1544978702,0.75,9.48
5772,42.63,4,0.9,1018.8,0.007,1544978702,0.73,9.7
5773,42.35,7,0.91,1018.92,0.01,1544978702,0.73,9.44
5774,42.38,8,0.93,1018.89,0.014,1544978702,0.73,9.36
5775,42.28,11,0.89,1018.8,0.01,1544978702,0.74,9.61
5851,38.42,0,0.5,997.95,0.002,1543457359,0.7,10.33
5852,38.38,1,0.49,997.93,0.002,1543457359,0.7,10.38
5855,38.71,4,0.5,997.92,0.002,1543457359,0.69,10.5
5856,38.37,5,0.49,997.92,0.002,1543457359,0.7,10.45
5857,38.4,6,0.49,997.91,0.002,1543457359,0.7,10.48
5858,38.32,7,0.49,997.92,0.002,1543457359,0.7,10.41
5860,38.65,9,0.5,997.93,0.002,1543457359,0.7,10.51
5861,38.22,10,0.5,997.93,0.002,1543457359,0.71,10.44
5862,38.27,11,0.49,997.92,0.002,1543457359,0.7,10.4
5947,39.16,2,1.0,1019.5,0.03,1543740781,0.86,3.89
5948,41.35,2,0.96,991.49,0.003,1543428127,0.63,9.47
5949,41.37,3,0.96,991.49,0.003,1543428127,0.63,9.48
5950,41.48,9,0.95,991.47,0.0029,1543428127,0.62,9.53
5999,42.4,2,0.87,1012.42,0.0994,1545000304,0.77,10.94
6008,44.02,1,0.98,1005.98,0.1722,1543280352,0.9,9.96
6009,43.87,8,0.98,1005.92,0.141,1543280352,0.91,9.87
6114,41.08,2,1.0,988.91,0.0033,1543331720,0.88,11.92
6115,41.17,3,1.0,988.93,0.003,1543331720,0.88,11.93
6120,41.21,8,1.0,988.93,0.0023,1543331720,0.88,11.96
6251,39.5,0,1.0,1018.07,0.0301,1543751574,0.92,5.38
6252,39.47,1,1.0,1018.08,0.0291,1543751574,0.92,5.4
6253,39.43,2,1.0,1018.07,0.0269,1543751574,0.92,5.3
6254,39.38,3,1.0,1018.06,0.0299,1543751574,0.92,5.33
6255,39.63,4,1.0,1018.08,0.0345,1543751574,0.91,5.46
6256,39.53,5,1.0,1018.09,0.0292,1543751574,0.92,5.43
6257,39.57,6,1.0,1018.09,0.0302,1543751574,0.92,5.44
6258,39.51,7,1.0,1018.09,0.028,1543751574,0.92,5.41
6259,39.41,8,1.0,1018.06,0.0331,1543751574,0.92,5.37
6260,39.62,9,1.0,1018.08,0.0376,1543751574,0.92,5.47
6261,39.47,10,1.0,1018.08,0.0333,1543751574,0.92,5.43
6262,39.46,11,1.0,1018.09,0.0281,1543751574,0.92,5.41
