ID,B,CHAS,ZN,AGE,LSTAT,INDUS,MEDV
392,0.3546680595168504,-0.2832205920185104,-0.4929278074702274,0.9448795154265154,0.30953866042392647,1.5366517971163152,18.4
18,0.4247536626375442,3.530816713830763,-0.4929278074702274,0.7980253348632986,1.1988764572014992,-0.747987192223098,21.7
254,0.44251581548950597,-0.2832205920185104,-0.4929278074702274,0.8911523761960704,1.3952776502690187,0.9847855275435698,12.8
112,-2.6289456159295983,-0.2832205920185104,-0.4929278074702274,0.9162250411702776,1.449218823012915,0.9847855275435698,13.4
275,0.24114008255340588,-0.2832205920185104,0.5750912540870603,0.873243329785922,0.22793534781136543,-0.9037911258491765,16.0
77,0.39843143612198556,-0.2832205920185104,3.5655446264474664,-1.2830058579959396,-1.242307386208167,-1.2605384505070198,48.5
193,-3.722174023691625,-0.2832205920185104,-0.4929278074702274,0.9448795154265154,1.604126806277438,0.9847855275435698,8.3
313,0.4123415558253295,-0.2832205920185104,-0.4929278074702274,1.0523337938874056,0.24868195271286406,1.5366517971163152,17.1
146,-0.5492757193589064,-0.2832205920185104,-0.4929278074702274,1.0487519846053754,0.9015084536133525,0.9847855275435698,13.0
188,0.38398631181466736,-0.2832205920185104,-0.4929278074702274,0.6941528656844385,0.25698059467346357,0.9847855275435698,17.7
350,0.2203819039191852,-0.2832205920185104,0.44692896670018584,0.3646264117377087,-0.3654175523714938,-0.7974949842164313,20.5
156,0.44251581548950597,-0.2832205920185104,-0.4929278074702274,1.10964274239988,1.6276396251658027,0.9847855275435698,12.3
12,0.29624555676280667,-0.2832205920185104,-0.4929278074702274,-0.8603523627164386,-0.5327734985769158,0.21741475164690252,21.4
210,0.0843837335888011,-0.2832205920185104,-0.4929278074702274,1.0165157010671089,-1.1344250407203746,1.2002900338674911,41.3
63,0.44251581548950597,-0.2832205920185104,-0.4929278074702274,0.5186442108649845,0.07717668552714244,2.3884770417074916,20.1
355,0.15800036709572818,-0.2832205920185104,-0.4929278074702274,1.00218846393899,1.7452037196076282,2.0841497321014133,17.3
64,0.3606601110813677,3.530816713830763,1.215902691021433,-0.7170799914352517,-0.9324914196791217,-0.7174088501095686,33.2
70,0.3052336341095824,-0.2832205920185104,0.3614874417756028,0.5580441129673106,0.2763440925815287,-1.0727000632381962,30.7
150,0.44251581548950597,-0.2832205920185104,-0.4929278074702274,0.38253545814785705,0.21272117088359987,-0.2398042685268233,16.8
6,0.23557603467206856,-0.2832205920185104,-0.4929278074702274,-0.2729356404635727,-0.1911460711989058,-0.7829338689242745,20.0
53,0.3997154471715251,-0.2832205920185104,3.7791484387589236,-1.0215337804077738,-1.222943888300102,-1.4585696184803532,31.6
31,0.44251581548950597,-0.2832205920185104,2.9247331895130935,-1.6340231676348473,-1.119210863792609,-0.9300011333750589,27.9
256,0.44251581548950597,-0.2832205920185104,-0.4929278074702274,0.7872799070172096,-0.9891988064098846,0.08636471401749063,23.9
36,0.35520306412082525,-0.2832205920185104,-0.4929278074702274,0.5437168758391923,-0.32392434256849684,-0.19320869959192127,18.5
104,0.29774356965393584,-0.2832205920185104,-0.4929278074702274,-2.2357671270158317,-0.9656859875215195,-0.6446032736487842,25.3
93,0.44251581548950597,-0.2832205920185104,-0.4929278074702274,0.42193536025018324,-0.7181098356969697,-0.747987192223098,30.1
284,0.3868753366761309,3.530816713830763,-0.4929278074702274,0.6977346749664679,-0.42627426008255626,-0.747987192223098,26.7
114,0.13585117649117315,-0.2832205920185104,2.497525564890178,-1.7522228739418264,-1.0818669749699115,-1.3246073577925102,22.5
113,0.3999294490131154,-0.2832205920185104,-0.4929278074702274,-1.028697398971833,-0.32807366354879647,0.9847855275435698,21.8
21,0.44251581548950597,-0.2832205920185104,-0.4929278074702274,-0.38038991892446283,-1.0721852260158788,-1.292572904149765,37.2
0,0.3461079858532541,-0.2832205920185104,0.3614874417756028,0.8087707627093875,-0.6489544860253078,-1.0727000632381962,36.5
259,0.44251581548950597,3.530816713830763,-0.4929278074702274,0.8875705669140403,0.7092565815261328,0.3717625737437654,21.5
347,0.4283916939445723,-0.2832205920185104,0.5750912540870603,-0.9176613112289134,-0.4553195069446544,-0.9037911258491765,25.0
388,0.44251581548950597,-0.2832205920185104,-0.4929278074702274,-1.2794240487139101,0.18782524500180162,-0.6446032736487842,20.0
61,0.44251581548950597,-0.2832205920185104,-0.4929278074702274,-0.2586084033354541,-0.6268247741303761,-0.46550155555525463,20.4
41,-0.2262399394789456,-0.2832205920185104,-0.4929278074702274,-0.745734465691489,0.1850590310149352,0.9847855275435698,19.9
141,0.44251581548950597,-0.2832205920185104,-0.4929278074702274,0.8445888555296842,0.3289021583319919,0.9847855275435698,13.8
189,0.3789572685373043,-0.2832205920185104,-0.4929278074702274,-1.2865876672779692,-1.032075123206315,-1.0610511710044708,29.4
273,0.44251581548950597,3.530816713830763,1.215902691021433,-1.2937512858420286,-1.281034382024298,-0.7174088501095686,32.4
54,0.44251581548950597,-0.2832205920185104,-0.4929278074702274,-0.39471715605258145,0.4215703268920189,0.3761309083314124,20.3
218,0.4289266985485472,-0.2832205920185104,0.5750912540870603,0.049427194919097854,-0.7706679014474328,-0.9431061371380001,23.9
237,0.39843143612198556,-0.2832205920185104,-0.4929278074702274,0.575953159377459,-0.4290404740694229,0.3717625737437654,28.7
73,0.4233626506672099,-0.2832205920185104,-0.4929278074702274,0.815934381273447,-0.15933461034994126,1.2002900338674911,22.7
268,0.38206029524035817,-0.2832205920185104,0.7886950663985178,-0.5272440994876794,-0.1952953921792054,-0.9329133564334903,22.0
94,0.3220327786743898,-0.2832205920185104,-0.4929278074702274,-0.7349890378454,-0.3128594866210309,-1.0115433790111374,17.5
367,0.384735318260232,-0.2832205920185104,-0.4929278074702274,-0.13682688774644508,0.1131374673564066,-0.19320869959192127,19.3
385,0.39918044256755075,-0.2832205920185104,-0.4929278074702274,-0.6454438057946583,-0.7471550825590678,0.3761309083314124,27.1
224,0.264145280524321,-0.2832205920185104,-0.4929278074702274,0.6547529635821118,-0.11230897257321115,-0.46550155555525463,21.0
126,0.44251581548950597,-0.2832205920185104,-0.4929278074702274,0.5508804944032517,0.2638961296406296,0.9847855275435698,20.0
35,0.44251581548950597,-0.2832205920185104,0.5750912540870603,-0.7815525585117857,-0.494046502760785,-0.9037911258491765,19.6
306,0.34664299045722896,-0.2832205920185104,-0.4929278074702274,0.9090614226062187,0.0011058008883144525,-0.46550155555525463,18.4
302,-0.8916786659027536,-0.2832205920185104,-0.4929278074702274,0.5258078294290439,0.47551149963591527,0.9847855275435698,14.9
301,0.44251581548950597,-0.2832205920185104,0.3614874417756028,-1.3188239508162363,-1.0984642588911104,-1.1658912011080003,35.1
389,0.43277873169716563,-0.2832205920185104,-0.4929278074702274,-0.8567705534344088,0.009404442848913707,-0.9969822637189805,22.5
39,-0.07932767522747597,-0.2832205920185104,-0.4929278074702274,1.0129338917850788,-0.10539343760604511,1.2002900338674911,19.1
131,0.44251581548950597,-0.2832205920185104,0.27604591685101976,-0.13682688774644508,-1.080483867976478,-1.3144145770880002,24.0
48,-0.1491992765065795,-0.2832205920185104,-0.4929278074702274,1.10964274239988,0.06749493657310972,1.2002900338674911,19.6
270,0.4169425954195125,-0.2832205920185104,-0.4929278074702274,0.48640792732671717,-0.3446709474699952,-0.19320869959192127,19.2
122,-0.03171226547372234,-0.2832205920185104,-0.4929278074702274,0.9448795154265154,0.7396849353816639,0.9847855275435698,13.8
395,0.4047444904488881,-0.2832205920185104,2.070317940267263,-2.117567420708853,-1.073568333009312,-1.2241356622766277,31.1
263,0.3912623744287242,-0.2832205920185104,-0.4929278074702274,0.9663703711186932,0.6082897710055063,1.5366517971163152,16.2
183,0.44251581548950597,3.530816713830763,-0.4929278074702274,1.10964274239988,1.4243228971311168,-0.10875423089741142,20.0
103,0.41918961475620686,-0.2832205920185104,3.3519408141360088,-1.7271502089676187,-0.6835321608611388,-1.218311216159765,32.2
143,0.44251581548950597,-0.2832205920185104,-0.4929278074702274,0.9663703711186932,0.9651313753112817,0.9847855275435698,8.3
76,-3.692213765869038,-0.2832205920185104,-0.4929278074702274,0.6762438192742901,0.8600152438103558,0.9847855275435698,12.7
212,0.38420031365625706,-0.2832205920185104,-0.4929278074702274,0.8374252369656252,1.2887784117746595,0.9847855275435698,10.5
170,0.43042471143967637,-0.2832205920185104,-0.4929278074702274,0.16046328266201743,0.3192204093779592,-0.2398042685268233,17.5
300,0.4087035245183014,3.530816713830763,-0.4929278074702274,0.8374252369656252,-0.31700880760133054,0.3717625737437654,23.0
371,0.44251581548950597,-0.2832205920185104,-0.4929278074702274,1.10964274239988,2.9900000136975424,1.5366517971163152,14.4
233,0.44251581548950597,-0.2832205920185104,-0.4929278074702274,0.9448795154265154,0.5944587010711737,-0.19320869959192127,18.7
247,0.3521000374177714,3.530816713830763,-0.4929278074702274,0.8911523761960704,-1.3100796288863958,1.2002900338674911,50.0
151,0.4015344628250394,-0.2832205920185104,-0.4929278074702274,0.210608612610433,-0.6987463377889044,0.9847855275435698,23.7
28,0.2968875622875764,-0.2832205920185104,0.3614874417756028,1.10964274239988,-0.6918308028217383,-1.0727000632381962,36.0
324,0.3925463854782637,-0.2832205920185104,0.3614874417756028,-1.1397334867147526,-1.1344250407203746,-1.1658912011080003,35.4
258,0.44251581548950597,-0.2832205920185104,-0.4929278074702274,-0.5308259087697088,-1.032075123206315,-1.3333440269678043,36.2
381,0.3670801663290651,-0.2832205920185104,1.215902691021433,-1.2364423373295539,-0.9546211315740536,-1.468762399184863,26.6
117,0.37457023078471163,-0.2832205920185104,3.5655446264474664,-1.3295693786623253,-1.3709363365974585,-1.2605384505070198,50.0
116,0.34396796743735514,-0.2832205920185104,-0.4929278074702274,0.579534968659489,0.17952660304120213,-0.4043448713281958,20.4
176,-0.1491992765065795,-0.2832205920185104,2.9247331895130935,-1.343896615790444,0.019086191802946417,-1.394500711194863,20.1
290,0.44251581548950597,-0.2832205920185104,-0.4929278074702274,1.10964274239988,1.4948613537962123,0.9847855275435698,11.3
191,0.43438374550908965,-0.2832205920185104,-0.4929278074702274,-1.1361516774327232,-0.592247099294545,-0.8950544566738824,20.6
349,-0.2728923409455443,-0.2832205920185104,-0.4929278074702274,0.9377158968624559,-0.20359403413980492,1.2002900338674911,22.3
118,-2.3981446297748863,-0.2832205920185104,-0.4929278074702274,1.10964274239988,0.07441047154027601,0.9847855275435698,23.1
323,0.4277496884198026,3.530816713830763,3.3519408141360088,-1.583877837686432,-1.3322093407813276,-1.4745868453017257,50.0
174,-0.07076760156387966,-0.2832205920185104,-0.4929278074702274,-2.1211492299908823,2.3178100148889893,-0.10875423089741142,23.7
303,0.4087035245183014,-0.2832205920185104,-0.4929278074702274,1.10964274239988,1.2431358809913629,0.9847855275435698,10.2
299,-2.7276004649025443,-0.2832205920185104,-0.4929278074702274,0.9305522782983965,0.3289021583319919,0.9847855275435698,11.7
238,0.44251581548950597,-0.2832205920185104,0.40420820423789433,-1.7056593532754407,-0.603311955242011,-0.8295294378591765,23.4
222,0.44251581548950597,-0.2832205920185104,-0.4929278074702274,-0.985715687587477,-0.5562863174652809,-0.7829338689242745,21.0
344,0.44251581548950597,-0.2832205920185104,-0.4929278074702274,0.9735339896827526,1.5073093167371114,0.9847855275435698,13.1
167,0.2203819039191852,-0.2832205920185104,-0.4929278074702274,0.2822447982510264,-1.0431399791537808,-0.747987192223098,31.7
13,0.3655821534379353,-0.2832205920185104,1.4295065033328904,-1.3689692807646519,-1.120593970786042,-1.1498739742866277,30.5
102,-2.862635626945774,3.530816713830763,-0.4929278074702274,0.48640792732671717,0.3081555534304933,1.2002900338674911,15.6
125,0.44251581548950597,-0.2832205920185104,-0.4929278074702274,1.10964274239988,2.4616531422060457,0.9847855275435698,5.0
129,0.44251581548950597,-0.2832205920185104,0.9168573537853923,0.1031543341495429,-0.8744009259549257,-1.3333440269678043,33.4
266,-0.13122312181302806,3.530816713830763,-0.4929278074702274,0.6798256285563196,-0.09294547466514598,1.2002900338674911,15.3
364,0.33615690021932343,-0.2832205920185104,-0.4929278074702274,-0.8316978884602013,-0.34882026845029507,0.21741475164690252,20.8
354,-3.5405934611025915,-0.2832205920185104,-0.4929278074702274,-0.3338263982580769,0.40082372199052024,0.9847855275435698,10.2
171,0.3974684278348313,-0.2832205920185104,-0.4929278074702274,0.7514618141969129,-0.06390022780304785,-0.4043448713281958,20.1
276,0.4247536626375442,-0.2832205920185104,-0.4929278074702274,1.0057702732210194,-0.07219886976364735,-0.4043448713281958,19.8
293,-2.934112242036802,-0.2832205920185104,-0.4929278074702274,0.9054796133241887,0.9540665193638159,0.9847855275435698,14.1
107,0.31957175749610633,-0.2832205920185104,-0.4929278074702274,-2.368294070450929,-1.0998473658845436,-0.6446032736487842,26.6
44,0.03452130449835308,-0.2832205920185104,-0.4929278074702274,0.9305522782983965,0.768730182243762,-0.46550155555525463,13.1
377,0.39960844625073016,-0.2832205920185104,2.9247331895130935,-1.3259875693802956,-0.8605698560205933,-1.1207517437023138,21.9
249,0.3920113808742888,-0.2832205920185104,-0.4929278074702274,-0.10459060420817837,-0.5507538894915478,-1.1542423088742746,22.6
220,0.44251581548950597,-0.2832205920185104,-0.4929278074702274,1.00218846393899,1.7825476084303258,0.9847855275435698,9.7
115,0.265322290653065,-0.2832205920185104,-0.4929278074702274,-1.7056593532754407,-1.2492229211753334,-0.747987192223098,31.5
372,0.44251581548950597,-0.2832205920185104,-0.4929278074702274,0.6189348707618151,-1.00856230431795,-1.1542423088742746,23.6
23,0.44251581548950597,-0.2832205920185104,-0.4929278074702274,-0.2442811662073352,-0.4622350419118207,-1.292572904149765,36.2
42,0.44251581548950597,-0.2832205920185104,-0.4929278074702274,0.9412977061444854,2.492081496061577,-0.6446032736487842,14.4
69,-3.765295394771991,-0.2832205920185104,-0.4929278074702274,0.05659081348315679,0.6041404500252064,0.9847855275435698,11.7
334,-3.154641139795199,-0.2832205920185104,-0.4929278074702274,0.9520431339905743,1.5612504894810073,0.9847855275435698,9.5
356,-1.0014616106383745,-0.2832205920185104,-0.4929278074702274,1.055915603169435,0.4146547919248526,1.2002900338674911,19.4
22,0.4018554655874246,-0.2832205920185104,-0.4929278074702274,1.070242840297554,0.9858779802127805,0.9847855275435698,8.5
380,0.4233626506672099,-0.2832205920185104,0.5750912540870603,-0.10100879492614839,0.04951454565847776,-0.9037911258491765,18.7
253,0.406456505181607,-0.2832205920185104,-0.4929278074702274,-1.1504789145608418,-1.2755019540505648,-1.2299601083934903,43.8
26,-3.704625872681253,-0.2832205920185104,-0.4929278074702274,1.10964274239988,1.889046846924685,0.9847855275435698,8.7
243,0.339901932447147,-0.2832205920185104,0.3614874417756028,-0.16189955272065287,-1.2492229211753334,-1.1658912011080003,45.4
226,0.4257166709246985,-0.2832205920185104,-0.4929278074702274,0.7765344791711207,0.010787549842346917,0.9847855275435698,19.6
211,0.44251581548950597,-0.2832205920185104,-0.4929278074702274,-1.3582238529185626,-0.9020630658235905,0.3761309083314124,28.6
231,0.44251581548950597,-0.2832205920185104,0.7032535414739348,0.2965720353791448,-0.30456084466043143,0.5392153996035692,20.6
232,0.3755332390718659,-0.2832205920185104,0.5750912540870603,-0.7994616049219341,-0.730557798637869,-0.9431061371380001,22.9
391,0.2034757584335829,-0.2832205920185104,-0.4929278074702274,0.6798256285563196,-0.6918308028217383,0.9847855275435698,25.0
261,0.2269089600876774,-0.2832205920185104,-0.4929278074702274,-0.269353831181543,-0.26445074185086737,-0.747987192223098,24.0
197,0.44251581548950597,-0.2832205920185104,1.7499122218000769,-1.3510602343545035,-0.7817327573948988,-0.8761250067940785,23.2
1,0.44251581548950597,-0.2832205920185104,-0.4929278074702274,-0.9069158833828241,-0.00027730610511900227,-0.576166031775647,22.2
47,0.3334818771994496,-0.2832205920185104,0.04108172330841648,0.6046076336336967,0.5958418080646072,-0.5048165668440783,18.9
204,-0.12298405091181631,-0.2832205920185104,-0.4929278074702274,1.0487519846053754,1.5460363125532417,2.3884770417074916,7.0
386,0.43737977129134864,-0.2832205920185104,-0.4929278074702274,0.3108992725072637,-0.17869810825800667,-0.20922592641329377,16.2
65,0.37842226393333006,-0.2832205920185104,-0.4929278074702274,-2.192785415631476,-1.0057960903310834,-0.07671977725466621,22.8
365,0.37596124275504594,-0.2832205920185104,0.5750912540870603,-1.4262782292771263,-0.8204597532110294,-0.9037911258491765,23.3
161,0.4095595318846608,-0.2832205920185104,-0.4929278074702274,0.7478800049148835,-0.3460540544634287,0.9847855275435698,20.2
108,0.44251581548950597,-0.2832205920185104,-0.4929278074702274,-0.9463157854851506,0.11037125336954019,-0.2398042685268233,24.5
333,0.4032464775577589,-0.2832205920185104,-0.4929278074702274,-0.01146356287540664,-0.435956009036589,-1.0610511710044708,22.6
387,-3.7328741157711205,-0.2832205920185104,-0.4929278074702274,0.8983159947601292,0.8185220340073585,0.9847855275435698,14.9
215,-2.732308505417522,-0.2832205920185104,-0.4929278074702274,0.6762438192742901,0.4741283926424818,0.9847855275435698,14.3
320,0.44251581548950597,-0.2832205920185104,-0.4929278074702274,0.9663703711186932,0.9098070955739522,0.9847855275435698,12.5
242,-3.80092670139671,-0.2832205920185104,-0.4929278074702274,0.8445888555296842,0.6428674458413373,0.9847855275435698,13.4
50,0.3787432666957146,3.530816713830763,-0.4929278074702274,-0.5451531458978277,0.4478493597672506,-0.10875423089741142,22.4
307,0.39361639468621284,-0.2832205920185104,2.070317940267263,-1.809531822454301,-0.6918308028217383,-1.404693491899373,18.6
262,0.16249440576911636,-0.2832205920185104,-0.4929278074702274,-0.9713884504593584,0.07579357853370922,0.9847855275435698,20.6
155,0.44251581548950597,-0.2832205920185104,-0.4929278074702274,0.27508117968696694,-0.5134100006688505,0.08636471401749063,20.6
348,0.27013733208883833,-0.2832205920185104,-0.4929278074702274,0.9735339896827526,-0.359885124397761,0.9847855275435698,20.8
195,-1.2346166170505755,-0.2832205920185104,-0.4929278074702274,0.8589160926578031,-0.41244319014822395,1.2002900338674911,25.0
221,0.3254568081398282,-0.2832205920185104,-0.4929278074702274,1.0093520825030493,0.9305537004754507,0.9847855275435698,17.1
147,0.2266949582460877,-0.2832205920185104,-0.4929278074702274,1.10964274239988,0.03430036873071196,-0.46550155555525463,14.5
252,0.44251581548950597,-0.2832205920185104,-0.4929278074702274,-0.12966326918238566,0.05919629461251046,0.9847855275435698,21.4
382,0.44251581548950597,-0.2832205920185104,-0.4929278074702274,-1.0358610175358922,-0.922809670725089,-0.576166031775647,25.0
46,-0.4016144486618722,-0.2832205920185104,-0.4929278074702274,0.9806976082468121,0.6912761906115004,0.9847855275435698,14.9
3,0.44251581548950597,-0.2832205920185104,-0.4929278074702274,0.6977346749664679,0.2625130226471964,-1.0610511710044708,23.1
37,0.43641676300419374,-0.2832205920185104,0.7032535414739348,-1.4370236571232156,-0.9103617077841899,0.5392153996035692,25.0
43,-0.9927945360539834,-0.2832205920185104,-0.4929278074702274,1.0523337938874056,0.6248870549267048,1.5366517971163152,15.6
332,0.40560049781524754,-0.2832205920185104,-0.4929278074702274,0.7263891492227051,-0.8730178189614924,0.08636471401749063,22.0
203,0.37403522618073676,-0.2832205920185104,0.04108172330841648,-1.0752609196382188,0.4035899359773869,-0.5048165668440783,21.7
346,-3.5127732216959036,-0.2832205920185104,-0.4929278074702274,1.10964274239988,2.248654665217327,0.9847855275435698,7.2
142,0.29720856504996096,-0.2832205920185104,-0.4929278074702274,0.6798256285563196,0.04398211768474467,0.9847855275435698,21.4
169,-0.6768208169464891,-0.2832205920185104,-0.4929278074702274,0.9162250411702776,0.2265522408179322,1.2002900338674911,17.4
343,0.25537120501913496,-0.2832205920185104,0.7886950663985178,-1.809531822454301,-0.8896151028826913,-0.9329133564334903,23.7
214,0.21374784682989809,-0.2832205920185104,-0.4929278074702274,1.10964274239988,-1.3183782708469953,0.9847855275435698,50.0
390,0.38184629339876847,-0.2832205920185104,-0.4929278074702274,0.7944435255812691,0.38146022408245506,-0.4043448713281958,19.4
375,0.3778872593293552,-0.2832205920185104,2.497525564890178,-0.7743889399477265,-0.9297252056922553,-1.3246073577925102,24.8
154,0.4335277381427302,-0.2832205920185104,-0.4929278074702274,-1.1612243424069308,-0.510643786681984,0.21741475164690252,20.3
199,0.40538649597365783,-0.2832205920185104,-0.4929278074702274,-1.3904601364568296,-0.36818376635836025,-0.7829338689242745,24.7
308,0.36258612765567694,-0.2832205920185104,-0.4929278074702274,0.13180880840578016,0.7286200794341977,-0.10875423089741142,22.5
59,0.18410859176969652,-0.2832205920185104,0.7886950663985178,-0.5773894294360946,-0.21742510407413726,-0.9329133564334903,22.2
84,0.44251581548950597,-0.2832205920185104,-0.4929278074702274,0.05659081348315679,0.18090971003463532,-0.2398042685268233,18.3
397,0.4039954840033235,-0.2832205920185104,-0.4929278074702274,0.12464518984172072,-0.1040103306126119,-0.19320869959192127,21.2
359,0.31486371698112847,-0.2832205920185104,-0.4929278074702274,1.10964274239988,1.4091087202033514,0.9847855275435698,5.0
86,0.44251581548950597,-0.2832205920185104,-0.4929278074702274,-0.25144478477139465,0.4713621786556154,-0.6446032736487842,19.4
401,0.44251581548950597,-0.2832205920185104,-0.4929278074702274,1.10964274239988,1.0412022599501098,0.9847855275435698,7.2
328,0.4222926414592601,-0.2832205920185104,0.7032535414739348,-0.5523167644618868,-0.6406558440647083,0.5392153996035692,22.9
196,0.32684782011016256,-0.2832205920185104,0.44692896670018584,-2.228603508451773,-1.281034382024298,-0.7974949842164313,29.6
241,-1.9541978093966292,-0.2832205920185104,-0.4929278074702274,1.10964274239988,2.0757662910381725,1.2002900338674911,13.8
97,0.44251581548950597,-0.2832205920185104,2.9247331895130935,-1.3582238529185626,-0.3529695894305947,-1.1600667549911374,19.4
335,0.44251581548950597,-0.2832205920185104,-0.4929278074702274,-1.2615150023037618,-0.35711891041089433,-0.6446032736487842,19.3
291,0.35937610003182824,-0.2832205920185104,0.44692896670018584,0.04226357635503841,0.7839443591715275,-0.7974949842164313,18.5
10,0.34696399321961413,-0.2832205920185104,1.8567141279558055,-1.4656781313794527,-1.1316588267335081,-1.1003661822932944,31.2
138,0.4127695595085095,-0.2832205920185104,-0.4929278074702274,0.8302616184015659,-1.10261357987141,-1.292572904149765,37.9
29,-3.7773864988218206,-0.2832205920185104,-0.4929278074702274,0.575953159377459,1.4519850369997815,0.9847855275435698,13.4
140,0.1570373588085739,-0.2832205920185104,-0.4929278074702274,1.10964274239988,1.458900571966948,0.9847855275435698,11.9
295,-3.510205199596825,-0.2832205920185104,-0.4929278074702274,0.869661520503892,0.7272369724407648,0.9847855275435698,9.6
400,-0.4228006309792729,-0.2832205920185104,-0.4929278074702274,0.8016071441453285,0.167078640100303,0.9847855275435698,21.9
162,0.4231486488256196,-0.2832205920185104,-0.4929278074702274,0.8481706648117142,0.7286200794341977,2.3884770417074916,15.2
45,0.2920725208518031,-0.2832205920185104,1.4295065033328904,-1.429860038559156,-1.1385743617006745,-1.1498739742866277,29.8
368,0.34963901623948795,-0.2832205920185104,-0.4929278074702274,-0.5666440015900055,-0.18561364322517296,0.9847855275435698,20.6
373,0.44251581548950597,-0.2832205920185104,-0.4929278074702274,-0.15473593415659345,-0.2838142397589328,0.9847855275435698,23.0
286,0.2830844435050273,-0.2832205920185104,-0.4929278074702274,0.5007351644548361,-1.1288926127466417,-0.747987192223098,50.0
198,0.3161477280306673,-0.2832205920185104,-0.4929278074702274,0.815934381273447,0.6193546269529719,0.9847855275435698,16.1
331,0.44251581548950597,-0.2832205920185104,0.5750912540870603,-0.04369984641367387,-0.8384401441256615,-0.9037911258491765,22.2
166,-0.18600759326004304,-0.2832205920185104,-0.4929278074702274,0.3144810817892931,2.375900508613185,0.9847855275435698,6.3
152,0.44251581548950597,-0.2832205920185104,2.9247331895130935,-1.2507695744576726,-1.2049634973854697,-1.4294473878960396,33.3
75,0.4247536626375442,3.530816713830763,-0.4929278074702274,0.7013164842484974,1.5474194195466753,-0.10875423089741142,19.3
158,0.3539190530712858,-0.2832205920185104,-0.4929278074702274,-0.6132075222563914,-0.3059439516538646,0.9847855275435698,21.2
296,0.23739505032558292,3.530816713830763,-0.4929278074702274,1.0165157010671089,0.6649971577362691,0.9847855275435698,17.8
309,0.2550502022567498,-0.2832205920185104,-0.4929278074702274,0.9592067525546337,0.6622309437494022,2.0841497321014133,18.8
312,0.22637395548370254,-0.2832205920185104,2.070317940267263,-1.798786394608212,-1.1634702875824727,-1.2241356622766277,29.1
352,0.23033298955311582,-0.2832205920185104,0.44692896670018584,-2.1533855135291495,-1.2727357400636985,-0.7974949842164313,24.8
260,0.30213060740652853,-0.2832205920185104,0.7886950663985178,-0.9606430226132692,-0.7499212965459342,-0.9329133564334903,23.3
379,0.44251581548950597,-0.2832205920185104,-0.4929278074702274,-0.5272440994876794,-0.8190766462175961,-0.576166031775647,23.1
9,0.44251581548950597,-0.2832205920185104,-0.4929278074702274,1.070242840297554,1.1145069306020716,0.9847855275435698,11.5
185,0.43545375471703945,-0.2832205920185104,-0.4929278074702274,0.27508117968696694,-0.3903134782532921,-0.20922592641329377,20.3
119,0.02606823175555224,-0.2832205920185104,-0.4929278074702274,-0.4018807746166409,-0.8495050000731273,-1.2299601083934903,28.4
106,0.37938527222048435,-0.2832205920185104,-0.4929278074702274,0.7442981956328535,0.16431242611343658,-1.292572904149765,26.4
179,0.44251581548950597,-0.2832205920185104,-0.4929278074702274,0.09599071558548346,0.4354013968263512,-0.20922592641329377,19.8
163,0.17693953007643454,-0.2832205920185104,-0.4929278074702274,0.3896990767119165,-0.8896151028826913,-0.747987192223098,31.6
337,-3.2595020421742515,-0.2832205920185104,-0.4929278074702274,0.6260984893258745,0.7383018283882304,0.9847855275435698,14.1
168,0.42860569578616264,-0.2832205920185104,-0.4929278074702274,0.15688147337998795,-0.899296851836724,-1.0610511710044708,24.6
236,0.4213296331721058,-0.2832205920185104,-0.4929278074702274,-2.2572579827080097,-0.8315246091584952,0.21741475164690252,24.1
342,0.4075265143895568,-0.2832205920185104,-0.4929278074702274,-0.95347940404921,-0.459468827924954,-0.10875423089741142,25.0
310,0.44251581548950597,-0.2832205920185104,0.04108172330841648,-1.290169476559999,-0.5535201034784144,-0.7669166421029019,20.9
265,0.040085352379691006,-0.2832205920185104,-0.4929278074702274,0.9520431339905743,2.0010785133927778,2.0841497321014133,15.7
322,0.40602850149842756,-0.2832205920185104,-0.4929278074702274,-0.5236622902056496,0.028767940756979127,-0.4043448713281958,21.7
25,-0.397120409988484,-0.2832205920185104,-0.4929278074702274,1.0380065567592867,2.335790405803621,2.3884770417074916,8.1
34,0.44251581548950597,-0.2832205920185104,-0.4929278074702274,-0.5988802851282727,-0.7734341154342993,-0.576166031775647,23.8
271,0.4172635981818977,-0.2832205920185104,-0.4929278074702274,1.10964274239988,0.9803455522390472,-0.46550155555525463,14.5
33,0.44251581548950597,-0.2832205920185104,-0.4929278074702274,1.0774064588616128,1.1463183914510358,0.9847855275435698,10.9
326,0.24124708347420074,-0.2832205920185104,-0.4929278074702274,0.8553342833757737,0.7106396885195657,2.0841497321014133,20.5
264,0.44251581548950597,-0.2832205920185104,-0.4929278074702274,1.10964274239988,1.8848975259443856,1.2002900338674911,15.6
109,-2.856001569856487,-0.2832205920185104,-0.4929278074702274,0.8947341854780998,0.46306353669501615,1.2002900338674911,13.1
357,-0.25951722584617526,-0.2832205920185104,-0.4929278074702274,0.9126432318882481,1.1795129592934337,0.9847855275435698,19.1
399,0.1393822068774064,-0.2832205920185104,-0.4929278074702274,-1.3188239508162363,-0.5120268936754172,-1.1789962048709413,19.8
376,0.3807762841908187,-0.2832205920185104,-0.4929278074702274,0.1891177569182547,-0.14550354041560892,-0.576166031775647,18.5
87,0.1846435963736714,-0.2832205920185104,-0.4929278074702274,1.0129338917850788,0.18090971003463532,1.2002900338674911,21.5
132,0.44251581548950597,-0.2832205920185104,2.9247331895130935,-1.4800053685075714,-1.2768850610439981,-0.9300011333750589,37.3
38,0.3102626773869454,-0.2832205920185104,0.3614874417756028,-0.07235432066991113,-0.7402395475919015,-1.0727000632381962,50.0
16,-1.1474108666026892,-0.2832205920185104,-0.4929278074702274,0.9986066546569604,1.0439684739369763,-0.46550155555525463,13.5
52,-1.230764583901957,-0.2832205920185104,-0.4929278074702274,0.987861226810871,1.5211403866714435,0.9847855275435698,10.8
398,0.21931189471123602,-0.2832205920185104,2.9247331895130935,-1.7737137296340044,-0.9988805553639172,-1.3726590382566277,20.6
110,0.3406509388927116,-0.2832205920185104,-0.4929278074702274,0.6260984893258745,-1.3363586617616277,-0.747987192223098,37.6
4,0.44251581548950597,-0.2832205920185104,-0.4929278074702274,-1.4370236571232156,-0.9186603497447893,-0.576166031775647,23.0
133,-0.05450346160304712,-0.2832205920185104,-0.4929278074702274,-1.1182426310225748,-0.021023911006617386,-0.20922592641329377,16.1
71,0.3932953919238283,-0.2832205920185104,-0.4929278074702274,-0.4627715324111451,-0.8661022839943262,-0.9969822637189805,26.6
370,-0.010633084077116455,3.530816713830763,-0.4929278074702274,0.4971533551728066,-1.0376075511800478,0.9847855275435698,21.9
175,-3.6029749979260486,-0.2832205920185104,-0.4929278074702274,0.34671736532756037,0.23900020375883135,0.9847855275435698,10.9
394,0.3732862197351722,-0.2832205920185104,0.9595781162476839,-1.8381862967105385,-1.097081151897677,-0.7640044190444706,33.1
288,-0.11378197172345028,-0.2832205920185104,-0.4929278074702274,0.686989247120379,0.410505470944553,-0.19320869959192127,18.3
297,0.44251581548950597,-0.2832205920185104,-0.4929278074702274,-1.8131136317363308,-0.5825653503405124,0.3761309083314124,23.9
269,0.44251581548950597,-0.2832205920185104,0.5750912540870603,-1.2722604301498506,-1.0376075511800478,-0.9431061371380001,28.0
363,0.33262586983309017,-0.2832205920185104,0.04108172330841648,1.10964274239988,2.370368080639452,-0.5048165668440783,16.5
223,0.3788502676165095,-0.2832205920185104,-0.4929278074702274,0.01719091138083062,-0.209126462113538,-0.46550155555525463,18.2
78,0.44251581548950597,-0.2832205920185104,-0.4929278074702274,1.10964274239988,3.482386103359776,0.9847855275435698,13.8
329,-3.285931269610605,-0.2832205920185104,-0.4929278074702274,0.26791756112290754,1.3759141523609533,0.9847855275435698,8.4
56,0.44251581548950597,-0.2832205920185104,3.5655446264474664,-1.9241497194792507,-1.1385743617006745,-1.4367279455421178,34.9
144,0.23033298955311582,3.530816713830763,0.3614874417756028,-0.6920073264610439,-1.3529559456828264,-1.1658912011080003,46.0
5,0.4047444904488881,-0.2832205920185104,-0.4929278074702274,0.21419042189246248,0.2168704918638995,0.9847855275435698,23.2
316,0.42165063593449037,-0.2832205920185104,-0.4929278074702274,0.8553342833757737,0.47274528564904883,-0.19320869959192127,18.8
325,0.4100945364886357,-0.2832205920185104,1.4295065033328904,-1.0000429247155955,-0.8453556790928277,-1.1498739742866277,32.0
230,0.22894197758278148,-0.2832205920185104,-0.4929278074702274,-1.8453499152745978,-0.4027614411941912,-0.07671977725466621,21.7
139,0.4181196055482571,-0.2832205920185104,0.7886950663985178,-0.14040869702847505,-0.05421847884901514,-0.9329133564334903,20.1
272,-0.2509571521825796,-0.2832205920185104,-0.4929278074702274,1.10964274239988,-0.09156236767171252,0.9847855275435698,27.9
403,-0.5260565195464016,-0.2832205920185104,-0.4929278074702274,0.7084801028125568,0.6207377339464054,-0.46550155555525463,14.8
315,0.42443265987515905,-0.2832205920185104,-0.4929278074702274,-0.06519070210585169,-0.33637230550939595,-0.20922592641329377,23.1
319,0.4351327519546543,-0.2832205920185104,-0.4929278074702274,0.8804069483499809,0.8143727130270586,0.9847855275435698,16.7
327,0.44251581548950597,-0.2832205920185104,-0.4929278074702274,-1.2364423373295539,-0.661402448966207,-0.8950544566738824,21.1
267,0.44251581548950597,-0.2832205920185104,1.8567141279558055,-0.4520261045650562,-0.7762003294211658,-1.1003661822932944,23.9
85,0.31539872158510274,-0.2832205920185104,-0.4929278074702274,0.6941528656844385,0.2791103065683954,2.0841497321014133,21.4
82,0.44251581548950597,-0.2832205920185104,1.7499122218000769,-0.8388615070242604,-0.7181098356969697,-0.8761250067940785,22.3
289,0.40388848308252867,-0.2832205920185104,-0.4929278074702274,-1.4406054664052452,0.6649971577362691,-0.2398042685268233,23.1
298,0.14120122253092077,-0.2832205920185104,-0.4929278074702274,0.07091805061127567,0.7383018283882304,0.9847855275435698,19.1
88,0.18592760742321088,-0.2832205920185104,-0.4929278074702274,1.10964274239988,2.4658024631863458,0.9847855275435698,10.2
361,0.44251581548950597,-0.2832205920185104,2.9247331895130935,-1.8346044874285088,-1.1233601847729087,-1.1600667549911374,23.5
62,0.44251581548950597,-0.2832205920185104,-0.4929278074702274,1.0272611289131977,-0.07358197675708056,1.5366517971163152,19.6
225,0.3301648486548061,-0.2832205920185104,-0.4929278074702274,-0.5487349551798572,-0.06251712080961465,0.21741475164690252,21.2
49,0.3233167897239293,-0.2832205920185104,-0.4929278074702274,1.0344247474772572,-0.23125617400846984,1.5366517971163152,23.0
135,-0.7459434117800285,-0.2832205920185104,-0.4929278074702274,0.7944435255812691,2.4671855701797787,0.9847855275435698,8.8
374,0.44251581548950597,-0.2832205920185104,0.9168573537853923,0.04584538563706788,-0.7277915846510024,-1.3333440269678043,28.2
32,0.37061119671529835,-0.2832205920185104,0.44692896670018584,-1.2221151002014352,-0.5023451447213845,-0.7974949842164313,24.3
8,0.3377619140312481,-0.2832205920185104,-0.4929278074702274,-0.007881753593377174,0.04951454565847776,-1.292572904149765,29.6
314,-0.06488255092015717,-0.2832205920185104,-0.4929278074702274,1.0129338917850788,1.6760483699359663,0.9847855275435698,12.0
393,0.33497989009057944,-0.2832205920185104,-0.4929278074702274,-1.4226964199950969,-0.8591867490271601,-0.46550155555525463,23.1
134,0.21171482933479402,3.530816713830763,-0.4929278074702274,0.9950248453749304,-1.253372242155633,0.9847855275435698,50.0
330,0.4139465696372541,-0.2832205920185104,2.9247331895130935,-1.3259875693802956,-1.3584883736565592,-1.5837952099929022,50.0
351,0.36547515251714047,-0.2832205920185104,0.3614874417756028,0.6404257264539934,-1.0611203700684129,-1.0727000632381962,50.0
217,0.3769242510422003,3.530816713830763,0.3614874417756028,-0.6167893315384211,-0.8591867490271601,-0.6373227160027058,35.2
72,0.3521000374177714,3.530816713830763,-0.4929278074702274,0.26791756112290754,-0.44978707897092157,-0.747987192223098,25.1
164,0.44251581548950597,-0.2832205920185104,0.40420820423789433,-1.7164047811215297,-1.0389906581734811,-0.8295294378591765,25.0
184,0.44251581548950597,-0.2832205920185104,-0.4929278074702274,1.0344247474772572,0.08962464846804157,0.9847855275435698,15.0
14,0.40902452728068595,-0.2832205920185104,3.0315350956688225,-1.0967517753303968,-0.7416226545853348,-1.3551856999060397,24.1
127,0.42518166632072363,-0.2832205920185104,-0.4929278074702274,0.2858266075330559,-0.7997131483095309,0.9847855275435698,25.0
209,0.44251581548950597,-0.2832205920185104,-0.4929278074702274,-0.813788842050053,-0.41382629714165714,-0.8950544566738824,19.5
248,0.44251581548950597,-0.2832205920185104,-0.4929278074702274,1.10964274239988,1.9333062707145487,0.9847855275435698,5.6
149,0.39575641310211174,-0.2832205920185104,-0.4929278074702274,0.7228073399406757,0.14356582121193795,-0.46550155555525463,19.6
281,-0.6847388850853157,-0.2832205920185104,-0.4929278074702274,0.6654983914282007,0.18090971003463532,0.9847855275435698,20.8
96,0.4262516755286734,-0.2832205920185104,3.0315350956688225,-1.9098224823511318,-1.339124875748494,-1.3551856999060397,42.3
145,-3.5735497447074365,-0.2832205920185104,-0.4929278074702274,0.7801162884531503,1.7977617853580912,0.9847855275435698,7.5
136,0.35959010187341794,-0.2832205920185104,-0.4929278074702274,0.024354529944890062,0.21825359885733273,2.0841497321014133,22.0
345,0.3339098808826297,-0.2832205920185104,-0.4929278074702274,0.4541716437884505,0.25974680866032995,-0.46550155555525463,17.5
178,0.24402910741487002,-0.2832205920185104,-0.4929278074702274,-0.032954418567584964,-0.15795150335650804,-0.747987192223098,24.3
130,0.21043081828525453,-0.2832205920185104,-0.4929278074702274,-1.8560953431206868,-0.7540706175262339,-1.1789962048709413,22.6
208,0.16302941037309063,-0.2832205920185104,2.070317940267263,-1.1862970073811385,-1.009945411311383,-1.404693491899373,24.1
128,0.44251581548950597,3.530816713830763,-0.4929278074702274,1.10964274239988,1.9402218056817149,1.2002900338674911,13.4
311,0.20208474646324856,-0.2832205920185104,-0.4929278074702274,0.7801162884531503,-1.5299936408422807,1.2002900338674911,50.0
213,0.3336958790410399,-0.2832205920185104,-0.4929278074702274,1.10964274239988,0.8378855319154239,0.9847855275435698,15.4
244,-2.769330824012575,-0.2832205920185104,-0.4929278074702274,0.325226509635382,1.2071750991620984,0.9847855275435698,11.0
384,0.43021070959808666,-0.2832205920185104,0.9595781162476839,-1.0251155896898034,-0.4553195069446544,-0.7640044190444706,22.0
92,0.38997836337918473,-0.2832205920185104,-0.4929278074702274,0.0028636742527117353,-0.43180668805628936,0.08636471401749063,22.4
366,0.43588175840021887,-0.2832205920185104,0.44692896670018584,-2.006531332965933,-0.9532380245806202,-0.7974949842164313,24.4
66,-3.0467842116338866,-0.2832205920185104,-0.4929278074702274,0.5866985872235484,-0.29902841668669833,-0.4043448713281958,18.6
240,0.4275356865782129,-0.2832205920185104,-0.4929278074702274,0.5401350665571623,-0.5189424286425834,-1.0610511710044708,23.6
246,0.44251581548950597,-0.2832205920185104,-0.4929278074702274,1.0630792217334943,0.7383018283882304,0.9847855275435698,14.1
81,0.22829997205801175,-0.2832205920185104,-0.4929278074702274,0.7622072420430018,0.2791103065683954,-0.46550155555525463,16.6
120,0.44251581548950597,-0.2832205920185104,2.711129377201636,-0.7672253213836671,0.27772719957496217,-1.0683317286505492,18.9
123,-0.026790223117154146,3.530816713830763,-0.4929278074702274,0.7156437213766162,0.2555974876800303,0.9847855275435698,16.8
274,0.44251581548950597,-0.2832205920185104,-0.4929278074702274,0.5365532572751328,0.48381014159651453,0.9847855275435698,19.9
255,0.41918961475620686,-0.2832205920185104,1.8567141279558055,-1.3295693786623253,-0.6309740951106756,-1.3231512462632944,22.0
55,0.42881969762775235,-0.2832205920185104,-0.4929278074702274,-0.4484442952830265,-0.5977795272682779,-0.46550155555525463,19.9
205,0.17158948403668692,-0.2832205920185104,2.497525564890178,-2.113985611426823,-1.113678435818876,-1.3246073577925102,29.0
121,0.2249829435133682,-0.2832205920185104,-0.4929278074702274,1.041588366041316,1.1380197494904365,-0.46550155555525463,13.6
318,-2.7562767116755915,-0.2832205920185104,-0.4929278074702274,0.20702680332840304,-0.10539343760604511,0.9847855275435698,16.1
186,0.44251581548950597,-0.2832205920185104,1.215902691021433,-0.9391521669210914,-1.357105266663126,-0.7174088501095686,32.0
180,0.42860569578616264,-0.2832205920185104,0.04108172330841648,-0.08668155779803001,-0.05006915786871551,-0.5048165668440783,22.9
67,0.09379981461875685,-0.2832205920185104,-0.4929278074702274,1.10964274239988,-0.7471550825590678,1.2002900338674911,23.3
74,0.44251581548950597,-0.2832205920185104,0.5750912540870603,-1.3188239508162363,-0.8398232511190947,-0.9431061371380001,24.8
341,-0.013201106176195406,-0.2832205920185104,2.9247331895130935,-1.1612243424069308,-0.5784160293602127,-1.4294473878960396,30.3
57,0.41501657884520327,-0.2832205920185104,-0.4929278074702274,0.8983159947601292,0.485193248589948,-0.46550155555525463,15.6
148,-3.7765304914554605,-0.2832205920185104,-0.4929278074702274,1.10964274239988,-0.3709499803452269,0.9847855275435698,15.0
206,0.04950143340964676,-0.2832205920185104,-0.4929278074702274,0.8983159947601292,1.3565506544528885,-0.46550155555525463,12.7
157,0.2367530448008132,-0.2832205920185104,-0.4929278074702274,0.5401350665571623,0.20442252892300036,2.0841497321014133,20.3
165,-2.859853603005105,-0.2832205920185104,-0.4929278074702274,1.10964274239988,3.345458511009885,0.9847855275435698,7.0
216,0.39062036890395446,3.530816713830763,-0.4929278074702274,1.0200975103491383,-1.3598714806499923,0.9847855275435698,50.0
181,0.38698233759692574,-0.2832205920185104,-0.4929278074702274,0.9556249432726043,2.3150438009021226,1.2002900338674911,14.6
321,-1.546952304851041,-0.2832205920185104,-0.4929278074702274,1.10964274239988,1.008007692107712,0.9847855275435698,16.3
99,0.20508077224550694,-0.2832205920185104,0.44692896670018584,-0.713498182153222,-0.45255329295778796,-0.7974949842164313,24.5
229,0.3973614269140364,-0.2832205920185104,-0.4929278074702274,0.38611726742988656,0.30262312545676046,0.9847855275435698,19.1
338,0.42261364422164527,-0.2832205920185104,-0.4929278074702274,1.070242840297554,-0.026556338980350466,1.5366517971163152,19.2
177,0.3986454379635759,3.530816713830763,-0.4929278074702274,-0.4663533416931748,0.09930639742207427,0.3717625737437654,23.3
173,0.09700984224260553,-0.2832205920185104,-0.4929278074702274,-0.5988802851282727,-0.01687459002631776,-1.0115433790111374,17.2
137,0.44251581548950597,-0.2832205920185104,-0.4929278074702274,1.041588366041316,2.492081496061577,0.9847855275435698,7.2
91,0.07175762493499666,-0.2832205920185104,1.0022988787099754,-1.637604976916877,-0.6862983748480053,-0.7683727536321177,19.4
353,0.38302330352751246,3.530816713830763,0.3614874417756028,-0.269353831181543,0.11866989533013969,-0.6373227160027058,20.7
234,0.44251581548950597,-0.2832205920185104,-0.4929278074702274,-0.02937260928555499,-0.43042358106285616,-0.7829338689242745,18.9
305,0.3956494121813169,-0.2832205920185104,0.04108172330841648,0.9054796133241887,1.0591826508647417,-0.5048165668440783,15.0
98,0.44251581548950597,-0.2832205920185104,-0.4929278074702274,-0.13324507846441563,0.017703084809513207,-0.2398042685268233,21.2
383,0.3295228431300363,-0.2832205920185104,3.3519408141360088,-1.247187765175643,-1.339124875748494,-1.1047345168809413,44.0
11,0.3905133679831596,-0.2832205920185104,-0.4929278074702274,1.045170175323346,1.1795129592934337,1.5366517971163152,13.3
282,-3.5688417041924585,-0.2832205920185104,-0.4929278074702274,0.5616259222493406,0.602757343031773,0.9847855275435698,19.0
159,0.4066705070231973,-0.2832205920185104,-0.4929278074702274,0.1747905197901363,-0.6351234160909756,-1.1542423088742746,22.0
340,0.44251581548950597,-0.2832205920185104,-0.4929278074702274,0.25000851471275914,-1.1869831064708376,-1.2299601083934903,38.7
358,0.42881969762775235,-0.2832205920185104,2.711129377201636,-1.9062406730691024,-1.4954159660064499,-1.2212234392181964,34.9
257,-1.0733662294125823,-0.2832205920185104,-0.4929278074702274,0.7514618141969129,0.501790532511147,0.9847855275435698,16.4
285,-1.3689027726482403,-0.2832205920185104,-0.4929278074702274,0.3646264117377087,-0.09017926067827932,1.2002900338674911,23.8
83,0.04982243617203132,3.530816713830763,-0.4929278074702274,-0.09026336708005948,-0.6558700209924739,-0.747987192223098,29.0
277,0.28779248402000523,-0.2832205920185104,-0.4929278074702274,-1.5480597448661353,-0.3903134782532921,-1.1789962048709413,19.3
304,0.23504103006809368,-0.2832205920185104,-0.4929278074702274,-1.8632589616847461,-1.2270932092804017,-0.747987192223098,46.7
89,0.3986454379635759,-0.2832205920185104,0.3614874417756028,0.45775345307047993,-0.4428715440037553,-1.0727000632381962,33.8
2,0.17308749692781672,-0.2832205920185104,1.7499122218000769,-1.6519322140449957,-0.4539363999512212,-0.8761250067940785,24.8
153,0.37617524459663565,-0.2832205920185104,-0.4929278074702274,0.5078987830188955,0.7659639682568951,-0.20922592641329377,17.8
235,0.44251581548950597,-0.2832205920185104,-0.4929278074702274,1.0666610310155238,0.35933051218752327,1.5366517971163152,18.0
396,0.2584742317221882,-0.2832205920185104,-0.4929278074702274,0.991443036092901,0.7244707584538983,0.9847855275435698,14.6
172,0.3739282252599419,-0.2832205920185104,1.4295065033328904,-1.530150698455987,-1.3723194435908914,-1.1498739742866277,36.4
227,-3.4962950798934807,-0.2832205920185104,-0.4929278074702274,1.10964274239988,2.98446758572381,0.9847855275435698,17.9
19,0.42956870407331693,-0.2832205920185104,-0.4929278074702274,1.10964274239988,0.5253033513995118,0.9847855275435698,18.4
200,0.40560049781524754,3.530816713830763,1.215902691021433,-1.483587177789601,-1.1938986414380037,-0.7174088501095686,33.1
68,0.4321367261723959,-0.2832205920185104,3.3519408141360088,-1.6877503068652924,-1.1039966868648434,-1.4731307337725101,35.4
283,0.4049584922904778,-0.2832205920185104,-0.4929278074702274,0.4935715458907766,-0.6766166258939725,-0.20922592641329377,21.6
207,0.44251581548950597,-0.2832205920185104,-0.4929278074702274,1.030842938195227,2.2818492330597246,1.2002900338674911,11.8
60,0.4194036165977966,-0.2832205920185104,1.0022988787099754,-0.7063345635891628,-1.009945411311383,-1.4294473878960396,32.7
20,0.3655821534379353,-0.2832205920185104,-0.4929278074702274,-1.1074972031764858,-0.9836663784361516,-0.8950544566738824,22.2
294,0.44251581548950597,-0.2832205920185104,-0.4929278074702274,1.10964274239988,2.142155426722968,0.9847855275435698,10.5
194,0.4217576368552852,-0.2832205920185104,0.3614874417756028,-0.36964449107837366,-0.7001294447823376,-0.6373227160027058,24.4
279,0.4335277381427302,-0.2832205920185104,-0.4929278074702274,-0.2120448826690682,-0.9809001644492851,-1.1542423088742746,28.7
124,-0.27909839435165196,-0.2832205920185104,-0.4929278074702274,0.5866985872235484,2.0176757973139763,0.9847855275435698,8.5
17,0.4201526230433612,-0.2832205920185104,-0.4929278074702274,-0.33740820754010664,-0.30871016564073106,-0.8950544566738824,18.5
111,-0.17787552327962677,3.530816713830763,-0.4929278074702274,0.8445888555296842,-1.00856230431795,1.2002900338674911,27.0
80,0.3822742970819479,-0.2832205920185104,-0.4929278074702274,0.19269956620028467,-0.81216111125043,-1.0610511710044708,29.9
250,-2.4415870036176366,-0.2832205920185104,-0.4929278074702274,0.7192255306586457,1.9153258797999166,0.9847855275435698,10.4
228,-0.4376737589697711,-0.2832205920185104,-0.4929278074702274,1.0344247474772572,1.8821313119575187,0.9847855275435698,17.2
40,0.015475140596851868,-0.2832205920185104,-0.4929278074702274,0.8875705669140403,2.147687854696701,1.2002900338674911,17.8
278,0.3621581239724969,-0.2832205920185104,-0.4929278074702274,-1.039442826817922,-0.4484039719774881,-0.6446032736487842,21.2
336,0.3003115917530148,-0.2832205920185104,0.9595781162476839,-1.8131136317363308,-0.5701173873996133,-0.7640044190444706,26.4
95,0.36943418658655375,-0.2832205920185104,-0.4929278074702274,0.09240890630345348,-1.1150615428123092,-0.747987192223098,31.5
239,0.44251581548950597,-0.2832205920185104,-0.4929278074702274,0.8123525719914174,0.8199051410007915,-0.46550155555525463,15.2
160,0.3645121442299861,3.530816713830763,-0.4929278074702274,1.045170175323346,-1.5037146079670494,1.2002900338674911,50.0
30,-3.7669004085839153,-0.2832205920185104,-0.4929278074702274,0.4040263138400349,0.5737120961696753,0.9847855275435698,13.5
292,0.24295909820692024,-0.2832205920185104,-0.4929278074702274,0.8768251390679515,0.568179668195942,1.5366517971163152,17.4
378,-0.08200269824734978,3.530816713830763,-0.4929278074702274,0.737134577068794,-0.5410721405375151,0.9847855275435698,50.0
90,0.44251581548950597,-0.2832205920185104,1.4295065033328904,-1.0788427289202485,-1.0237764812457155,-1.1498739742866277,34.9
251,0.4034604793993486,3.530816713830763,-0.4929278074702274,0.8266798091195359,0.6193546269529719,-0.10875423089741142,21.7
100,0.3946864038941626,-0.2832205920185104,3.138337001824551,-1.4800053685075714,-0.8896151028826913,-1.0464900557123138,23.1
317,0.41961761843938633,-0.2832205920185104,-0.4929278074702274,0.3896990767119165,-0.4663843628921203,-0.4043448713281958,27.5
105,0.07999669583620778,-0.2832205920185104,-0.4929278074702274,0.869661520503892,1.4450695020326152,0.9847855275435698,13.9
219,0.41202055306294494,-0.2832205920185104,-0.4929278074702274,0.991443036092901,0.5087060674783128,-0.4043448713281958,19.5
7,0.4127695595085095,-0.2832205920185104,-0.4929278074702274,-0.36964449107837366,-1.0486724071275138,-1.3333440269678043,28.7
187,0.2200609011568006,-0.2832205920185104,-0.4929278074702274,1.10964274239988,1.0398191529566765,0.9847855275435698,12.1
27,0.352849043863336,-0.2832205920185104,-0.4929278074702274,0.987861226810871,0.5045567464980134,0.9847855275435698,12.6
339,0.4281776921029826,-0.2832205920185104,0.40420820423789433,-0.8352796977422308,0.09100775546147477,-0.8295294378591765,19.7
360,0.21749287905772166,-0.2832205920185104,-0.4929278074702274,1.0845700774256721,0.5460499563010102,0.9847855275435698,17.8
369,0.4353467537962446,-0.2832205920185104,-0.4929278074702274,-0.36606268179634416,-0.008575948065718257,-0.20922592641329377,21.0
79,0.20475976948312236,-0.2832205920185104,-0.4929278074702274,-0.050863464977733315,-0.15656839636307482,0.9847855275435698,29.8
362,0.42079462856813094,-0.2832205920185104,-0.4929278074702274,-0.5917166665642133,-0.25200277890996825,-0.10875423089741142,24.4
280,0.3249218035358539,-0.2832205920185104,-0.4929278074702274,0.15329966409795798,-1.427643723328221,-0.747987192223098,41.7
51,0.44251581548950597,-0.2832205920185104,-0.4929278074702274,0.5007351644548361,0.16569553310686977,0.9847855275435698,19.5
190,0.24435011017725458,-0.2832205920185104,-0.4929278074702274,0.4828261180446877,0.8254375689745248,0.9847855275435698,23.2
287,0.44251581548950597,-0.2832205920185104,0.04108172330841648,0.9699521804007226,0.8793787417184207,-0.5048165668440783,27.1
245,0.14719327409543811,-0.2832205920185104,-0.4929278074702274,0.9735339896827526,-1.2575215631359329,1.2002900338674911,50.0
101,0.4283916939445723,-0.2832205920185104,-0.4929278074702274,0.08166347845736457,-0.7084280867429371,-0.4043448713281958,26.5
58,0.3076946552878665,-0.2832205920185104,3.5655446264474664,-1.9742950494276659,-1.15378853862844,-1.4367279455421178,32.9
182,0.23686004572160804,-0.2832205920185104,1.4295065033328904,-1.702077543993411,-1.0638865840552794,-1.1498739742866277,37.0
15,0.405279495052863,-0.2832205920185104,0.3614874417756028,0.9126432318882481,-0.21327578309383763,-1.0727000632381962,31.0
24,0.44251581548950597,-0.2832205920185104,0.04108172330841648,0.4971533551728066,0.06611182957967651,-0.5048165668440783,18.9
402,0.44251581548950597,-0.2832205920185104,-0.4929278074702274,-0.9570612133312397,-0.33083987753566285,0.3761309083314124,21.7
192,0.35124403005141197,-0.2832205920185104,0.3614874417756028,0.7299709585047351,-0.7651354734736999,-1.0727000632381962,43.1
201,0.44251581548950597,-0.2832205920185104,-0.4929278074702274,0.4828261180446877,-1.141340575687541,-0.20922592641329377,22.8
202,0.4087035245183014,-0.2832205920185104,0.44692896670018584,-1.8453499152745978,-0.8619529630140266,-0.7974949842164313,26.2
439,-3.066579381980953,-0.2832205920185104,-0.4929278074702274,0.6762438192742901,2.936058840953647,0.9847855275435698,8.4
505,0.39800343243880615,-0.2832205920185104,-0.4929278074702274,0.5902803965055778,0.8309699969482577,-0.6446032736487842,16.6
484,0.44251581548950597,-0.2832205920185104,-0.4929278074702274,-0.7528980842555485,-0.43872222302345565,-0.9969822637189805,23.9
443,0.35424005583367035,-0.2832205920185104,0.3614874417756028,-0.964224831895299,0.028767940756979127,-0.6373227160027058,21.1
456,0.44251581548950597,-0.2832205920185104,-0.4929278074702274,-1.6734230697371737,-0.26583384884430084,-0.10875423089741142,22.6
409,0.3943654011317774,-0.2832205920185104,0.3614874417756028,-0.22279031051515738,-0.32392434256849684,-1.0727000632381962,22.8
478,0.44251581548950597,-0.2832205920185104,-0.4929278074702274,-0.23353573836124628,-0.9131279217710563,-1.2299601083934903,33.2
455,-1.9931461445659917,-0.2832205920185104,-0.4929278074702274,1.10964274239988,0.533601993360111,1.2002900338674911,15.6
421,0.41822660646905196,-0.2832205920185104,-0.4929278074702274,-0.8316978884602013,-1.362637694636859,-1.3333440269678043,33.4
474,0.42678668013264826,3.530816713830763,-0.4929278074702274,0.5150624015829549,-0.18146432224487308,0.9847855275435698,22.7
441,0.18132656782902784,-0.2832205920185104,0.44692896670018584,0.26791756112290754,-0.04038740891468281,-0.7974949842164313,17.6
446,-0.36940717150259167,3.530816713830763,-0.4929278074702274,0.9663703711186932,0.3219866233648256,1.2002900338674911,17.0
436,0.39682642231006154,-0.2832205920185104,-0.4929278074702274,-0.5523167644618868,-1.15378853862844,-1.292572904149765,50.0
485,0.44251581548950597,-0.2832205920185104,-0.4929278074702274,-0.6848437078969848,-0.7042787657626374,-0.576166031775647,20.4
410,0.3350868910113743,-0.2832205920185104,0.3614874417756028,0.8051889534273581,-0.9518549175871871,-1.0727000632381962,48.8
453,0.44251581548950597,-0.2832205920185104,-0.4929278074702274,-0.44128067671896704,0.2721947716012291,0.9847855275435698,20.1
503,-1.3155093131715594,-0.2832205920185104,-0.4929278074702274,0.4649170716345394,2.063318328097273,-0.46550155555525463,13.2
477,0.44251581548950597,-0.2832205920185104,-0.4929278074702274,0.8195161905554769,0.6110559849923727,0.9847855275435698,10.4
444,0.4160865880531531,-0.2832205920185104,-0.4929278074702274,1.00218846393899,0.5972249150580401,0.9847855275435698,15.1
490,0.44251581548950597,-0.2832205920185104,-0.4929278074702274,-0.5809712387181244,-0.9421731686331544,-0.20922592641329377,22.1
460,-3.6283342161544523,-0.2832205920185104,-0.4929278074702274,1.10964274239988,1.082695469753107,0.9847855275435698,8.8
432,0.4360957602418092,-0.2832205920185104,-0.4929278074702274,0.7657890513250318,-0.14826975440247533,-0.20922592641329377,19.4
457,0.44251581548950597,-0.2832205920185104,1.215902691021433,-1.322405760098266,-0.7748172224277324,-0.7174088501095686,29.1
429,-0.7121311208088235,-0.2832205920185104,-0.4929278074702274,-1.1612243424069308,-0.15241907538277522,-0.46550155555525463,20.2
496,0.44251581548950597,-0.2832205920185104,0.44692896670018584,-2.1712945599392977,-1.2796512750308648,-0.7974949842164313,42.8
482,-3.343604765919084,-0.2832205920185104,-0.4929278074702274,0.923388659734337,1.5474194195466753,0.9847855275435698,11.8
433,-0.5577287921017072,-0.2832205920185104,-0.4929278074702274,0.5974440150696373,0.5142384954520461,-0.46550155555525463,13.9
449,0.30159560280255426,-0.2832205920185104,-0.4929278074702274,-2.2357671270158317,-0.8398232511190947,-0.07671977725466621,24.2
442,0.4241116571127745,-0.2832205920185104,2.9247331895130935,-1.788040966762123,-0.48989718178048536,-1.1207517437023138,20.9
466,-0.6254603749649125,-0.2832205920185104,-0.4929278074702274,0.9699521804007226,-0.23402238799533626,1.2002900338674911,23.8
504,0.23140299876106557,-0.2832205920185104,-0.4929278074702274,-2.2500943641439504,-0.7264084776575692,-0.07671977725466621,23.4
499,-1.8851822154838849,-0.2832205920185104,-0.4929278074702274,1.10964274239988,0.966514482304715,0.9847855275435698,27.5
470,0.44251581548950597,-0.2832205920185104,1.215902691021433,-0.8818432184086166,-0.9421731686331544,-1.468762399184863,22.9
497,0.36226512489329177,-0.2832205920185104,-0.4929278074702274,-1.0931699660483671,-0.835673930138795,-0.8950544566738824,20.7
413,0.389336357854415,-0.2832205920185104,0.3614874417756028,1.10964274239988,-0.8149273252372964,-1.0727000632381962,30.1
435,0.38302330352751246,3.530816713830763,-0.4929278074702274,0.7872799070172096,0.06611182957967651,0.9847855275435698,21.7
494,0.38826634864646525,-0.2832205920185104,-0.4929278074702274,0.020772720662860084,-0.2008278201529385,-1.2299601083934903,21.4
492,0.44251581548950597,-0.2832205920185104,0.04108172330841648,-1.1540607238428715,0.04121590369787825,-0.7669166421029019,17.4
447,0.11348798404502779,-0.2832205920185104,-0.4929278074702274,1.10964274239988,-0.45117018596435476,0.9847855275435698,50.0
414,0.3898713624583899,-0.2832205920185104,-0.4929278074702274,1.0666610310155238,0.5986080220514736,0.9847855275435698,13.1
468,0.44251581548950597,-0.2832205920185104,2.9247331895130935,-1.4728417499435122,-1.3086965218929627,-0.9300011333750589,28.5
405,0.39222538271587853,-0.2832205920185104,2.9247331895130935,-1.1003335846124265,-0.8536543210534271,-1.4294473878960396,34.6
420,0.4351327519546543,-0.2832205920185104,0.04108172330841648,-1.7056593532754407,-0.6489544860253078,-0.7669166421029019,22.0
458,0.44251581548950597,-0.2832205920185104,-0.4929278074702274,0.9198068504523076,0.4921087835571143,0.9847855275435698,12.7
412,0.20508077224550694,-0.2832205920185104,0.7886950663985178,-2.192785415631476,-1.0514386211143802,-0.9329133564334903,23.7
438,0.44251581548950597,-0.2832205920185104,-0.4929278074702274,0.9198068504523076,0.7673470752503285,1.5366517971163152,14.3
487,0.44251581548950597,-0.2832205920185104,-0.4929278074702274,-0.3768081096424331,-0.48436475380675253,-0.8950544566738824,18.7
502,-2.9114280468282723,-0.2832205920185104,-0.4929278074702274,0.6117712521977556,0.670529585710002,0.9847855275435698,14.5
451,-0.01769514484958357,-0.2832205920185104,-0.4929278074702274,1.10964274239988,-0.8799333539286587,1.2002900338674911,24.3
454,0.44251581548950597,-0.2832205920185104,0.3614874417756028,-1.888331626658954,-0.8578036420337268,-0.6373227160027058,25.2
459,0.42956870407331693,-0.2832205920185104,-0.4929278074702274,0.6547529635821118,-0.4857478608001857,-0.20922592641329377,23.8
422,0.3682571764578091,-0.2832205920185104,-0.4929278074702274,-0.3338263982580769,-0.5728836013864796,-1.375571261315059,16.5
425,0.2504491626625668,-0.2832205920185104,-0.4929278074702274,0.049427194919097854,-1.222943888300102,-0.747987192223098,48.3
448,-0.009028070265192414,-0.2832205920185104,-0.4929278074702274,0.6762438192742901,-0.7844989713817652,0.9847855275435698,27.5
467,0.19384567556203744,-0.2832205920185104,-0.4929278074702274,0.1962813754823141,-0.11369207956664436,0.21741475164690252,20.0
486,0.4289266985485472,-0.2832205920185104,2.711129377201636,-1.691332116147322,-1.171768929543072,-1.2212234392181964,30.8
471,-0.1809785499826806,-0.2832205920185104,-0.4929278074702274,0.14613604553389853,0.3565642982006566,-0.19320869959192127,20.4
428,0.44251581548950597,-0.2832205920185104,-0.4929278074702274,0.3538809838916198,-0.5051113587082509,-0.6213054891813332,21.6
479,-0.052363443187148195,-0.2832205920185104,-0.4929278074702274,0.7908617162992392,0.19335767297553447,0.9847855275435698,19.9
476,0.3787432666957146,-0.2832205920185104,2.9247331895130935,-1.408369182866978,-0.9407900616397211,-1.358097922964471,24.5
465,0.44251581548950597,-0.2832205920185104,-0.4929278074702274,0.7335527677867646,2.655288121286699,0.9847855275435698,7.4
464,0.4293547022317272,-0.2832205920185104,-0.4929278074702274,0.8195161905554769,0.8116064990401922,-0.4043448713281958,19.5
472,0.3238517943279042,-0.2832205920185104,-0.4929278074702274,-1.3152421415342068,-0.47191679086585314,-0.10875423089741142,28.1
424,0.40806151899353166,-0.2832205920185104,0.9168573537853923,-1.0000429247155955,-0.8107780042569968,-1.3333440269678043,36.1
440,0.3766032482798157,-0.2832205920185104,-0.4929278074702274,0.4398444066603316,-0.01687459002631776,0.9847855275435698,22.6
469,-3.429312503475841,-0.2832205920185104,-0.4929278074702274,1.10964274239988,1.1656818893591012,0.9847855275435698,17.2
493,0.27580838089097054,3.530816713830763,-0.4929278074702274,-0.35531725395025504,0.25836370166689676,-0.10875423089741142,24.4
491,0.40463748952809325,-0.2832205920185104,0.9168573537853923,-0.39113534677055173,-0.534156605570349,-1.3333440269678043,28.4
406,0.44251581548950597,-0.2832205920185104,-0.4929278074702274,1.0666610310155238,1.1684481033459675,0.9847855275435698,13.3
426,0.44251581548950597,-0.2832205920185104,-0.4929278074702274,1.10964274239988,3.03979186546114,0.9847855275435698,13.8
500,0.4284986948653672,-0.2832205920185104,-0.4929278074702274,0.4505898345064205,-0.3640344453780606,-0.19320869959192127,22.8
462,0.40335347847855374,-0.2832205920185104,0.254685535619874,-0.34099001682213637,-0.6558700209924739,-1.4498329493050592,33.0
415,-0.3805352672652663,-0.2832205920185104,-0.4929278074702274,0.9412977061444854,0.40220682898395343,0.9847855275435698,14.2
404,0.3481410033483581,-0.2832205920185104,-0.4929278074702274,0.8804069483499809,1.5723153454284735,1.5366517971163152,14.0
488,0.39896644072596044,-0.2832205920185104,-0.4929278074702274,-0.2836810683096616,-1.2118790323526358,-0.6213054891813332,34.7
431,0.36986219026973377,-0.2832205920185104,-0.4929278074702274,1.0666610310155238,0.7300031864276312,2.3884770417074916,13.6
495,-0.3936963805230456,-0.2832205920185104,-0.4929278074702274,1.10964274239988,0.3081555534304933,0.9847855275435698,16.7
498,0.44251581548950597,-0.2832205920185104,-0.4929278074702274,-0.8460251255883199,-0.4221249391022566,-0.8950544566738824,19.0
418,-0.03952333269175344,-0.2832205920185104,-0.4929278074702274,0.926970469016367,1.1974933502080656,1.2002900338674911,15.4
489,-0.0027150159382898914,-0.2832205920185104,-0.4929278074702274,1.045170175323346,0.6829775486509011,0.9847855275435698,15.2
417,0.4165145917363331,-0.2832205920185104,-0.4929278074702274,0.6583347728641418,0.08962464846804157,-0.4043448713281958,19.3
434,0.44251581548950597,-0.2832205920185104,-0.4929278074702274,0.9520431339905743,-0.9836663784361516,-1.292572904149765,32.5
463,0.40806151899353166,-0.2832205920185104,-0.4929278074702274,-1.9456405751714285,-1.0666527980421459,-0.576166031775647,24.6
445,0.44251581548950597,-0.2832205920185104,-0.4929278074702274,-0.5379895273337683,-0.10815965159291153,-0.2398042685268233,21.8
430,0.3718952077648378,-0.2832205920185104,0.3614874417756028,-0.5881348572821836,-1.3322093407813276,-1.0727000632381962,43.5
481,0.4032464775577589,-0.2832205920185104,-0.4929278074702274,-0.7815525585117857,-0.3709499803452269,-1.0610511710044708,23.2
483,0.44251581548950597,-0.2832205920185104,-0.4929278074702274,0.42193536025018324,-0.679382839880839,0.08636471401749063,11.9
419,0.44251581548950597,-0.2832205920185104,-0.4929278074702274,1.0344247474772572,0.7839443591715275,1.5366517971163152,17.8
408,0.4237906543503893,-0.2832205920185104,-0.4929278074702274,-0.4376988674369376,-0.6019288482485777,-0.9969822637189805,22.2
450,-0.5647908528741744,-0.2832205920185104,-0.4929278074702274,1.0165157010671089,1.5640167034678742,0.9847855275435698,13.3
437,0.41640759081553763,-0.2832205920185104,-0.4929278074702274,-2.2393489362978616,-0.7402395475919015,-0.6446032736487842,24.7
461,0.41169955030055977,-0.2832205920185104,1.0022988787099754,-1.454932703533364,-0.05006915786871551,-0.7683727536321177,17.1
475,0.4281776921029826,-0.2832205920185104,-0.4929278074702274,0.511480592300925,-0.7236422636707027,-1.292572904149765,39.8
416,0.29164451716862366,-0.2832205920185104,2.9247331895130935,-1.6877503068652924,-0.6558700209924739,-1.3726590382566277,18.2
423,0.44251581548950597,-0.2832205920185104,3.138337001824551,-1.1934606259451979,-0.9712184154952525,-1.543024087174863,24.7
452,0.44251581548950597,-0.2832205920185104,-0.4929278074702274,0.1389724269698396,1.1546170334116355,-0.2398042685268233,19.7
501,0.3157197243474879,-0.2832205920185104,-0.4929278074702274,0.33239012819944147,-1.1966648554248702,-0.747987192223098,44.8
427,0.41116454569658545,-0.2832205920185104,0.40420820423789433,-0.21562669195109793,-0.4650012558986871,-0.8295294378591765,20.5
473,0.30940667002058536,-0.2832205920185104,3.3519408141360088,-1.1791333888170792,-1.1468730036612738,-1.3566418114352552,30.1
407,0.2618982611876266,-0.2832205920185104,-0.4929278074702274,0.5544623036852812,-0.3502033754437283,-0.46550155555525463,18.2
411,0.37285821605199215,3.530816713830763,-0.4929278074702274,0.3108992725072637,-0.3958459062270252,-0.747987192223098,27.5
480,0.418654610152232,-0.2832205920185104,-0.4929278074702274,1.045170175323346,0.5764783101565417,1.5366517971163152,18.1
