{"last_tab":"","layout_set":"2","xamin_layout_image":{"url":"","id":"","height":"","width":"","thumbnail":""},"xamin_layout_color":"#ffffff","xamin_back_to_top":"yes","xamin_fevicon":{"url":"https:\/\/wordpress.iqonic.design\/xamin-wpbakery\/wp-content\/themes\/xamin\/assets\/images\/favicon.ico","id":"","height":"","width":"","thumbnail":""},"xamin_map":"","header_radio":"2","xamin_logo":{"url":"https:\/\/wordpress.iqonic.design\/xamin-wpbakery\/wp-content\/uploads\/2020\/09\/logo.png","id":"3939","height":"254","width":"600","thumbnail":"https:\/\/wordpress.iqonic.design\/xamin-wpbakery\/wp-content\/uploads\/2020\/09\/logo-150x150.png"},"logo-dimensions":{"width":"","height":"","units":"px"},"header_text":"xamin","header_font":{"font-family":"PT+Sans","font-options":"","google":"1","font-weight":"","font-style":"","subsets":"","font-size":""},"header_color":"#ffffff","xamin_display_loader":"yes","loader_color":"#ffffff","xamin_loader_gif":{"url":"https:\/\/wordpress.iqonic.design\/xamin-wpbakery\/wp-content\/themes\/xamin\/assets\/images\/loader.gif","id":"","height":"","width":"","thumbnail":""},"loader-dimensions":{"width":"","height":"","units":"px"},"xamin_page_banner_image":{"url":"https:\/\/wordpress.iqonic.design\/xamin-wpbakery\/wp-content\/themes\/xamin\/assets\/images\/banner\/bg.png","id":"","height":"","width":"","thumbnail":""},"bg_image":"2","display_banner":"yes","banner_height_switch":"yes","banner_height":{"height":"","units":"px"},"banner_top_padding":"","banner_bottom_padding":"","display_breadcrumbs":"yes","breadcumb_color":"","breadcumb_active_color":"","breadcumb_sep_color":"","display_title":"yes","breadcum_title_tag":"h2","bg_title_color":"","bg_type":"1","banner_image":{"url":"https:\/\/wordpress.iqonic.design\/xamin-wpbakery\/wp-content\/themes\/xamin\/assets\/images\/bg.jpg","id":"","height":"","width":"","thumbnail":""},"bg_color":"#eff1fe","bg_video_link":"http:\/\/localhost\/xamin\/wordpress\/wp-content\/uploads\/2019\/08\/SampleVideo.mp4","bg_opacity":"1","opacity_color":{"color":"","alpha":"1","rgba":""},"xamin_header_variation":"1","email_and_button":"yes","header_phone":"+0123456789","header_email":"support@iqnonicthemes.com","header_address":"1234 North Avenue Luke Lane, South Bend, IN 360001","header_display_contact":"yes","xamin_header_social_media":"yes","header_display_button":"yes","xamin_download_title":"Get Started","xamin_download_link":"#","navbar_height_switch":"no","navbar_height":{"height":"","units":"px"},"navbar_back_color":"#ffffff","sticky_navbar_height_switch":"no","navbar_height_sticky":{"height":"","units":"px"},"sticky_navbar_back_color":"#ffffff","menu_switch":"no","menu_font":{"font-family":"PT+Sans","font-options":"","google":"1","font-weight":"","font-style":"","subsets":"","font-size":""},"menu_text_color":"#ffffff","sub_menu_switch":"no","sub_menu_font":{"font-family":"PT+Sans","font-options":"","google":"1","font-weight":"","font-style":"","subsets":"","font-size":""},"sub_menu_text_color":"#ffffff","display_footer":"no","footer_image":{"url":"https:\/\/wordpress.iqonic.design\/xamin-wpbakery\/wp-content\/themes\/xamin\/assets\/images\/footer-img.jpg","id":"","height":"","width":"","thumbnail":""},"change_footer_color":"0","footer_color":"#eff1fe","xamin_footer_top":"yes","xamin_footer_width":"4","footer_one":"1","footer_two":"1","footer_three":"1","footer_fore":"1","footer_five":"1","display_copyright":"yes","footer_copyright_align":"3","footer_copyright":"Copyright 2021 <a href=\"xamin\">Xamin<\/a> All Rights Reserved.","address":"1234 North Avenue Luke Lane, South Bend, IN 360001","phone":"+0123456789","second_phone":"+0123456789","email":"support@iqnonicthemes.com","second_email":"support@iqnonicthemes.com","social-media-iq":{"facebook-f":"#","twitter":"#","google-plus-g":"","github":"","instagram":"#","linkedin":"","tumblr":"","pinterest":"","dribbble":"","reddit":"","flickr":"","skype":"","youtube-play":"","vimeo":"","soundcloud":"","wechat":"","renren":"","weibo":"","xing":"","qq":"","rss":"","vk":"","behance":"","snapchat":""},"xamin_404_banner_image":{"url":"https:\/\/wordpress.iqonic.design\/xamin-wpbakery\/wp-content\/themes\/xamin\/assets\/images\/backend\/404.png","id":"","height":"","width":"","thumbnail":""},"xamin_fourzerofour_title":"Oops! This Page is Not Found.","xamin_four_description":"The requested page does not exist.","xamin_blog_banner_image":{"url":"https:\/\/wordpress.iqonic.design\/xamin-wpbakery\/wp-content\/themes\/xamin\/assets\/images\/banner\/bg.png","id":"","height":"","width":"","thumbnail":""},"xamin_blog":"1","xamin_display_pagination":"yes","xamin_display_image":"yes","xamin_blog_type":"1","xamin_display_comment":"yes","portfolio_top":"yes","portfolio_sub_title":"We work with you to address your most critical business priorities.","portfolio_title_desc":"There are many variations of passages of Lorem Ipsum available, but the majority have suffered alteration in some form, by injected humour, or randomised words which don\u2019t look even slightly believable.","xamin_recent_portfolio":"no","portfolio_title":"Recent Portfolio","portfolio_title_contant":"It is a long established fact that a reader will be distracted","xamin_page_variation":"1","xamin_search_variation":"1","xamin_change_font":"0","body_font":{"font-family":"Poppins","font-options":"","google":"1","font-backup":"","font-weight":"","font-style":"","subsets":"","font-size":""},"h1_font":{"font-family":"PT+Sans","font-options":"","google":"1","font-weight":"","font-style":"","subsets":"","font-size":""},"h2_font":{"font-family":"PT+Sans","font-options":"","google":"1","font-weight":"","font-style":"","subsets":"","font-size":""},"h3_font":{"font-family":"PT+Sans","font-options":"","google":"1","font-weight":"","font-style":"","subsets":"","font-size":""},"h4_font":{"font-family":"PT+Sans","font-options":"","google":"1","font-weight":"","font-style":"","subsets":"","font-size":""},"h5_font":{"font-family":"PT+Sans","font-options":"","google":"1","font-weight":"","font-style":"","subsets":"","font-size":""},"h6_font":{"font-family":"PT+Sans","font-options":"","google":"1","font-weight":"","font-style":"","subsets":"","font-size":""},"primary_color":"#437eeb","secondary_color":"#313e5b","tertiary_color":"#525f81","xamin_css_code":"","xamin_js_code":"jQuery(document).ready(function($){\r\n\r\n});","display_subscribe":"yes","xamin_subscribe":"[mc4wp_form id=\"3770\"]","lazy_load":"no","cookie":"no","mainte_mode":"no","maintenance_radio":"1","maintenance_bg_image":{"url":"https:\/\/wordpress.iqonic.design\/xamin-wpbakery\/wp-content\/themes\/xamin\/assets\/images\/maintenance.jpg","id":"","height":"","width":"","thumbnail":""},"maintenance_title":"Sorry,we are down for maintenance","mainten_desc":"We will be back shortly","coming_soon_bg_image":{"url":"https:\/\/wordpress.iqonic.design\/xamin-wpbakery\/wp-content\/themes\/xamin\/assets\/images\/maintenance.jpg","id":"","height":"","width":"","thumbnail":""},"coming_title":"Coming Soon","coming_desc":"We will be back with new and professional Ideas","opt_date":"","redux-backup":1}